canal,titulo,url,estado
"7mlc","ASMR SOLO Training in Nike Mercurial Superfly 11 Elite","https://www.youtube.com/watch?v=CyhuUNT29_s","localizado; visionado pendiente"
"7mlc","PEGA el balón a tu pie con estos 5 ejercicios | Entrenamiento de regate para futbolistas","https://www.youtube.com/watch?v=XiXtFiR_F7M","localizado; visionado pendiente"
"7mlc","ASMR Solo Training in Adidas F50 Hyperfast Elite","https://www.youtube.com/watch?v=ZaV2ZyncDV4","localizado; visionado pendiente"
"7mlc","DOMINA el balón como un PROFESIONAL | 10 ejercicios de regate en espacios reducidos","https://www.youtube.com/watch?v=-UY2lPNeWI8","localizado; visionado pendiente"
"7mlc","ASMR Rainy Solo Training Session In Mizuno Morelia UL","https://www.youtube.com/watch?v=8AtsiJyh6SM","localizado; visionado pendiente"
"7mlc","DOMINA el mediocampo con estas habilidades | 10 ejercicios para maestros del mediocampo","https://www.youtube.com/watch?v=dMawvj1WrE4","localizado; visionado pendiente"
"7mlc","ASMR Solo Training Session In Mizuno Morelia Neo IV AG","https://www.youtube.com/watch?v=xs2WLPj-DBI","localizado; visionado pendiente"
"7mlc","Corrige tu técnica de disparo al instante","https://www.youtube.com/watch?v=j6odw6jtmXc","localizado; visionado pendiente"
"7mlc","10 ejercicios para mejorar tu regate en espacios reducidos","https://www.youtube.com/watch?v=jBMGErjGZOE","localizado; visionado pendiente"
"7mlc","ASMR Solo Dribbling Session For Footballers","https://www.youtube.com/watch?v=CylsxkldtMg","localizado; visionado pendiente"
"7mlc","5 ejercicios de regate para futbolistas | Dribla como un profesional con estos ejercicios","https://www.youtube.com/watch?v=pGbdzkR0ris","localizado; visionado pendiente"
"7mlc","SUPERA a los defensores con este movimiento | Todo regateador de élite domina esta habilidad","https://www.youtube.com/watch?v=3yP8iPTCSoI","localizado; visionado pendiente"
"7mlc","¿Las mejores botas de todos los tiempos? | Reseña y prueba de juego de las Mizuno Morelia DNA","https://www.youtube.com/watch?v=ehir_XpqQ2o","localizado; visionado pendiente"
"7mlc","Aprende este método de definición de élite | Tutorial de remate a un paso","https://www.youtube.com/watch?v=A7InadDKiLY","localizado; visionado pendiente"
"7mlc","10 Ejercicios de control maestro | Mejora tu regate en espacios reducidos","https://www.youtube.com/watch?v=dRS5EgJp-98","localizado; visionado pendiente"
"7mlc","Cómo dominar DE VERDAD la finta de cuerpo","https://www.youtube.com/watch?v=ClB_LhMr1Ec","localizado; visionado pendiente"
"7mlc","Mejora tu primer toque | 5 ejercicios de entrenamiento esenciales para futbolistas","https://www.youtube.com/watch?v=Q-EZJTZl4ng","localizado; visionado pendiente"
"7mlc","ASMR Solo Dribbling Training Session in Nike Mercurial Superfly Elite M'bappe","https://www.youtube.com/watch?v=dFDuNEJy3g8","localizado; visionado pendiente"
"7mlc","Esta sencilla solución podría mejorar tu regate en duelos uno contra uno.","https://www.youtube.com/watch?v=oJnIMTatpIE","localizado; visionado pendiente"
"7mlc","Cómo aumentar la fuerza y la potencia | Rutina de tren superior para futbolistas","https://www.youtube.com/watch?v=O0O90XEX1os","localizado; visionado pendiente"
"7mlc","Ball Mastery Training Session in The Nike Mercurial Superfly 1 RGN","https://www.youtube.com/watch?v=hqlqt6K9sXM","localizado; visionado pendiente"
"7mlc","Cómo regatear como Lamine Yamal | 7mlc x Joner Football","https://www.youtube.com/watch?v=J8Jp5oNPLwg","localizado; visionado pendiente"
"7mlc","Leg Workout For Footballers | Increase Your Speed & Power","https://www.youtube.com/watch?v=HHVF4K2aFTA","localizado; visionado pendiente"
"7mlc","El secreto para un regate de élite | Cómo regatear con mayor eficacia","https://www.youtube.com/watch?v=Zj9igi2B5z0","localizado; visionado pendiente"
"7mlc","Entrené como un futbolista profesional en Corea | Cómo entrenan los jugadores de élite","https://www.youtube.com/watch?v=_RzU3AWMKes","localizado; visionado pendiente"
"7mlc","Entrenando como Messi | Aprende el estilo argentino con G10 Futbol","https://www.youtube.com/watch?v=7ewuRIHSW4M","localizado; visionado pendiente"
"7mlc","Entrenamiento con un delantero profesional en Corea | Sesión completa de entrenamiento de finaliz...","https://www.youtube.com/watch?v=Lfq1i3zWfG8","localizado; visionado pendiente"
"7mlc","Domina el control del balón | 5 maneras de dominarlo","https://www.youtube.com/watch?v=78wxQBE4iv8","localizado; visionado pendiente"
"7mlc","Cómo entrenar como un futbolista profesional | Jornada completa de entrenamiento con Oxidate Perf...","https://www.youtube.com/watch?v=lagdObfKtbA","localizado; visionado pendiente"
"7mlc","5 ejercicios de regate que TODO JUGADOR debería dominar","https://www.youtube.com/watch?v=feA7KafbwdQ","localizado; visionado pendiente"
"7mlc","Sesión de entrenamiento de CENTROCAMPISTA | Mejora tu escaneo, primer toque y toma de decisiones","https://www.youtube.com/watch?v=SM9ECNPk1sA","localizado; visionado pendiente"
"7mlc","Cómo dominar el uno contra uno | Tres consejos sencillos para mejorar tu regate","https://www.youtube.com/watch?v=6Px5YfwvpkM","localizado; visionado pendiente"
"7mlc","Cómo entrenar para mejorar tu RENDIMIENTO EN PARTIDO | Sácale el máximo provecho a tus sesiones i...","https://www.youtube.com/watch?v=U3fn7RmEuRw","localizado; visionado pendiente"
"7mlc","Cómo mejorar el primer toque y la toma de decisiones | Entrenamiento completo con Beestera Soccer","https://www.youtube.com/watch?v=-A1IdK2cw_o","localizado; visionado pendiente"
"7mlc","Regate para principiantes | El plan para el regate uno contra uno con Coerver Coaching","https://www.youtube.com/watch?v=moolvhxe_oc","localizado; visionado pendiente"
"7mlc","MARCA MÁS GOLES con este entrenamiento | Entrenamiento completo de finalización para futbolistas","https://www.youtube.com/watch?v=s9YMGhu-xfY","localizado; visionado pendiente"
"7mlc","How To Train Like a PRO | Full Training Session For Footballers Using No Equipment","https://www.youtube.com/watch?v=1UQd78tzOK8","localizado; visionado pendiente"
"7mlc","Entrenamiento con un entrenador de habilidades de la Premier League | Entrenamiento completo para...","https://www.youtube.com/watch?v=atoaBwRlEkU","localizado; visionado pendiente"
"7mlc","DOMINA tu control con este entrenamiento de 1000 toques | 10 ejercicios de PRIMER TOQUE para futb...","https://www.youtube.com/watch?v=PWxDzlaPIx0","localizado; visionado pendiente"
"7mlc","Morning Routine For Footballers | A Day In The Life","https://www.youtube.com/watch?v=f7C3usFH_Zk","localizado; visionado pendiente"
"7mlc","Entrenamiento en el REAL MADRID | Todo lo que aprendí de la experiencia del Abbott Dream Team","https://www.youtube.com/watch?v=fNPfuvEbnB8","localizado; visionado pendiente"
"7mlc","Individual Dribbling & Finishing Training Session | ASMR Solo Football Training","https://www.youtube.com/watch?v=qg2SKFk1_D8","localizado; visionado pendiente"
"7mlc","Mejora tu precisión al rematar | Cómo marcar desde un ángulo","https://www.youtube.com/watch?v=7Gn9GoEAUWQ","localizado; visionado pendiente"
"7mlc","Solo Training Session in Nike Mecurial Vapor 1 RGN","https://www.youtube.com/watch?v=hCartF0Uy6w","localizado; visionado pendiente"
"7mlc","Cómo crear espacio | Sesión completa de entrenamiento de movimiento para futbolistas","https://www.youtube.com/watch?v=7sSS6eVf0SA","localizado; visionado pendiente"
"7mlc","Multiplica por 10 tu juego de pies con este entrenamiento de más de 1000 toques","https://www.youtube.com/watch?v=hC9s8N4RJ9U","localizado; visionado pendiente"
"7mlc","Sesión de entrenamiento individual con micrófono | Entrenamiento individual de regate y definición","https://www.youtube.com/watch?v=wXI049HMwDQ","localizado; visionado pendiente"
"7mlc","Sé más rápido en el campo | Entrenamiento de velocidad para futbolistas","https://www.youtube.com/watch?v=nD5rQ-UYBh0","localizado; visionado pendiente"
"7mlc","10 ejercicios para dominar tu primer toque | Mejora tu control del balón","https://www.youtube.com/watch?v=ud84rp3Vphs","localizado; visionado pendiente"
"7mlc","Cómo entrenar la toma de decisiones rápida | Sesión completa de entrenamiento para tomar decision...","https://www.youtube.com/watch?v=o3QDCUyQJVY","localizado; visionado pendiente"
"7mlc","Mejora tu regate | 5 ejercicios para mejorar tu habilidad de regate","https://www.youtube.com/watch?v=GtK8pK8Drus","localizado; visionado pendiente"
"7mlc","Clase magistral para delanteros | 5 ejercicios para mejorar el movimiento, el primer toque y la d...","https://www.youtube.com/watch?v=BdCBar17CTU","localizado; visionado pendiente"
"7mlc","5 giros que todo centrocampista debería dominar | Tutorial paso a paso para futbolistas","https://www.youtube.com/watch?v=4-jOdpR_TQw","localizado; visionado pendiente"
"7mlc","How To Train Solo Like a Pro | Dribbling & Ball Mastery Training Session","https://www.youtube.com/watch?v=i3jSMolxtsE","localizado; visionado pendiente"
"7mlc","10 ejercicios para dominar el balón | Mejora tu confianza con el balón","https://www.youtube.com/watch?v=8YXsMK-_NGw","localizado; visionado pendiente"
"7mlc","La jugada más efectiva en el fútbol | 5 ejercicios para dominar la finta corporal","https://www.youtube.com/watch?v=R9OrVXSoVao","localizado; visionado pendiente"
"7mlc","Marca más goles con esta técnica | Tutorial de remate para futbolistas","https://www.youtube.com/watch?v=KJbwHF5BfBo","localizado; visionado pendiente"
"7mlc","15 Minute First Touch Routine For Footballers | Improve Your First Touch","https://www.youtube.com/watch?v=l495UVMwSkk","localizado; visionado pendiente"
"7mlc","Pega el balón a tus pies | Cinco ejercicios para dominar el regate con control","https://www.youtube.com/watch?v=J8HAHeRZfkw","localizado; visionado pendiente"
"7mlc","Todo jugador debería dominar esta técnica | Guía profesional para golpear la pelota","https://www.youtube.com/watch?v=XlP0UONG17c","localizado; visionado pendiente"
"7mlc","10 ejercicios dinámicos de dominio de balón que todo jugador debería dominar | Entrenamiento de m...","https://www.youtube.com/watch?v=qM7mpPEekac","localizado; visionado pendiente"
"7mlc","Perfecciona tu primer toque | 5 ejercicios de primer toque para futbolistas","https://www.youtube.com/watch?v=el7QvVnprOk","localizado; visionado pendiente"
"7mlc","Sunrise Free Kick Session in Adidas Predator 24 Elite","https://www.youtube.com/watch?v=yhS-KtHL2NI","localizado; visionado pendiente"
"7mlc","Cómo marcar más goles | 3 ejercicios de definición para futbolistas","https://www.youtube.com/watch?v=gQhzneG14fg","localizado; visionado pendiente"
"7mlc","Solo Finishing Session In Nike Phantom GX","https://www.youtube.com/watch?v=hUhhGkUrdTQ","localizado; visionado pendiente"
"7mlc","Mejora tu control del balón en espacios reducidos | Sesión de seguimiento de dominio del balón pa...","https://www.youtube.com/watch?v=eOJsyoR1o_E","localizado; visionado pendiente"
"7mlc","Solo Dribbling Session In Nike ZM Superfly 10 Elite Air Max 95","https://www.youtube.com/watch?v=lgy2Ykf5rhM","localizado; visionado pendiente"
"7mlc","How To Improve Confidence With Clint Dempsey","https://www.youtube.com/watch?v=UB759qLRO6s","localizado; visionado pendiente"
"7mlc","Entrenamiento de delanteros | 10 ejercicios para mejorar tu definición","https://www.youtube.com/watch?v=ZPZ0B1xK4tQ","localizado; visionado pendiente"
"7mlc","Entrenamiento avanzado de regate | Mejora tu fluidez con el balón","https://www.youtube.com/watch?v=Kd27ZF3OpHg","localizado; visionado pendiente"
"7mlc","Individual Midfielder Training Session | Drills To Improve Ball Control","https://www.youtube.com/watch?v=KVggSYtazGQ","localizado; visionado pendiente"
"7mlc","5 ejercicios de regate con control cercano para futbolistas | Mejora tu regate en espacios reducidos","https://www.youtube.com/watch?v=QqjaavLXdHs","localizado; visionado pendiente"
"7mlc","Solo Skills & Shooting Training In Nike Hypervenom Phantom 1 RGN","https://www.youtube.com/watch?v=CprdTWBuOzg","localizado; visionado pendiente"
"7mlc","Close Control Training Session | Improve Your Tight Space Dribbling","https://www.youtube.com/watch?v=yEdlVBfIi4k","localizado; visionado pendiente"
"7mlc","Sesión de entrenamiento de movimiento para extremos con un entrenador de fútbol profesional | Ses...","https://www.youtube.com/watch?v=m2NtUPd9SUQ","localizado; visionado pendiente"
"7mlc","Solo Ball Mastery Training In Nike Mercurial Vapor 1 R9 RGN","https://www.youtube.com/watch?v=8_74slQ_6ds","localizado; visionado pendiente"
"7mlc","Improve Your Close Control With These 5 Exercises | 5 Drills To Improve Tight Space Dribbling","https://www.youtube.com/watch?v=yowDWBngLSE","localizado; visionado pendiente"
"7mlc","Cómo dominar el arte del primer toque | 5 métodos de entrenamiento para mejorarlo","https://www.youtube.com/watch?v=MleWzug5LQs","localizado; visionado pendiente"
"7mlc","How to Train Solo | Full Individual Training Session For Footballers","https://www.youtube.com/watch?v=g3VXUp3zNXg","localizado; visionado pendiente"
"7mlc","5 métodos para un regate de élite | Tutorial de regate efectivo para futbolistas","https://www.youtube.com/watch?v=MuZMm2z9kak","localizado; visionado pendiente"
"7mlc","10 ejercicios rápidos para pies | Sigue la rutina de ejercicios rápidos para pies para atletas","https://www.youtube.com/watch?v=lBSWMvNVLo4","localizado; visionado pendiente"
"7mlc","How to Prepare for a Tryout Like a Pro | A Day in The Life of a Footballer","https://www.youtube.com/watch?v=QHDrKvsIO-Q","localizado; visionado pendiente"
"7mlc","Solo First Touch Training In Nike Tiempo Legend Luxe","https://www.youtube.com/watch?v=1ACAWBLvZSA","localizado; visionado pendiente"
"7mlc","Solo Training Session In The Nike Tiempo Legend IV Elite | ASMR Football Training","https://www.youtube.com/watch?v=qxGNgKqfp38","localizado; visionado pendiente"
"7mlc","Entrenamiento de regate rápido | 5 ejercicios para mejorar la velocidad con y sin balón","https://www.youtube.com/watch?v=oHBvVuRpfAA","localizado; visionado pendiente"
"7mlc","Entrenamiento de primer toque y finalización para socios | Entrenamiento completo para futbolistas","https://www.youtube.com/watch?v=VQ9CW3wbEvY","localizado; visionado pendiente"
"7mlc","How To Master The Art Of Dribbling | 5 Steps To Improving Your Dribbling","https://www.youtube.com/watch?v=OPlQyy5kW38","localizado; visionado pendiente"
"7mlc","Training In Tokyo | A Day In The Life In Japan","https://www.youtube.com/watch?v=Q7XzMX38D0M","localizado; visionado pendiente"
"7mlc","Cómo mejorar la precisión de tiro | La guía definitiva para rematar","https://www.youtube.com/watch?v=oOhohKfAKBE","localizado; visionado pendiente"
"7mlc","Solo Training In Nike Mercurial Vapor 1 RGN","https://www.youtube.com/watch?v=o1o-1_Re0bg","localizado; visionado pendiente"
"7mlc","Mastering Winger Finishes | Individual Finishing Training Session For Wingers","https://www.youtube.com/watch?v=vmzNAB4PX9I","localizado; visionado pendiente"
"7mlc","Increase Your SPEED | 10 Best Explosive Speed Exercises For Athletes","https://www.youtube.com/watch?v=OEYeRfzbOTM","localizado; visionado pendiente"
"7mlc","Sunset Solo Training In Japan | Individual Training Session For Footballers","https://www.youtube.com/watch?v=3d7Mv6vGqmQ","localizado; visionado pendiente"
"7mlc","Entrenamiento individual de dominio del balón | Entrenamiento individual para futbolistas","https://www.youtube.com/watch?v=cyJtTZgvmV8","localizado; visionado pendiente"
"7mlc","Sesión de entrenamiento sin equipo | Entrenamiento individual de primer toque usando solo un balón","https://www.youtube.com/watch?v=Fmv7oPpRLJc","localizado; visionado pendiente"
"7mlc","How To Train Individually | Solo Training Session In Asics Lethal Testimonial 4 IT","https://www.youtube.com/watch?v=fMhnxfMVAXA","localizado; visionado pendiente"
"7mlc","Domina la técnica del regate | 10 ejercicios de regate con control preciso para futbolistas","https://www.youtube.com/watch?v=Fj3Jsn0Pa7c","localizado; visionado pendiente"
"7mlc","First Touch Training Session For Footballers | How To Improve Your First Touch","https://www.youtube.com/watch?v=0ezYWeB1O4E","localizado; visionado pendiente"
"7mlc","5 movimientos para superar a los defensores | Tutorial de regate paso a paso","https://www.youtube.com/watch?v=nPTnDkMPHN4","localizado; visionado pendiente"
"7mlc","Solo Finishing Session | Individual Shooting Training For Footballers","https://www.youtube.com/watch?v=JipbtZuzWVg","localizado; visionado pendiente"
"7mlc","Cómo mejorar el regate con control cercano | 5 ejercicios de regate para futbolistas","https://www.youtube.com/watch?v=Hs4ByFF_AE0","localizado; visionado pendiente"
"7mlc","Fast Feet & Agility Training | How To Improve Your Speed For Football","https://www.youtube.com/watch?v=rSlJU8cO9js","localizado; visionado pendiente"
"7mlc","How To Improve Your First Touch | Individual First Touch Training Session","https://www.youtube.com/watch?v=VQa98LaFTdw","localizado; visionado pendiente"
"7mlc","Regatea a los defensas y marca con estos movimientos | 5 técnicas de regate efectivas para futbol...","https://www.youtube.com/watch?v=z2-ka1B-Izc","localizado; visionado pendiente"
"7mlc","How To Improve Your Close Control Dribbling | Full Individual Dribbling Training Session","https://www.youtube.com/watch?v=o5S_-qVduBM","localizado; visionado pendiente"
"7mlc","Cómo hacer curling | Tutorial paso a paso de técnica de curling para futbolistas","https://www.youtube.com/watch?v=5z2thlrCYDE","localizado; visionado pendiente"
"7mlc","Cómo mejorar tu control del balón | Cinco combinaciones de dominio del balón para mejorar tus hab...","https://www.youtube.com/watch?v=qHIg3P2jUOI","localizado; visionado pendiente"
"7mlc","Solo Dribbling Training Session in Adidas X Strung","https://www.youtube.com/watch?v=C697hqDSzTI","localizado; visionado pendiente"
"7mlc","5 giros que todo jugador debería dominar | Esquiva a los defensores con estos 5 movimientos","https://www.youtube.com/watch?v=XOoRfwuZ25M","localizado; visionado pendiente"
"7mlc","Morning Individual Training Session | How To Train Solo","https://www.youtube.com/watch?v=E150IqwnUeg","localizado; visionado pendiente"
"7mlc","Improve Your FIRST TOUCH | 5 First Touch Drills For Footballers","https://www.youtube.com/watch?v=z2cTS6fbJck","localizado; visionado pendiente"
"7mlc","5 movimientos para vencer a defensores agresivos | Aprende estos movimientos efectivos","https://www.youtube.com/watch?v=E9CFYgYoaOY","localizado; visionado pendiente"
"7mlc","Entrenamiento en el primer club de Erling Haaland | Visitando Bryne FK en Noruega","https://www.youtube.com/watch?v=hC_V77JlSkc","localizado; visionado pendiente"
"7mlc","5 Essential Dribbling Drills | Winger Dribbling Training Session","https://www.youtube.com/watch?v=_oE9hPSO7Ak","localizado; visionado pendiente"
"7mlc","Cómo marcar goles de larga distancia | Aumenta tu potencia y precisión de tiro","https://www.youtube.com/watch?v=927KXjdNK0k","localizado; visionado pendiente"
"7mlc","How To Train Solo | Individual Training Session For Footballers","https://www.youtube.com/watch?v=oznMqjyBoKk","localizado; visionado pendiente"
"7mlc","Cómo mejorar el control del balón en espacios reducidos | 5 ejercicios de dominio del balón para ...","https://www.youtube.com/watch?v=cxDtzt9rzaw","localizado; visionado pendiente"
"7mlc","Individual Dribbling & Finishing Training Session In Nike Mercurial Vapor 16","https://www.youtube.com/watch?v=F4w-WiXAvxA","localizado; visionado pendiente"
"7mlc","Cómo hacer un amago corporal | Aprende estas 5 habilidades fáciles para centrocampistas","https://www.youtube.com/watch?v=_Twdlc40Ok4","localizado; visionado pendiente"
"7mlc","Solo Training Session in Mizuno Morelia Neo IV Made in Japan | How To Train Solo","https://www.youtube.com/watch?v=giwRZ7Y2PTY","localizado; visionado pendiente"
"7mlc","Mejora tu primer toque | Sesión de entrenamiento de primer toque para futbolistas","https://www.youtube.com/watch?v=S1XuHSrwJAQ","localizado; visionado pendiente"
"7mlc","Cómo marcar más goles | Sesión de entrenamiento de definición para futbolistas","https://www.youtube.com/watch?v=3-D1S7rcdfc","localizado; visionado pendiente"
"7mlc","Entrenamiento para centrocampistas | Cómo mejorar el primer toque, el pase y las fintas corporales","https://www.youtube.com/watch?v=KO4DUwx47Oc","localizado; visionado pendiente"
"7mlc","Mejora tu control de regate | 5 ejercicios esenciales de regate para futbolistas","https://www.youtube.com/watch?v=v9QzEtRoN58","localizado; visionado pendiente"
"7mlc","1000 Touch Ball Mastery Session | Improve Your Close Control Dribbling","https://www.youtube.com/watch?v=bSzH-o9V8ww","localizado; visionado pendiente"
"7mlc","Sunrise Training Session in NYC | Individual Training Session For Footballers","https://www.youtube.com/watch?v=v5ITfwI-oeQ","localizado; visionado pendiente"
"7mlc","Solo Training In Nike ZM Vapor 16 Elite","https://www.youtube.com/watch?v=eFfSZvSvWgE","localizado; visionado pendiente"
"7mlc","Todo jugador debería aprender este movimiento | Sesión de dominio de habilidades con Beestera Soc...","https://www.youtube.com/watch?v=xfA8lnMvEFQ","localizado; visionado pendiente"
"7mlc","Dribbling & Weak Foot Finishing in Adidas F50 Adizero 24","https://www.youtube.com/watch?v=_HineMZYwG4","localizado; visionado pendiente"
"7mlc","Cómo DOMINAR el balón | Sesión completa de entrenamiento de control de balón con Coerver Coaching","https://www.youtube.com/watch?v=zQdmPW018LQ","localizado; visionado pendiente"
"7mlc","Entrenamiento de primer toque para futbolistas | Mejora tu primer toque","https://www.youtube.com/watch?v=bsXmRJEs6Yo","localizado; visionado pendiente"
"7mlc","POV Training Session | Improve Fast Feet, Dribbling and Finishing","https://www.youtube.com/watch?v=0NNCa4vvDxk","localizado; visionado pendiente"
"7mlc","Training at a Premier League Stadium | Testing The F50 Adizero at The Emirates","https://www.youtube.com/watch?v=49spGVJpg4w","localizado; visionado pendiente"
"7mlc","Individual Training Session In The Rain | How To Train Solo","https://www.youtube.com/watch?v=Hd80sO5NI5A","localizado; visionado pendiente"
"7mlc","Technical Training With A Professional Football Trainer | Full Training Session With Tom Owens UK","https://www.youtube.com/watch?v=4Ah4uxryhuA","localizado; visionado pendiente"
"7mlc","Batalla de botas de fútbol clásicas vs. modernas | Umbro Speciali 24 vs. Tocco IV","https://www.youtube.com/watch?v=VI5GfUDmpGo","localizado; visionado pendiente"
"7mlc","Cómo entrenar sin equipo | Sesión de entrenamiento completa usando solo un balón","https://www.youtube.com/watch?v=YSFguvVEZ4E","localizado; visionado pendiente"
"7mlc","Mejora tu control del balón en 5 minutos | Sigue la sesión de dominio del balón para futbolistas","https://www.youtube.com/watch?v=FQ4pnT7xGsk","localizado; visionado pendiente"
"7mlc","Sé un JUGADOR CLÍNICO con estos ejercicios de tiro | 10 ejercicios de finalización para ayudarte ...","https://www.youtube.com/watch?v=0u8kPwXXsLA","localizado; visionado pendiente"
"7mlc","Entrenamiento de DRIBLING A VELOCIDAD | Sesión completa de entrenamiento individual de dribling a...","https://www.youtube.com/watch?v=sGLkxtobYYg","localizado; visionado pendiente"
"7mlc","Full Individual Training Session For Footballers | Improve Your Technical Ability","https://www.youtube.com/watch?v=esWw3ZdIlOk","localizado; visionado pendiente"
"7mlc","Aumenta tu POTENCIA DE TIRO | 5 consejos para generar más potencia en tus golpes","https://www.youtube.com/watch?v=Laet0FWsusA","localizado; visionado pendiente"
"7mlc","How To Train SOLO | Full Individual Training Session For Footballers","https://www.youtube.com/watch?v=feynaBmQgBY","localizado; visionado pendiente"
"7mlc","5 ejercicios de tiro para extremos | Marca más goles por banda","https://www.youtube.com/watch?v=vwk53EIM5AM","localizado; visionado pendiente"
"7mlc","How To Improve Your Weak Foot | Using Only My Left Foot For A Full Training Session","https://www.youtube.com/watch?v=W-OlqudP3WU","localizado; visionado pendiente"
"7mlc","3 mejores ejercicios para mejorar RÁPIDO | Mejora tu rendimiento en el partido con estos ejercicios","https://www.youtube.com/watch?v=O5A1ug4v-1I","localizado; visionado pendiente"
"7mlc","Mejora tu habilidad técnica | Sesión completa de entrenamiento técnico para futbolistas","https://www.youtube.com/watch?v=KMEX6EFIk6E","localizado; visionado pendiente"
"7mlc","Fix Your First Touch With These 5 Exercises | 5 Training Drills To Improve Your Touch","https://www.youtube.com/watch?v=y-BY7wkbjj0","localizado; visionado pendiente"
"7mlc","Entrenamiento de regate para extremos | 5 ejercicios de regate para extremos de fútbol","https://www.youtube.com/watch?v=9ITXCru3pCk","localizado; visionado pendiente"
"7mlc","Aprende la volea lateral | Marca más goles con este tutorial definitivo","https://www.youtube.com/watch?v=0AWYFYtAWF4","localizado; visionado pendiente"
"7mlc","5 Shooting Techniques Explained | Learn How To Strike The Ball With This Step By Step Tutorial","https://www.youtube.com/watch?v=QDb5-cMIbjM","localizado; visionado pendiente"
"7mlc","Entrenando con HARRY KANE | Sesión de finalización con el paquete Skechers Diamond Ice","https://www.youtube.com/watch?v=5AziP99c5fQ","localizado; visionado pendiente"
"7mlc","Training & Free Kicks in Adidas Predator 24 Elite","https://www.youtube.com/watch?v=K391o8prV14","localizado; visionado pendiente"
"7mlc","Master Your Close Control Dribbling | Full Individual Dribbling Training Session For Footballers","https://www.youtube.com/watch?v=0oyMlI0tJnU","localizado; visionado pendiente"
"7mlc","5 ejercicios FÁCILES de dominio del balón para mejorar tus HABILIDADES | Cómo entrenar en espacio...","https://www.youtube.com/watch?v=Etm9RA-MZfA","localizado; visionado pendiente"
"7mlc","5 primeros toques que todo jugador debe dominar | Mejora tu primer toque con estos ejercicios","https://www.youtube.com/watch?v=LHBtCXuA4zI","localizado; visionado pendiente"
"7mlc","5 ejercicios para mejorar tu control cercano | Domina el balón en espacios reducidos","https://www.youtube.com/watch?v=ciWkjsr1WKg","localizado; visionado pendiente"
"7mlc","Michael Cunningham | Extremo/Mediapunta | Resumen del Partido 2023","https://www.youtube.com/watch?v=-opuVoHgbDE","localizado; visionado pendiente"
"7mlc","Rainy Finishing Training  Session | Score More Goals With These Striker Exercises","https://www.youtube.com/watch?v=lk4Lxck1Yjs","localizado; visionado pendiente"
"7mlc","5 ejercicios esenciales de regate para futbolistas | Mejora tu control de cerca","https://www.youtube.com/watch?v=TgP-8cfBoGM","localizado; visionado pendiente"
"7mlc","MASTER Your FIRST TOUCH | Individual First Touch Training Session For Footballers","https://www.youtube.com/watch?v=YlsN5s_k_WI","localizado; visionado pendiente"
"7mlc","Cómo marcar más goles como extremo | Sesión de entrenamiento para definir como extremo","https://www.youtube.com/watch?v=VMdwFuhZvm8","localizado; visionado pendiente"
"7mlc","Technical Training Session in ICONIC Adidas 11PRO Football Boots","https://www.youtube.com/watch?v=mgCjLpfhF-M","localizado; visionado pendiente"
"7mlc","Aprende 5 habilidades para superar a los defensas | Tutorial fácil de regate para futbolistas","https://www.youtube.com/watch?v=uAeTHX4hq_I","localizado; visionado pendiente"
"7mlc","Aprende el movimiento más efectivo para superar defensas | Tutorial de 5 fintas corporales FÁCILES","https://www.youtube.com/watch?v=4bS9-droClQ","localizado; visionado pendiente"
"7mlc","Sesión de entrenamiento de movimiento para extremos | Consejos de entrenamiento para extremos","https://www.youtube.com/watch?v=x-Eg7rbi598","localizado; visionado pendiente"
"7mlc","Cómo mejorar la velocidad explosiva | Gana velocidad en el fútbol con estos ejercicios","https://www.youtube.com/watch?v=SkjHP-gAd2U","localizado; visionado pendiente"
"7mlc","Entrenamiento de regate rápido y remate | Mejora tu control y remate","https://www.youtube.com/watch?v=yf0nthnlN6U","localizado; visionado pendiente"
"7mlc","Sesión de entrenamiento individual para extremos | Ejercicios específicos de entrenamiento por po...","https://www.youtube.com/watch?v=3gJT-G0K6sE","localizado; visionado pendiente"
"7mlc","Midfielder Technical Training Session | Improve Your First Touch, Passing & Close Control","https://www.youtube.com/watch?v=-c3Oad1mQrM","localizado; visionado pendiente"
"7mlc","Entrenamiento de regate 1 contra 1 | Sesión completa con Roca Technical Football Training","https://www.youtube.com/watch?v=-nwkMXkgWAw","localizado; visionado pendiente"
"7mlc","Individual Ball Mastery Training In Nike Tiempo Legend 10","https://www.youtube.com/watch?v=48osQApWwAA","localizado; visionado pendiente"
"7mlc","Cómo ponerse en forma como un futbolista de la Premier League | Entrenamiento físico de fútbol","https://www.youtube.com/watch?v=yczsxBmN8GE","localizado; visionado pendiente"
"7mlc","Individual DRIBBLING Training Session For Footballers | 5 Drills To Improve Your Dribbling","https://www.youtube.com/watch?v=8QGsSzbUVIM","localizado; visionado pendiente"
"7mlc","Sesión completa de entrenamiento individual para DELANTEROS | Mejora tu definición","https://www.youtube.com/watch?v=Kj2_9ekfa28","localizado; visionado pendiente"
"7mlc","Mi experiencia El Clásico | FC Barcelona Vs Real Madrid","https://www.youtube.com/watch?v=Cinz7rbg_3Q","localizado; visionado pendiente"
"7mlc","How To Structure a Full Individual Training Session | Technical Training Session For WINGERS","https://www.youtube.com/watch?v=hjWKIwLjL88","localizado; visionado pendiente"
"7mlc","Master Your FIRST TOUCH | 10 First Touch Exercises","https://www.youtube.com/watch?v=OW9GvCRYSnQ","localizado; visionado pendiente"
"7mlc","Entrenamiento completo de remate para futbolistas | Mejora tu remate con estos ejercicios","https://www.youtube.com/watch?v=RqsVvvPQb30","localizado; visionado pendiente"
"7mlc","POV Individual Training | Technical Training Session For Footballers","https://www.youtube.com/watch?v=nD0HImgGdCg","localizado; visionado pendiente"
"7mlc","Individual Technical Training Session in Nike CTR360 Maestri III","https://www.youtube.com/watch?v=cNcUwe6QCN4","localizado; visionado pendiente"
"7mlc","10 Ejercicios de control de balón FÁCILES para principiantes | Mejora tu dominio del balón","https://www.youtube.com/watch?v=e5RxAJM-oxc","muestras observadas"
"7mlc","Full Body Strength Workout & Technical Training Session | A Day In The Life of a Footballer","https://www.youtube.com/watch?v=3lnQjuwfwcM","localizado; visionado pendiente"
"7mlc","Easy 10 Minute Individual Ball Mastery Session | Improve Your Close Control","https://www.youtube.com/watch?v=w36skwhFVqY","localizado; visionado pendiente"
"7mlc","Individual Shooting Session in Nike T90 Laser III | Shooting Training For Footballers","https://www.youtube.com/watch?v=JI7bEKW2Ylk","localizado; visionado pendiente"
"7mlc","Individual Speed & Agility Training Session | Improve Your Acceleration","https://www.youtube.com/watch?v=Ynh_wFGlN9A","localizado; visionado pendiente"
"7mlc","5 ejercicios individuales para mejorar tu primer toque | Mejora tu primer toque con estos ejercicios","https://www.youtube.com/watch?v=kPmg44X4-58","localizado; visionado pendiente"
"7mlc","Cómo mejorar la velocidad explosiva | Un día en la vida de un profesional","https://www.youtube.com/watch?v=Q0gwHiFcrVc","localizado; visionado pendiente"
"7mlc","Domina tu control cercano con estos 5 ejercicios de dominio del balón","https://www.youtube.com/watch?v=c78RwSoGV_c","localizado; visionado pendiente"
"7mlc","Technical Training in Nike Hypervenom Phantom 2","https://www.youtube.com/watch?v=JMBB5j4lelQ","localizado; visionado pendiente"
"7mlc","How To Master Your First Touch | 5 First Touch Exercises For Footballers","https://www.youtube.com/watch?v=FAsSVWr4vUE","localizado; visionado pendiente"
"7mlc","Entrenamiento de juego de pies y finalización con los Nike Hypervenom Phantom One","https://www.youtube.com/watch?v=BQ0He_blUd8","localizado; visionado pendiente"
"7mlc","Golazo | The Ultimate Finishing Training Program","https://www.youtube.com/watch?v=v5rgq8ufJ7A","localizado; visionado pendiente"
"7mlc","Rutina del día del partido | Un día en la vida de un profesional","https://www.youtube.com/watch?v=V4ZXEv4rpTs","localizado; visionado pendiente"
"7mlc","Relaxing Training Session in The Rain | Light Individual Training Session For Footballers","https://www.youtube.com/watch?v=Egxhl94A4Hc","localizado; visionado pendiente"
"7mlc","Finishing Training in Nike Phantom GX Elite DF","https://www.youtube.com/watch?v=69Hu0dPf85A","localizado; visionado pendiente"
"7mlc","Improve Your First Touch | Individual First Touch Exercises For Footballers","https://www.youtube.com/watch?v=YdVwfwdzf7c","localizado; visionado pendiente"
"7mlc","Entrenamiento de uno contra uno y finalización | La serie de entrenamiento de pretemporada","https://www.youtube.com/watch?v=QVd4-gtmmyE","localizado; visionado pendiente"
"7mlc","Mejora tu control de balón en corto | Sesión completa de entrenamiento de regate individual","https://www.youtube.com/watch?v=GvW_xScj-Lc","localizado; visionado pendiente"
"7mlc","First Touch Training Session In Nike Hypervenom Phantom 3 GX SE","https://www.youtube.com/watch?v=QdEzSXYmZH0","localizado; visionado pendiente"
"7mlc","How To Improve Your One v One Dribbling | Full One v One Training Session","https://www.youtube.com/watch?v=06AhSHXcZCI","localizado; visionado pendiente"
"7mlc","Training & Free Kicks in Adidas Predator Accuracy.1","https://www.youtube.com/watch?v=jmSkK4n4KdA","localizado; visionado pendiente"
"7mlc","Full Technical Training Session With Other Pros | The Offseason Training Series","https://www.youtube.com/watch?v=-8AJhBu57WY","localizado; visionado pendiente"
"7mlc","Sesión completa de entrenamiento de pretemporada para futbolistas | La serie de entrenamiento de ...","https://www.youtube.com/watch?v=3jfCpsbYN-c","localizado; visionado pendiente"
"7mlc","Entrenamiento de 10 minutos para el core de los futbolistas | Rutina de ejercicios para atletas","https://www.youtube.com/watch?v=Jc75w4ksvLg","localizado; visionado pendiente"
"7mlc","Full Individual Winger Training Session | The Off Season Training Series","https://www.youtube.com/watch?v=n8ZBItoH_Ug","localizado; visionado pendiente"
"7mlc","5 Exercises To Improve Your First Touch | Five Individual First Touch Drills For Footballers","https://www.youtube.com/watch?v=5gFqXPdHFi0","localizado; visionado pendiente"
"7mlc","How To Improve Your Weak Foot | Using My Left Foot Only For A Full Training Session","https://www.youtube.com/watch?v=XY30dUJJKsc","localizado; visionado pendiente"
"7mlc","Improve Your Finishing With Both Feet | Full Technical Training Session For Footballers","https://www.youtube.com/watch?v=dLVqO2RgP3A","localizado; visionado pendiente"
"7mlc","Sesión de entrenamiento de tiro contra porteros | Serie de entrenamiento de pretemporada","https://www.youtube.com/watch?v=MF7nOCwRQqE","localizado; visionado pendiente"
"7mlc","Individual Ball Mastery & Finishing Training In Nike Phantom Ultra Venom","https://www.youtube.com/watch?v=mNbsrHccEDg","localizado; visionado pendiente"
"7mlc","How To Improve In Tight Spaces | Full Technical Training Session For Footballers","https://www.youtube.com/watch?v=GEfei2LAxEE","localizado; visionado pendiente"
"7mlc","Entrenamiento de primer toque fuera de temporada | Ejercicios para perfeccionar tu primer toque","https://www.youtube.com/watch?v=8eNORoCDkwc","localizado; visionado pendiente"
"7mlc","5 Individual Midfielder Training Drills | Five Exercises To Improve First Touch & Passing","https://www.youtube.com/watch?v=OBnYKwqjlbM","localizado; visionado pendiente"
"7mlc","How To Improve Your Technical Ability | Full Pro Level Technical Training Session","https://www.youtube.com/watch?v=10Prbrry-9E","localizado; visionado pendiente"
"7mlc","Habilidades de futsal en Europa | Entrenamiento en la sede central de Select en Copenhague","https://www.youtube.com/watch?v=ljZMZTci52I","localizado; visionado pendiente"
"7mlc","Cómo mejorar tu definición | Sesión completa de entrenamiento de definición a nivel profesional","https://www.youtube.com/watch?v=dobQF56-JE8","localizado; visionado pendiente"
"7mlc","How To Improve Your First Touch | Full Pro Level First Touch Training Session","https://www.youtube.com/watch?v=J4ELj1nqdHQ","localizado; visionado pendiente"
"7mlc","Sesión de entrenamiento desde la perspectiva del jugador | Un día en la vida de un futbolista","https://www.youtube.com/watch?v=Xu2afdMaouI","localizado; visionado pendiente"
"7mlc","New Balance Furon V7 Pro y Tekela V4 Pro: Prueba de juego y comparativa | Un día en mi vida","https://www.youtube.com/watch?v=5xTJTNSXeJA","localizado; visionado pendiente"
"7mlc","Dribbling & Shooting Training in Nike Hypervenom Phantom 3 GX","https://www.youtube.com/watch?v=Tvxw5sKTHzc","localizado; visionado pendiente"
"7mlc","3 Effective SKILLS For WINGERS | Step By Step Dribbling Moves Tutorial","https://www.youtube.com/watch?v=KH8SqMSWxoc","localizado; visionado pendiente"
"7mlc","10 ejercicios técnicos para futbolistas | Conviértete en un maestro de la técnica con estos ejerc...","https://www.youtube.com/watch?v=lSZiY6v0jBQ","localizado; visionado pendiente"
"7mlc","5 técnicas fáciles de control cercano | Ejercicios individuales para dominar el balón","https://www.youtube.com/watch?v=STqErHl_-5Y","localizado; visionado pendiente"
"7mlc","Improve Your Tight Space Ball Control | Full Training Session With Other Pros","https://www.youtube.com/watch?v=8hZpV7-elEM","localizado; visionado pendiente"
"7mlc","Entrenamiento de primer toque | Ejercicios sencillos para mejorar tu primer toque","https://www.youtube.com/watch?v=0XfQxjyRmWk","localizado; visionado pendiente"
"7mlc","5 ejercicios técnicos de entrenamiento individual | Mejora tu primer toque y pase en espacios red...","https://www.youtube.com/watch?v=NH4ZxxBnFW8","localizado; visionado pendiente"
"7mlc","Firmé con un club profesional | Un día en la vida de un futbolista profesional","https://www.youtube.com/watch?v=kDlcksE1ojk","localizado; visionado pendiente"
"7mlc","Ejercicios de entrenamiento de nivel profesional | Cómo mejorar tu percepción y toma de decisiones","https://www.youtube.com/watch?v=gDJePF0sUUc","localizado; visionado pendiente"
"7mlc","5 ejercicios esenciales de primer toque y pase | 5 ejercicios para mejorar tu pase y primer toque","https://www.youtube.com/watch?v=EcIrs7UzDFg","localizado; visionado pendiente"
"7mlc","My New York Red Bulls Experience | Playing At An MLS Stadium & Watching FC Barcelona Training","https://www.youtube.com/watch?v=-p_acXY5wMU","localizado; visionado pendiente"
"7mlc","Entrenamiento técnico para extremos | Sesión completa de entrenamiento para futbolistas","https://www.youtube.com/watch?v=9dIn30dDJi4","localizado; visionado pendiente"
"7mlc","Tight Space Touches & Finishing | Technical Training Session For Footballers","https://www.youtube.com/watch?v=3xB9NbjynfI","localizado; visionado pendiente"
"7mlc","Cómo mejorar el primer toque | 5 ejercicios de entrenamiento para futbolistas","https://www.youtube.com/watch?v=m7t1UqEZeWY","localizado; visionado pendiente"
"7mlc","Cómo mejorar el control del balón en espacios reducidos | Sesión completa de entrenamiento indivi...","https://www.youtube.com/watch?v=tFKdL_a31Pg","localizado; visionado pendiente"
"7mlc","How To Improve Finishing | Full Technical Training Session For Footballers","https://www.youtube.com/watch?v=Mw6969RD_Ng","localizado; visionado pendiente"
"7mlc","Sesión de entrenamiento para delanteros | Entrenamiento de movimiento y definición para centrodel...","https://www.youtube.com/watch?v=O4LmZHYpeME","localizado; visionado pendiente"
"7mlc","Cómo mejorar el regate uno contra uno | Sesión de entrenamiento de uno contra uno y definición pa...","https://www.youtube.com/watch?v=fyIdIprnif0","localizado; visionado pendiente"
"7mlc","Entrenamiento de laterales | Entrenamiento técnico completo para laterales","https://www.youtube.com/watch?v=_0yLHSoQB0I","localizado; visionado pendiente"
"7mlc","Tutorial de tiro a baja altura | Guía paso a paso para la cortadora de hierba","https://www.youtube.com/watch?v=3u0FfNEWCgc","localizado; visionado pendiente"
"7mlc","Individual Training In Nike Tiempo Legend IV Elite","https://www.youtube.com/watch?v=ENYjKkvqKVI","localizado; visionado pendiente"
"7mlc","Entrenamiento individual para extremos | Entrenamiento técnico para extremos","https://www.youtube.com/watch?v=eEKqcVaHkx8","localizado; visionado pendiente"
"7mlc","15 Fast Footwork Exercises | Increase Your Foot Speed & Coordination With These Fast Feet Drills","https://www.youtube.com/watch?v=Mw-Z0j3g6-g","localizado; visionado pendiente"
"7mlc","My Individual Match Analysis | Central Attacking Midfielder","https://www.youtube.com/watch?v=4mMgq5Vb7jc","localizado; visionado pendiente"
"7mlc","Individual Shooting Training Session | Sunrise Training In Legendary T90 Lasers","https://www.youtube.com/watch?v=KTBGPHChKZw","localizado; visionado pendiente"
"7mlc","Cómo hacer un knuckleball | Tutorial paso a paso de tiro con efecto knuckleball para futbolistas","https://www.youtube.com/watch?v=bFrR51_FpFM","localizado; visionado pendiente"
"7mlc","Cómo mejorar tu técnica | Sesión completa de entrenamiento técnico","https://www.youtube.com/watch?v=cEnHstHrNsw","localizado; visionado pendiente"
"7mlc","Sesión de entrenamiento individual para centrocampistas | Ejercicios técnicos para centrocampistas","https://www.youtube.com/watch?v=CwWAFgXnhrI","localizado; visionado pendiente"
"7mlc","Cómo marcar un gol de Trivela | Tutorial de tiro con el exterior del pie","https://www.youtube.com/watch?v=IXj6ueEYyn8","localizado; visionado pendiente"
"7mlc","15 técnicas sencillas para dominar el regate | Mejora tu técnica con los pies y el control del balón","https://www.youtube.com/watch?v=hkcsAH6si8A","localizado; visionado pendiente"
"7mlc","How To Improve Your First Touch | Full First Touch Training Session","https://www.youtube.com/watch?v=3H-km1mYoBU","localizado; visionado pendiente"
"7mlc","20 Fast Feet Exercises From Easy To Hard | Improve Your Foot Speed & Coordination","https://www.youtube.com/watch?v=GfceBvZjuPQ","localizado; visionado pendiente"
"7mlc","Aprende 5 habilidades FÁCILES | Tutorial sencillo paso a paso de habilidades de fútbol","https://www.youtube.com/watch?v=i65xqdrnPBA","localizado; visionado pendiente"
"7mlc","Cómo aumentar la potencia de tiro en 5 pasos | Tutorial completo de potencia de tiro","https://www.youtube.com/watch?v=KMr2jpxmH2s","localizado; visionado pendiente"
"7mlc","Entrenamiento individual para extremos | Cómo estructurar una sesión completa de entrenamiento in...","https://www.youtube.com/watch?v=0MOR5ucHjqs","localizado; visionado pendiente"
"7mlc","4 Essential Dribbling Drills For Footballers | Improve Your Close Control Dribbling","https://www.youtube.com/watch?v=IzjQkuWYhwM","localizado; visionado pendiente"
"7mlc","Cómo hacer curling con la pelota | Tutorial paso a paso para tiros con flexión","https://www.youtube.com/watch?v=Xzk595CTAtU","localizado; visionado pendiente"
"7mlc","10 ejercicios explosivos de velocidad | Ejercicios con peso corporal para aumentar tu velocidad y...","https://www.youtube.com/watch?v=3rpInu4XYM4","localizado; visionado pendiente"
"7mlc","5 EASY WINGER Match Skills Tutorial | Easy Step By Step Football Dribbling Skills For Footballers","https://www.youtube.com/watch?v=XOtV80366-4","localizado; visionado pendiente"
"7mlc","Entrenamiento de prevención de lesiones para futbolistas | Un día en la vida de un futbolista","https://www.youtube.com/watch?v=hQKepswVvWw","localizado; visionado pendiente"
"7mlc","Tutorial de 5 habilidades fáciles con el balón en suspensión | Aprende habilidades de fútbol senc...","https://www.youtube.com/watch?v=9TPXD3-kCfU","localizado; visionado pendiente"
"7mlc","Entrenamiento individual para futbolistas | Ejercicios de primer toque, regate y definición","https://www.youtube.com/watch?v=AesPWLtCQR4","localizado; visionado pendiente"
"7mlc","Full Finishing Training Session | Drills To Help You Score More Goals","https://www.youtube.com/watch?v=EFXa1iVM0CE","localizado; visionado pendiente"
"7mlc","Playing in Mexico | A Day in the Life of a Professional Indoor Footballer","https://www.youtube.com/watch?v=3-pCjGtsN84","localizado; visionado pendiente"
"7mlc","Mejora tus habilidades en 5 minutos | 5 técnicas fáciles para dominar el balón","https://www.youtube.com/watch?v=i2PAtfIUwsU","localizado; visionado pendiente"
"7mlc","Rutina y momentos destacados del partido fuera de casa | Un día en la vida de un futbolista profe...","https://www.youtube.com/watch?v=T1BSLK_rdjw","localizado; visionado pendiente"
"7mlc","5 ejercicios técnicos de entrenamiento esenciales | Sesión de entrenamiento fundamental para futb...","https://www.youtube.com/watch?v=ylRhgkWIlJU","localizado; visionado pendiente"
"7mlc","Mejora tus habilidades futbolísticas en casa | 5 ejercicios de regate en espacios reducidos para ...","https://www.youtube.com/watch?v=4jZ4KT7898U","localizado; visionado pendiente"
"7mlc","Long Passing, First Touch & Finishing Drills | Complete Technical Training Session For Footballers","https://www.youtube.com/watch?v=l7399T8xk7I","localizado; visionado pendiente"
"7mlc","One vs One & Finishing Training | Full Technical Training Session For Footballers","https://www.youtube.com/watch?v=JFrt3IejtzY","localizado; visionado pendiente"
"7mlc","Fundamental Technical Training Session | Sharpen Your First Touch & Ball Control","https://www.youtube.com/watch?v=jJBWiTtgmVQ","localizado; visionado pendiente"
"7mlc","Tutorial: Cómo hacer jueguitos con un balón | Consejos fáciles + Rutina de 1000 toques","https://www.youtube.com/watch?v=qN3MG0FDydQ","localizado; visionado pendiente"
"7mlc","Improve Your Close Control Dribbling | Full Individual Dribbling Training Session For Footballers","https://www.youtube.com/watch?v=0OEWSR01rgo","localizado; visionado pendiente"
"7mlc","Rutina de día de partido | Un día en la vida de un futbolista profesional de arena","https://www.youtube.com/watch?v=UNSzYdQuLJI","localizado; visionado pendiente"
"7mlc","How To Improve First Touch In Small Spaces | Full Tight Space Training Session For Footballers","https://www.youtube.com/watch?v=Iwl9J1marxA","localizado; visionado pendiente"
"7mlc","Mejora tu control en 10 minutos | 7 ejercicios sencillos de dominio de balón","https://www.youtube.com/watch?v=cnv0xrqs6z4","localizado; visionado pendiente"
"7mlc","Match Footage & Gym Workout | A Day In The Life Of A Pro Indoor Footballer Episode #2","https://www.youtube.com/watch?v=PMQ2stZNgNk","localizado; visionado pendiente"
"7mlc","Mejora tus habilidades en casa | Ejercicios para dominar las habilidades técnicas de los futbolistas","https://www.youtube.com/watch?v=qYP70ObdM44","localizado; visionado pendiente"
"7mlc","Un día en la vida de un futbolista profesional de sala | Rutina de entrenamiento y recuperación d...","https://www.youtube.com/watch?v=OpcXPKcqIqs","localizado; visionado pendiente"
"7mlc","Habilidades de regate en espacios reducidos | Domina el regate en espacios reducidos con estos ej...","https://www.youtube.com/watch?v=GDoWoUWc5Bc","localizado; visionado pendiente"
"7mlc","Domina tu primer toque | Entrenamiento completo e individual de primer toque para futbolistas (Re...","https://www.youtube.com/watch?v=iCto10_0Bp0","localizado; visionado pendiente"
"7mlc","Full Off Season Training Routine | A Day In The Life of a Footballer","https://www.youtube.com/watch?v=fxxkiPAi0yw","localizado; visionado pendiente"
"7mlc","10 ejercicios de malabares fáciles | Mejora tu primer toque y control de balón","https://www.youtube.com/watch?v=peBIsxbe9X0","localizado; visionado pendiente"
"7mlc","Toda mi colección de botas de fútbol | Más de 30 pares de botas de fútbol","https://www.youtube.com/watch?v=TtszwIbZVUQ","localizado; visionado pendiente"
"7mlc","Entrenamiento individual de regate y definición | Ejercicios de regate y tiro para futbolistas","https://www.youtube.com/watch?v=NJK_sS_wxpo","localizado; visionado pendiente"
"7mlc","Entrenamiento fácil de 10 minutos para dominar el balón | Mejora tu control del balón","https://www.youtube.com/watch?v=AIeK7bauKCA","localizado; visionado pendiente"
"7mlc","Full First Touch and Finishing Training Session | Technichal Drills For Footballers","https://www.youtube.com/watch?v=RfkgDDN8CK0","localizado; visionado pendiente"
"7mlc","3 Essential Dribbling Drills For Footballers | Full Unedited Dribbling Training Session","https://www.youtube.com/watch?v=Yg7cYUg9F7k","localizado; visionado pendiente"
"7mlc","Training With Other Pros | Full First Touch and Passing Training Session","https://www.youtube.com/watch?v=P6ryJYiTzAk","localizado; visionado pendiente"
"7mlc","4 Easy Ball Mastery Skills | 5 Minute Follow Along Ball Mastery Routine For Footballers","https://www.youtube.com/watch?v=RxPbwHLd8iA","localizado; visionado pendiente"
"7mlc","How To Shoot First Time | 5 Simple Tips To Improve First Time Shooting Technique","https://www.youtube.com/watch?v=CxVHhZk2oZU","localizado; visionado pendiente"
"7mlc","Entrenamiento individual de regate | 5 ejercicios de regate para futbolistas","https://www.youtube.com/watch?v=AJfu3iOoCXA","localizado; visionado pendiente"
"7mlc","Individual First Touch and Finishing Drills | Full Training Session","https://www.youtube.com/watch?v=OvixMfP_gP8","localizado; visionado pendiente"
"7mlc","5 ejercicios para mejorar la velocidad de aceleración | Sesión completa de entrenamiento de acele...","https://www.youtube.com/watch?v=QrLtEwUxH5k","localizado; visionado pendiente"
"7mlc","Rutina de 5 minutos para dominar el balón con seguimiento para futbolistas | Mejora tu control de...","https://www.youtube.com/watch?v=zzB1gxI3w2A","localizado; visionado pendiente"
"7mlc","Cómo dominar la finta corporal | 5 consejos para mejorarla","https://www.youtube.com/watch?v=PgzHjmg_WOU","localizado; visionado pendiente"
"7mlc","First Touch and Finishing Drills For Footballers | Full Technical Training Session","https://www.youtube.com/watch?v=a9v1eal3GrQ","localizado; visionado pendiente"
"7mlc","10 ejercicios de regate con control cercano | Mejora tu control del balón en espacios reducidos","https://www.youtube.com/watch?v=jkAvIdWI-pY","localizado; visionado pendiente"
"7mlc","Sesión completa de entrenamiento técnico individual para futbolistas | Dominio de balón, primer t...","https://www.youtube.com/watch?v=DlehkvLc0ns","localizado; visionado pendiente"
"7mlc","6 Turn Mastery Close Control Dribbling Exercises | Improve Your Turns With The Ball","https://www.youtube.com/watch?v=9QuJ4HxrSlY","localizado; visionado pendiente"
"7mlc","Mi día completo de entrenamiento individual | Rutina de prevención de lesiones, entrenamiento téc...","https://www.youtube.com/watch?v=vVD13VgYjUw","localizado; visionado pendiente"
"7mlc","3 ejercicios para mejorar la velocidad y la aceleración | Aumenta tu velocidad","https://www.youtube.com/watch?v=GF_9W0IjnUo","localizado; visionado pendiente"
"7mlc","Cómo mejorar tus centros | 3 ejercicios de centros sencillos para extremos","https://www.youtube.com/watch?v=X8iX2UXlmsQ","localizado; visionado pendiente"
"7mlc","Entrenamiento de desaceleración para atletas | Reduce lesiones y mejora tu rendimiento con estos ...","https://www.youtube.com/watch?v=GqVqQK_j_zQ","localizado; visionado pendiente"
"7mlc","Sesión completa de entrenamiento de agilidad y cambio de dirección | Mejora tu velocidad y tus re...","https://www.youtube.com/watch?v=-XDegE6u10g","localizado; visionado pendiente"
"7mlc","5 Fast Feet Exercises | Improve Your Foot Speed, Balance and Coordination","https://www.youtube.com/watch?v=eVefwxug2ng","localizado; visionado pendiente"
"7mlc","Improve Your Close Control | 5 Minute Ball Mastery Workout","https://www.youtube.com/watch?v=qebwTA3J9GU","localizado; visionado pendiente"
"7mlc","5 Essential SPEED Dribbling Drills | Improve Your Dribbling Acceleration With These Drills","https://www.youtube.com/watch?v=yBqAICsB9vw","localizado; visionado pendiente"
"7mlc","Top Speed Training | How To Improve Running Technique For Speed","https://www.youtube.com/watch?v=RDaBnblDeME","localizado; visionado pendiente"
"7mlc","Mi sesión completa de entrenamiento físico individual de fútbol | Un día en la vida de un futbolista","https://www.youtube.com/watch?v=2HH_DMpXLiI","localizado; visionado pendiente"
"7mlc","Easy 10 Minute Ball Mastery Workout | Simple Ball Mastery Exercises For Footballers","https://www.youtube.com/watch?v=4teGNQiB7XU","localizado; visionado pendiente"
"7mlc","Aumenta tu VELOCIDAD | 12 ejercicios con peso corporal para mejorar la velocidad al correr","https://www.youtube.com/watch?v=XpH7gS9zNPU","localizado; visionado pendiente"
"7mlc","5 ejercicios de acondicionamiento físico para el fútbol | Mejora tu agilidad con y sin balón","https://www.youtube.com/watch?v=Hy2Bx0A5Iuw","localizado; visionado pendiente"
"7mlc","Entrenamiento explosivo de piernas para futbolistas | Aumenta la potencia y la explosividad de tu...","https://www.youtube.com/watch?v=e35Jx14iT0Y","localizado; visionado pendiente"
"7mlc","Cómo aumentar la velocidad | Sesión completa de entrenamiento de aceleración con un preparador fí...","https://www.youtube.com/watch?v=HJseWzfxsMA","localizado; visionado pendiente"
"7mlc","The Difference Between Professional and Amateur | A Day In The Life of a Footballer","https://www.youtube.com/watch?v=WLLp9t2jxIE","localizado; visionado pendiente"
"7mlc","Improve Your Football Skills Anywhere | 5 Ball Mastery Exercises","https://www.youtube.com/watch?v=4EwW0Xk7gjM","localizado; visionado pendiente"
"7mlc","A Day In The Life Of A Footballer | Training Session, Gym Workout & Daily Routine","https://www.youtube.com/watch?v=qZbmUIpHbOU","localizado; visionado pendiente"
"7mlc","Entrenamiento de 10 minutos para dominar el balón | Mejora tus habilidades futbolísticas","https://www.youtube.com/watch?v=yFLbExa6FNI","localizado; visionado pendiente"
"7mlc","Mejora tu regate | 10 ejercicios fáciles de regate con control de tiros cortos","https://www.youtube.com/watch?v=rTdHPcQQMwM","localizado; visionado pendiente"
"7mlc","10 ejercicios sencillos para mejorar el primer toque | Mejora tu primer toque con estos ejercicios","https://www.youtube.com/watch?v=bKu95ajSX74","localizado; visionado pendiente"
"7mlc","I Signed With a Professional Club | A Full Day Of Team Preseason Training","https://www.youtube.com/watch?v=eGDumLAkNGs","localizado; visionado pendiente"
"7mlc","Learn 25 EASY Match SKILLS in 25 Minutes | Simple Dribbling Moves Tutorial For Footballers","https://www.youtube.com/watch?v=iNAJR_eVf80","localizado; visionado pendiente"
"7mlc","5 ejercicios de entrenamiento para MEDIOCAMPISTAS | Cinco ejercicios sencillos para mediocampistas","https://www.youtube.com/watch?v=C7Icku--MhU","localizado; visionado pendiente"
"7mlc","5 ejercicios de regate esenciales para futbolistas | Mejora tu regate con control cercano","https://www.youtube.com/watch?v=kbEwDQvm9GM","localizado; visionado pendiente"
"7mlc","Primer toque, atención y definición | Entrenamiento completo con Beestera Soccer Training","https://www.youtube.com/watch?v=SRk-CLiItXc","localizado; visionado pendiente"
"7mlc","5 HABILIDADES FÁCILES para mejorar el control del balón en espacios reducidos | 5 ejercicios de d...","https://www.youtube.com/watch?v=4ohw2gfe7YQ","localizado; visionado pendiente"
"7mlc","10 ejercicios de malabarismo fáciles para hacer en casa | Mejora tu control del balón","https://www.youtube.com/watch?v=MNWKSpZRTgU","localizado; visionado pendiente"
"7mlc","10 Individual First Touch Exercises For Footballers | Improve Your First Touch At Home","https://www.youtube.com/watch?v=3ys-LNy_jsM","localizado; visionado pendiente"
"7mlc","How To Train Like a Premier League Footballer | 3 Premier League Level Football Fitness Drills","https://www.youtube.com/watch?v=GTnbgXdsK8A","localizado; visionado pendiente"
"7mlc","Improve Your First Touch At Home With These Exercises | 10 Individual First Touch Drills","https://www.youtube.com/watch?v=0-pASz1Z3-8","localizado; visionado pendiente"
"7mlc","35 Individual First Touch Training Exercises | Improve Your First Touch With These Drills","https://www.youtube.com/watch?v=pxFxs586HMY","localizado; visionado pendiente"
"7mlc","30 ejercicios fáciles para dominar el balón | Mejora tu control en espacios reducidos","https://www.youtube.com/watch?v=Boyi-qv3v0Q","localizado; visionado pendiente"
"7mlc","Entrenamiento de Extremos | Entrenamiento completo específico para extremos de futbolistas","https://www.youtube.com/watch?v=x4Yi7FHSWKk","localizado; visionado pendiente"
"7mlc","Cómo hacer pases largos | Mejora tu técnica de pases largos con estos consejos","https://www.youtube.com/watch?v=hXeOcENzdNM","localizado; visionado pendiente"
"7mlc","Mejora tu aceleración con y sin balón | Entrenamiento de aceleración para futbolistas","https://www.youtube.com/watch?v=9FLbl9uVGXw","localizado; visionado pendiente"
"7mlc","First Touch and Finishing Training For Footballers | Full Off Season Training Session","https://www.youtube.com/watch?v=smhYU8NByLU","localizado; visionado pendiente"
"7mlc","Full Training Day In Miami | Training With Professional Players","https://www.youtube.com/watch?v=FL9armoBqzk","localizado; visionado pendiente"
"7mlc","Entrenamiento de percepción, primer toque y toma de decisiones para futbolistas | Sesión de entre...","https://www.youtube.com/watch?v=f8_uq9kFJHo","localizado; visionado pendiente"
"7mlc","Aprende el chipping | Tutorial para futbolistas: Cómo hacer un chipping al portero","https://www.youtube.com/watch?v=0rIJidPAzLM","localizado; visionado pendiente"
"7mlc","Improve Your Dribbling Speed and Control | 3 Simple Dribbling Training Drills For Footballers","https://www.youtube.com/watch?v=KsU-Rpn4xSk","localizado; visionado pendiente"
"7mlc","First Touch Training Session For Footballers | Complete First Touch Training Session","https://www.youtube.com/watch?v=OwcL4nq8Qas","localizado; visionado pendiente"
"7mlc","Ejercicios de entrenamiento técnico individual para extremos | Sesión de entrenamiento para extre...","https://www.youtube.com/watch?v=5yk3Gd2arzI","localizado; visionado pendiente"
"7mlc","Ejercicios individuales de dominio de balón | Sesión completa de entrenamiento de dominio de baló...","https://www.youtube.com/watch?v=vQG1y8WxaqA","localizado; visionado pendiente"
"7mlc","Technical Training Session | Improve Your Technique With These Group Training Drills","https://www.youtube.com/watch?v=PWp4J0mGGpk","localizado; visionado pendiente"
"7mlc","How I Increase My Running Speed | Full Explosive Speed Training Session","https://www.youtube.com/watch?v=Bc53mUpR5O0","localizado; visionado pendiente"
"7mlc","Awareness and Decision Making Training | Full Training Session With Detailed Coaching Points","https://www.youtube.com/watch?v=5X21mVmMr1M","localizado; visionado pendiente"
"7mlc","First Touch Training Drills | Full First Touch Training Session With Detailed Coaching Points","https://www.youtube.com/watch?v=XyVa1ynAFBA","localizado; visionado pendiente"
"7mlc","Sesión de entrenamiento de movimiento sin balón | Sesión de entrenamiento completa con puntos de ...","https://www.youtube.com/watch?v=0MY-mBcKn8M","localizado; visionado pendiente"
"7mlc","Cómo DOMINAR la VOLEA LATERAL | Tutorial en 5 sencillos pasos","https://www.youtube.com/watch?v=1qJ1fhaY23A","localizado; visionado pendiente"
"7mlc","First Touch and Awareness Training | Full Training Session With The Technique Trainer","https://www.youtube.com/watch?v=9KMC-ZUlO4Y","localizado; visionado pendiente"
"7mlc","5 HABILIDADES FÁCILES PARA EL MEDIOCAMPO | Cinco habilidades para que los mediocampistas centrale...","https://www.youtube.com/watch?v=88FoIixq0ok","localizado; visionado pendiente"
"7mlc","Cómo MARCAR GOLES | 5 consejos sencillos para una definición clínica","https://www.youtube.com/watch?v=QWdFnfYj7hM","localizado; visionado pendiente"
"7mlc","Full Technical Training Session | Full Training Session With The Technique Trainer","https://www.youtube.com/watch?v=LK1_DcedVVw","localizado; visionado pendiente"
"7mlc","10 ejercicios rápidos de pies | Mejora tu rendimiento con estos sencillos ejercicios","https://www.youtube.com/watch?v=t_U2jvVZAh8","localizado; visionado pendiente"
"7mlc","5 consejos para recuperarse de una lesión | Consejos de recuperación para deportistas","https://www.youtube.com/watch?v=0J3uogQnqA8","localizado; visionado pendiente"
"7mlc","Cómo anotar medias voleas imparables | 5 consejos para golpear el balón al bote","https://www.youtube.com/watch?v=bpwPfxX9AkA","localizado; visionado pendiente"
"7mlc","Cómo driblar con VELOCIDAD | 5 consejos para un dribling MÁS RÁPIDO","https://www.youtube.com/watch?v=hZx_ZjzhqBE","localizado; visionado pendiente"
"7mlc","5 HABILIDADES PARA EXTREMOS | Cinco movimientos para superar a los defensores en la banda","https://www.youtube.com/watch?v=ygz_wkaEOOg","localizado; visionado pendiente"
"7mlc","Día completo de entrenamiento fuera de temporada | Entrenamiento en el gimnasio y ejercicios de v...","https://www.youtube.com/watch?v=fteOeypz8SE","localizado; visionado pendiente"
"7mlc","5 habilidades fáciles para dominar la finta de tiro | Cinco técnicas para dominar la finta de tiro","https://www.youtube.com/watch?v=aWdlI3zbNYg","localizado; visionado pendiente"
"7mlc","3 ejercicios sencillos de regate con control cercano | Tres ejercicios de regate para mejorar el ...","https://www.youtube.com/watch?v=rwWmH7pEjcQ","localizado; visionado pendiente"
"7mlc","Full Individual Training Session For Footballers | The Off Season Training Series","https://www.youtube.com/watch?v=PNVO0ENq0hI","localizado; visionado pendiente"
"7mlc","5 Easy First Touch Tips | Improve Your First Touch With These 5 Simple Tips","https://www.youtube.com/watch?v=wtNsLLhba5Q","localizado; visionado pendiente"
"7mlc","Full Essential Technical Training Day | First Touch, Passing and Finishing Drills For Footballers","https://www.youtube.com/watch?v=ccNHSYUJX7A","localizado; visionado pendiente"
"7mlc","5 Total Ball Control Exercises | 5 Simple Exercises To Master Your Ball Control","https://www.youtube.com/watch?v=V7opiY_uLnM","localizado; visionado pendiente"
"7mlc","5 habilidades para dominar el arrastre en L | Cinco habilidades sencillas para dominar el arrastr...","https://www.youtube.com/watch?v=rkerCiTxrHY","localizado; visionado pendiente"
"7mlc","Full Winger Training Session | Position Specific Training Session For Wingers","https://www.youtube.com/watch?v=bhXP9Yi7dhs","localizado; visionado pendiente"
"7mlc","5 consejos fáciles para aumentar la potencia de tiro | Tutorial paso a paso sobre cómo disparar c...","https://www.youtube.com/watch?v=uTCLJ4_i8o0","localizado; visionado pendiente"
"7mlc","Sharp Movement and First Touch Session | Full Training Session With Beestera Soccer Training","https://www.youtube.com/watch?v=jAj-IwgyvBA","localizado; visionado pendiente"
"7mlc","Cinco habilidades para dominar el corte en V | Cinco habilidades fáciles para dominar el corte en V","https://www.youtube.com/watch?v=3ImgZ2yJ39s","localizado; visionado pendiente"
"7mlc","5 Easy Sole Roll Mastery Skills | Master The Sole Roll With These Simple Ball Mastery Exercises","https://www.youtube.com/watch?v=SxI9PjFG_KQ","localizado; visionado pendiente"
"7mlc","Full Clinical Finishing Training Session | Finishing Drills To Improve Movement and Finishing","https://www.youtube.com/watch?v=6DWxxHV81IQ","localizado; visionado pendiente"
"7mlc","Full Speed Training Session | Training Drills To Improve Speed & Acceleration For Football","https://www.youtube.com/watch?v=1enUeG0i3Gw","localizado; visionado pendiente"
"7mlc","Día de entrenamiento de agilidad en la playa y entrenamiento pliométrico | Serie de entrenamiento...","https://www.youtube.com/watch?v=hLbajkG6mcQ","localizado; visionado pendiente"
"7mlc","Football Fitness Training Session | Raw Training Footage and Data Analysis","https://www.youtube.com/watch?v=1lvhOgKker4","localizado; visionado pendiente"
"7mlc","Full Finishing Training Session | Drills To Improve Attacking Movement and Clinical Finishing","https://www.youtube.com/watch?v=07AF5UcUj0Q","localizado; visionado pendiente"
"7mlc","La bota de fútbol más ligera de 2020 | Prueba de juego y reseña del prototipo inédito Puma Ultra","https://www.youtube.com/watch?v=r4H21ocUZ7c","localizado; visionado pendiente"
"7mlc","5 Easy Close Control Ball Mastery Skills | 5 Exercises To Improve Inside Foot Ball Control","https://www.youtube.com/watch?v=T7iOji3xexM","localizado; visionado pendiente"
"7mlc","5 ejercicios sencillos de primer toque aéreo | Cinco ejercicios de entrenamiento individuales par...","https://www.youtube.com/watch?v=ON8mSEeXI8o","localizado; visionado pendiente"
"7mlc","Entrenamiento individual completo | Cómo estructuro mis entrenamientos individuales","https://www.youtube.com/watch?v=c3kwh5Nf-eA","localizado; visionado pendiente"
"7mlc","Awareness & Off The Ball Movement Training Session | Drills To Improve Decision Making","https://www.youtube.com/watch?v=KmHmBHNnEbo","localizado; visionado pendiente"
"7mlc","Nike Flight Ball Play Test & Review | Can This Ball Really Improve Shooting Accuracy?","https://www.youtube.com/watch?v=bo3ZdqdwasI","localizado; visionado pendiente"
"7mlc","5 ejercicios individuales para mejorar el primer toque | Entrenamiento individual de primer toque...","https://www.youtube.com/watch?v=Ie73lVR12Qk","localizado; visionado pendiente"
"7mlc","Sesión de entrenamiento técnico fundamental | Ejercicios esenciales para futbolistas","https://www.youtube.com/watch?v=9I_lWFoSkhM","localizado; visionado pendiente"
"7mlc","Nike Mercurial Superfly 7 Elite | Prueba de juego y reseña del Nike Neighborhood Pack","https://www.youtube.com/watch?v=5jSuhQD8G90","localizado; visionado pendiente"
"7mlc","First Touch, Finishing and Recovery Session | Off Season Training Episode Two","https://www.youtube.com/watch?v=K85H3KrKHaM","localizado; visionado pendiente"
"7mlc","Calentamiento de dominio del balón | 5 ejercicios de dominio del balón para ganar confianza","https://www.youtube.com/watch?v=5r-kAU8oRcU","localizado; visionado pendiente"
"7mlc","Entrenamiento de fuerza para la parte superior del cuerpo y sesión de entrenamiento grupal | Entr...","https://www.youtube.com/watch?v=s9imSwALaD0","localizado; visionado pendiente"
"7mlc","5 ejercicios esenciales de pase y recepción | Ejercicios de entrenamiento para mejorar el primer ...","https://www.youtube.com/watch?v=Z2Es_o-Rmh8","localizado; visionado pendiente"
"7mlc","10 Easy Juggling Exercises To Improve Your Ball Control | Improve Your First Touch Without Equipment","https://www.youtube.com/watch?v=_Yc2fYf9WBc","localizado; visionado pendiente"
"7mlc","Rutina rápida de 10 minutos para pies | Ejercicios para aumentar la velocidad y la coordinación d...","https://www.youtube.com/watch?v=QMN3NI73MBM","localizado; visionado pendiente"
"7mlc","10 ejercicios para un control total del balón | Ejercicios para mejorar el dominio del balón, el ...","https://www.youtube.com/watch?v=PdPHBd33R68","localizado; visionado pendiente"
"7mlc","10 First Touch Mastery Exercises | Master Your First Touch With These Simple Exercises","https://www.youtube.com/watch?v=YKd9fYNAvHk","localizado; visionado pendiente"
"7mlc","Entrenamiento con peso corporal en casa y entrenamiento de regate | Entrenamiento de cuerpo compl...","https://www.youtube.com/watch?v=gjLvF7qNqy8","localizado; visionado pendiente"
"7mlc","10 Essential First Touch Drills | Improve Your First Touch With These Individual Training Drills","https://www.youtube.com/watch?v=phYwvJLMfS0","localizado; visionado pendiente"
"7mlc","Día de entrenamiento para la parte inferior del cuerpo | Ejercicios de fortalecimiento de piernas...","https://www.youtube.com/watch?v=SEWHwiNuYl4","localizado; visionado pendiente"
"7mlc","15 Habilidades Fáciles para Dominar el Balón | Quince Ejercicios Dinámicos para Mejorar el Contro...","https://www.youtube.com/watch?v=b6j5j9PIYe8","localizado; visionado pendiente"
"7mlc","5 ejercicios de definición esenciales para ser un delantero letal | Mete más goles con estos ejer...","https://www.youtube.com/watch?v=jOXk5u1ZvYA","localizado; visionado pendiente"
"7mlc","5 ejercicios rápidos para pies para mejorar la velocidad | Entrenamiento de pies rápidos y coordi...","https://www.youtube.com/watch?v=o7SUtgpPoYw","localizado; visionado pendiente"
"7mlc","5 Speed & Agility Drills You Can Do in Small Spaces | Get Faster With These Drills","https://www.youtube.com/watch?v=dONb6vydm0w","localizado; visionado pendiente"
"7mlc","My Weekly Training Schedule | How I Structure My Training Week","https://www.youtube.com/watch?v=23kB66qJUjk","localizado; visionado pendiente"
"7mlc","Mini Maestro Día Cinco | Programa de entrenamiento de control de balón de 5 días | Domina el baló...","https://www.youtube.com/watch?v=dWja7QPJUIc","localizado; visionado pendiente"
"7mlc","Mini Maestro, día cuatro | Programa de entrenamiento de 5 días para dominar el balón | Domina el ...","https://www.youtube.com/watch?v=KraUbErcMmc","localizado; visionado pendiente"
"7mlc","Mini Maestro Day Three | 5 Day Ball Mastery Training Program | Master The Ball With These Exercises","https://www.youtube.com/watch?v=DyXLka_Z7c8","localizado; visionado pendiente"
"7mlc","Mini Maestro, día dos | Programa de entrenamiento de 5 días para dominar el balón | Domina el bal...","https://www.youtube.com/watch?v=ExTcvRUavgQ","localizado; visionado pendiente"
"7mlc","Mini Maestro Día Uno | Programa de entrenamiento de dominio del balón de 5 días | Domina el balón...","https://www.youtube.com/watch?v=wCulyef3-Iw","localizado; visionado pendiente"
"7mlc","Join My Virtual Training Club | Train With Me Live Through The Band App","https://www.youtube.com/watch?v=8Gk-ffE52Ek","localizado; visionado pendiente"
"7mlc","Full Individual Technical Training Session | Technical Drills and Aztec Match Ball Play Test","https://www.youtube.com/watch?v=hUzlBfAFRVo","localizado; visionado pendiente"
"7mlc","20 Minute Home Workout For Footballers | Full Inside Training Session To Improve At Home","https://www.youtube.com/watch?v=VguvE8aiWd4","localizado; visionado pendiente"
"7mlc","Entrenamiento en casa de 1000 toques | Mantén la concentración con el balón en casa","https://www.youtube.com/watch?v=thYuSdMjKxQ","localizado; visionado pendiente"
"7mlc","5 técnicas fáciles de malabarismo/estilo libre para principiantes | Aprende estos sencillos truco...","https://www.youtube.com/watch?v=xSpvUfTBWx8","localizado; visionado pendiente"
"7mlc","5 ejercicios de regate que puedes hacer en casa | Entrenamiento de regate en espacios reducidos","https://www.youtube.com/watch?v=oC9NIqqX5Tw","localizado; visionado pendiente"
"7mlc","Consejos para entrenar en casa | Con el futbolista profesional Jack Blake","https://www.youtube.com/watch?v=9IMhIlXzOWY","localizado; visionado pendiente"
"7mlc","5 técnicas fáciles para dominar las fintas corporales | Mejora tus fintas corporales con estos ej...","https://www.youtube.com/watch?v=OX4WUr3TCfA","localizado; visionado pendiente"
"7mlc","Entrenamiento de control de balón de 10 minutos que puedes hacer en casa | Programa de entrenamie...","https://www.youtube.com/watch?v=U3N_qXaqrtI","localizado; visionado pendiente"
"7mlc","Entrenamiento en casa de 10 minutos para futbolistas | Sesión completa en espacios reducidos","https://www.youtube.com/watch?v=fXvTV6DnpaE","localizado; visionado pendiente"
"7mlc","Goals, Skills & Assists | The Season | Final Episode","https://www.youtube.com/watch?v=eHP62XqKZrk","localizado; visionado pendiente"
"7mlc","How To Whip A Ball | Step By Step Free Kick Shooting Tutorial","https://www.youtube.com/watch?v=2bpIDwcVXTM","localizado; visionado pendiente"
"7mlc","5 Habilidades Fáciles para Dominar el Paso por Arriba | Cinco Ejercicios de Dominio del Balón par...","https://www.youtube.com/watch?v=lUNkEHw_kXE","localizado; visionado pendiente"
"7mlc","10 movimientos de regate para superar a los defensas | Tutorial paso a paso de habilidades de regate","https://www.youtube.com/watch?v=_uuqsGCiM9I","localizado; visionado pendiente"
"7mlc","Mi rutina diaria de entrenamiento | La temporada | Episodio 17","https://www.youtube.com/watch?v=L5zD7iR3aEA","localizado; visionado pendiente"
"7mlc","Entrenamiento de agilidad, reacción y toma de decisiones | Ejercicios para mejorar la conciencia ...","https://www.youtube.com/watch?v=4baPrBXxlWY","localizado; visionado pendiente"
"7mlc","15 ejercicios de coordinación y agilidad de pies | Sesión completa de entrenamiento de velocidad ...","https://www.youtube.com/watch?v=7qc-Db_UA5I","localizado; visionado pendiente"
"7mlc","Playing Against The Best Team in the League | The Season | Episode 16","https://www.youtube.com/watch?v=rNLltSgTUPI","localizado; visionado pendiente"
"7mlc","5 Habilidades Fáciles para Dominar el Balón | Ejercicios de Dominio del Balón para Futbolistas","https://www.youtube.com/watch?v=mn0rg1atU4U","localizado; visionado pendiente"
"7mlc","One Goal & Two Assists | The Season | Episode Fifteen","https://www.youtube.com/watch?v=A873Sur0tRY","localizado; visionado pendiente"
"7mlc","3 Essential Ways To Control The Ball | Easy First Touch Tutorial For Footballers","https://www.youtube.com/watch?v=fSO5WRHGFyE","localizado; visionado pendiente"
"7mlc","Cómo marcar goles de cabeza | Tutorial de cabeceo fácil paso a paso para futbolistas","https://www.youtube.com/watch?v=bN4vkRPs4zo","localizado; visionado pendiente"
"7mlc","Back On The Pitch | Game Day | The Season Episode 14","https://www.youtube.com/watch?v=7rnw0CNt1jY","localizado; visionado pendiente"
"7mlc","7 formas esenciales de controlar el balón en el aire | Tutorial de habilidades para un primer toq...","https://www.youtube.com/watch?v=JlPfNgGNbqw","localizado; visionado pendiente"
"7mlc","El programa definitivo de entrenamiento del primer toque | CONTROLLO | Controla el balón, control...","https://www.youtube.com/watch?v=NnuKpc8kEUE","localizado; visionado pendiente"
"7mlc","Improvements | Technical Training and Gym Session | The Season Episode 13","https://www.youtube.com/watch?v=OEkamgA_uP4","localizado; visionado pendiente"
"7mlc","How Pro Athletes Recover | My Full Recovery Routine | The Season Episode 12","https://www.youtube.com/watch?v=99jWnjE28Ug","localizado; visionado pendiente"
"7mlc","Primer partido en casa de 2020 | La temporada Episodio 11","https://www.youtube.com/watch?v=bm4K0IYfIgg","localizado; visionado pendiente"
"7mlc","10 ejercicios para fortalecer rodillas y piernas | Entrenamiento en casa para fortalecer las piernas","https://www.youtube.com/watch?v=FcN4zBmUoG8","localizado; visionado pendiente"
"7mlc","New Year Announcement! | The 7mlc Podcast","https://www.youtube.com/watch?v=SFALK-g8fQg","localizado; visionado pendiente"
"7mlc","10 ejercicios fáciles de dominio del balón | Entrenamiento de control en espacios reducidos sin e...","https://www.youtube.com/watch?v=eYmDq9bVgTc","localizado; visionado pendiente"
"7mlc","5 ejercicios esenciales de regate | Mejora tu regate con estos cinco ejercicios de entrenamiento ...","https://www.youtube.com/watch?v=Sdv6Y1tqE4U","localizado; visionado pendiente"
"7mlc","3 ejercicios de velocidad y agilidad | Aumenta tu velocidad y agilidad con estos ejercicios","https://www.youtube.com/watch?v=6TPtiKB4lfg","localizado; visionado pendiente"
"7mlc","First Away Game Of The Season and How I Train The Day Before a Match | The Season | Episode 10","https://www.youtube.com/watch?v=MUl35FAEzAw","localizado; visionado pendiente"
"7mlc","5 ejercicios para mejorar el control del balón en espacios reducidos | Ejercicios de dominio del ...","https://www.youtube.com/watch?v=9fv6xXMfhxk","localizado; visionado pendiente"
"7mlc","Rutina del día del partido de un jugador profesional de fútbol sala | La temporada | Episodio 9","https://www.youtube.com/watch?v=NADn0K1kU94","localizado; visionado pendiente"
"7mlc","5 Easy Tight Space Dribbling Skills To Beat Defenders | Easy Dribbling Skills Tutorial","https://www.youtube.com/watch?v=fY5THLQ83pM","localizado; visionado pendiente"
"7mlc","Entrenamiento de primer toque/pase preciso y momentos destacados del partido de pretemporada | La...","https://www.youtube.com/watch?v=Sj_B145Y2LA","localizado; visionado pendiente"
"7mlc","Entrenamiento de control de primer toque de 1000 toques | Sesión de entrenamiento de primer toque...","https://www.youtube.com/watch?v=mQXDJGLWdGI","localizado; visionado pendiente"
"7mlc","5 ejercicios individuales para mejorar el control en espacios reducidos | Cinco ejercicios de dom...","https://www.youtube.com/watch?v=4-sU3yRixss","localizado; visionado pendiente"
"7mlc","Individual Shooting Drills and Team Training | The Season | Episode Seven","https://www.youtube.com/watch?v=Qw3nG5q15Tg","localizado; visionado pendiente"
"7mlc","Rapido: The Ultimate Explosive Speed Training Program | The Season | Episode Six","https://www.youtube.com/watch?v=dvz7GnR0MMw","localizado; visionado pendiente"
"7mlc","Sesión de entrenamiento individual de tiro contra un portero profesional | La temporada | Episodio 5","https://www.youtube.com/watch?v=Oy0lfPImmXg","localizado; visionado pendiente"
"7mlc","Group Technical Training Session and Footballer Gym Workout  | The Season | Episode 4","https://www.youtube.com/watch?v=9RWWJqBqwGU","localizado; visionado pendiente"
"7mlc","Press Conference, Home Stadium Tour and Team Training Session | The Season | Episode 3","https://www.youtube.com/watch?v=ToyMirQR8hw","localizado; visionado pendiente"
"7mlc","3 técnicas fáciles para que los extremos superen a los defensas | Tutorial de regates uno contra ...","https://www.youtube.com/watch?v=s8yupfuwDmw","localizado; visionado pendiente"
"7mlc","10 ejercicios de velocidad explosivos | Entrenamiento sin equipo/con peso corporal que puedes hac...","https://www.youtube.com/watch?v=FYJJbwG_i8U","localizado; visionado pendiente"
"7mlc","Entrenamiento en el gimnasio, consejos de nutrición y entrenamiento en equipo | La temporada | Ep...","https://www.youtube.com/watch?v=PrqESiuzJnk","localizado; visionado pendiente"
"7mlc","5 ejercicios para mejorar el control del balón | Ejercicios avanzados de dominio de balón para fu...","https://www.youtube.com/watch?v=kPWm4fBxHD0","localizado; visionado pendiente"
"7mlc","The Season | A Day In The Life of a Pro Indoor Footballer | Episode One","https://www.youtube.com/watch?v=Jlwm-ByxQ4g","localizado; visionado pendiente"
"7mlc","Cómo elegir las botas de fútbol perfectas | Qué hacer y qué no hacer al elegir botas de fútbol","https://www.youtube.com/watch?v=aB_Bal_EtOU","localizado; visionado pendiente"
"7mlc","Entrena pies rápidos sin equipo | 10 ejercicios rápidos de juego de pies para aumentar la velocidad","https://www.youtube.com/watch?v=gt_8BAWnUI8","localizado; visionado pendiente"
"7mlc","30 movimientos de regate fáciles para superar a los defensores | Aprende estas 30 técnicas de regate","https://www.youtube.com/watch?v=Zm1cv4Mrp_E","localizado; visionado pendiente"
"7mlc","Entrenamiento de regate de 1000 toques para futbolistas | Entrenamiento de 1000 toques sin equipo...","https://www.youtube.com/watch?v=adMFN7YZFiU","localizado; visionado pendiente"
"7mlc","10 ejercicios rápidos para aumentar la velocidad de los pies | Ejercicios de entrenamiento para d...","https://www.youtube.com/watch?v=WwOYqwSEb5A","localizado; visionado pendiente"
"7mlc","50 ejercicios de control del balón para mejorar la destreza y la velocidad con los pies | Ejercic...","https://www.youtube.com/watch?v=ObncYq18lMw","localizado; visionado pendiente"
"7mlc","Ejercicios de reacción, control orientado y tiro | Sesión de entrenamiento privada completa","https://www.youtube.com/watch?v=xziRuX-uNZs","localizado; visionado pendiente"
"7mlc","How To Score a Curling Free Kick | Step By Step Free Kick Shooting Tutorial","https://www.youtube.com/watch?v=uVJ0oavP77E","localizado; visionado pendiente"
"7mlc","Advanced SAQ, Ball Receiving & Finishing Drills | Full Private Pro Football Training Session","https://www.youtube.com/watch?v=cEEICIirmJQ","localizado; visionado pendiente"
"7mlc","Tutorial de 3 técnicas de Rainbow Flick | Guía sencilla de regate paso a paso","https://www.youtube.com/watch?v=uyXDSfHxx4I","localizado; visionado pendiente"
"7mlc","5 habilidades de partido fáciles y efectivas para superar defensas | Tutorial de regate fácil par...","https://www.youtube.com/watch?v=8XBSak8IUHE","localizado; visionado pendiente"
"7mlc","5 Drills to Upgrade Your Skills | Five Ball Mastery Exercises to Increase Skill Level","https://www.youtube.com/watch?v=t8LLVAb9gPo","localizado; visionado pendiente"
"7mlc","Entrenamiento de 1000 toques Pt 3 | Mejora tu pase y primer toque sin equipo","https://www.youtube.com/watch?v=7Y9nDetV0us","localizado; visionado pendiente"
"7mlc","Sesión de puesta a punto antes del partido | Ejercicios de entrenamiento de baja intensidad: prim...","https://www.youtube.com/watch?v=Z5KVFP4qZXM","localizado; visionado pendiente"
"7mlc","Ejercicios de movimiento sin balón y tiros | Entrenamiento de pretemporada con dos jugadores univ...","https://www.youtube.com/watch?v=cea04Dxw6Yo","localizado; visionado pendiente"
"7mlc","Michael Cunningham | Dribbles, Skills, Goals, Passes | 2019 Season Highlights","https://www.youtube.com/watch?v=t0AIUUn8kYg","localizado; visionado pendiente"
"7mlc","Ejercicios de pase, primer toque y definición | Sesión de entrenamiento completa con entrenador c...","https://www.youtube.com/watch?v=7N7IM4h2CDE","localizado; visionado pendiente"
"7mlc","Entrenamiento de 1000 toques, parte 2 | Mejora el control del balón sin equipo","https://www.youtube.com/watch?v=iNCCr7skVsg","localizado; visionado pendiente"
"7mlc","Nemeziz 19+ Play Test and Review | Adidas Nemeziz 'Inner Game' Football Boots","https://www.youtube.com/watch?v=0yJAdvt1wfA","localizado; visionado pendiente"
"7mlc","Maestro 2.0: Dominio del balón redefinido | Nuevo programa de entrenamiento de 7 días para el dom...","https://www.youtube.com/watch?v=Hj4WB6tYIqI","localizado; visionado pendiente"
"7mlc","Prueba de juego y reseña de los Nike Tiempo Legend 8 | Probando los nuevos botines de fútbol Nike","https://www.youtube.com/watch?v=WxmmFIFUliM","localizado; visionado pendiente"
"7mlc","15 habilidades fáciles de freestyle/dominadas | Aprende estos trucos sencillos de fútbol freestyle","https://www.youtube.com/watch?v=ZJvVihqO1NM","localizado; visionado pendiente"
"7mlc","5 Essential Dribbling Drills | Improve Your Dribbling With These Individual Training Drills","https://www.youtube.com/watch?v=E-m58YkAsL8","localizado; visionado pendiente"
"7mlc","10 habilidades fáciles para girar a los defensores | Cómo cambiar de dirección con habilidad con ...","https://www.youtube.com/watch?v=Kq8yGgtKwfI","localizado; visionado pendiente"
"7mlc","32 Close Control Dribbling Cone Drills | Improve Your Close Control Dribbling","https://www.youtube.com/watch?v=NMfLJynwyTk","localizado; visionado pendiente"
"7mlc","Multi Finishing, First Touch and Passing Drills For Footballers | Full Small Group Training Session","https://www.youtube.com/watch?v=CIjf9IAK9hs","localizado; visionado pendiente"
"7mlc","Individual Crossing & Shooting Drills | Full Training Session For Footballers","https://www.youtube.com/watch?v=N5zyoO4bL2U","localizado; visionado pendiente"
"7mlc","Full Training Session With a Teammate | Technical and Position Specific Drills For Footballers","https://www.youtube.com/watch?v=J3zvhXluD08","localizado; visionado pendiente"
"7mlc","3 ejercicios individuales para extremos | Ejercicios de regate, centros y tiros para extremos","https://www.youtube.com/watch?v=4kYORAMzBsA","localizado; visionado pendiente"
"7mlc","Sesión de entrenamiento profesional personalizada con el entrenador de técnica | Sesión completa","https://www.youtube.com/watch?v=DSMJDLCHqOY","localizado; visionado pendiente"
"7mlc","Small Space Training Session | How To Train In Small Spaces Effectively","https://www.youtube.com/watch?v=oJoY7-wbmvs","localizado; visionado pendiente"
"7mlc","Finishing Training Session | Full Shooting Training Session For Wingers","https://www.youtube.com/watch?v=6Hw3U8F03nw","localizado; visionado pendiente"
"7mlc","Fitness Treadmill Workout For Footballers | Boost Your Stamina With This 10 Minute Workout","https://www.youtube.com/watch?v=cCgzjsawCIU","localizado; visionado pendiente"
"7mlc","Botas de fútbol con cordones vs. sin cordones | ¿Cuáles deberías elegir? Prueba de juego y reseña...","https://www.youtube.com/watch?v=h00hIPMiD8E","localizado; visionado pendiente"
"7mlc","15 ejercicios de control de balón en espacios reducidos | Mejora tu dominio del balón en espacios...","https://www.youtube.com/watch?v=v3yFCVMY56Q","localizado; visionado pendiente"
"7mlc","Sesión de trabajo de pies, dominio del balón y regate a velocidad | Sesión de entrenamiento compl...","https://www.youtube.com/watch?v=InTdnX49xJk","localizado; visionado pendiente"
"7mlc","Entrenamiento individual con un portero profesional | Ejercicios de definición y de portero","https://www.youtube.com/watch?v=MTUZmuVzVkM","localizado; visionado pendiente"
"7mlc","Entrenamiento de prevención de lesiones para futbolistas | Sesión completa de entrenamiento en el...","https://www.youtube.com/watch?v=GLAaHp3sJkQ","localizado; visionado pendiente"
"7mlc","First Touch, Off The Ball Movement & Finishing Training Session | Featuring Beestera Soccer Training","https://www.youtube.com/watch?v=i0naIgV_y9c","localizado; visionado pendiente"
"7mlc","Cómo conseguir una prueba de fútbol e impresionar a los entrenadores | Detrás de escena de una pr...","https://www.youtube.com/watch?v=YqyJwg4JDEc","localizado; visionado pendiente"
"7mlc","Football Fitness Training | Drills To Build Football Specific Endurance","https://www.youtube.com/watch?v=TozDsW3Oz2E","localizado; visionado pendiente"
"7mlc","Entrenando con un entrenador técnico profesional: Sesión completa de entrenamiento específico par...","https://www.youtube.com/watch?v=R7-xRhH5tw0","localizado; visionado pendiente"
"7mlc","Batalla de tiros libres y disparos contra The Technique Trainer y un portero profesional","https://www.youtube.com/watch?v=UWEyU3LLvNc","localizado; visionado pendiente"
"7mlc","Resumen de la temporada bajo techo de Michael Cunningham 2019 | Goles, asistencias, regates, pases","https://www.youtube.com/watch?v=MWGe7nCH5n0","localizado; visionado pendiente"
"7mlc","A Day In The Life of an Indoor Footballer | Going To Nationals In California","https://www.youtube.com/watch?v=DKeRdJT7h9g","localizado; visionado pendiente"
"7mlc","Sesión de regates de velocidad explosiva | Sé más rápido con y sin el balón","https://www.youtube.com/watch?v=W7T673il6Ug","localizado; visionado pendiente"
"7mlc","Football Conditioning Session | Improve Your Fitness With The Ball","https://www.youtube.com/watch?v=blLts_HWGdI","localizado; visionado pendiente"
"7mlc","Entrenamiento de los 1000 toques | Entrenamiento individual sin equipo para futbolistas","https://www.youtube.com/watch?v=5g7ZuQD--6o","localizado; visionado pendiente"
"7mlc","Ejercicios de entrenamiento para mediocampistas centrales | Fundamentos para jugar en el centro d...","https://www.youtube.com/watch?v=InS1CPYQus8","localizado; visionado pendiente"
"7mlc","Ejercicios de control del balón y primer toque | Mejora tu confianza con el balón","https://www.youtube.com/watch?v=rQRKtUqKtnc","localizado; visionado pendiente"
"7mlc","Aprende estos 5 trucos de Neymar | Tutorial de regate y prueba de las botas Neymar Silencio","https://www.youtube.com/watch?v=6l-1vysSdbg","localizado; visionado pendiente"
"7mlc","5 ejercicios individuales de entrenamiento de regate | Entrenamiento inspirado en Messi, Neymar, ...","https://www.youtube.com/watch?v=Q7vUtARlRgY","localizado; visionado pendiente"
"7mlc","Entrenamiento de concienciación y toma de decisiones | Ejercicios para mejorar la agudeza mental","https://www.youtube.com/watch?v=pXS8tEaz1zI","localizado; visionado pendiente"
"7mlc","Ejercicios de control de espacios reducidos | Mejora tu toque con estos ejercicios","https://www.youtube.com/watch?v=ezi5VhbOgsQ","localizado; visionado pendiente"
"7mlc","Technical Training Drills For Footballers | Full Partner Training Session","https://www.youtube.com/watch?v=EnblRs_VYz0","localizado; visionado pendiente"
"7mlc","Entrenando con los Nike Phantom Venom | Prueba y reseña de los Nike Phantom Venom","https://www.youtube.com/watch?v=XHCNExv6PdA","localizado; visionado pendiente"
"7mlc","5 ejercicios esenciales de velocidad y agilidad | Aumenta tu velocidad y cambios de dirección","https://www.youtube.com/watch?v=3ew2m3m5f0M","localizado; visionado pendiente"
"7mlc","15 ejercicios rápidos de juego de pies | Aumenta la velocidad de tus pies con estos ejercicios de...","https://www.youtube.com/watch?v=tMY5Cj39xN8","localizado; visionado pendiente"
"7mlc","First Touch Drills & Free Kicks | Full Partner Training Session","https://www.youtube.com/watch?v=ZI2KrTYQsK0","localizado; visionado pendiente"
"7mlc","Aprende a dominar el balón | 10 ejercicios para mejorar tu control","https://www.youtube.com/watch?v=7QEflsYZp3M","localizado; visionado pendiente"
"7mlc","Ejercicios de tiro para extremos | Sesión completa de entrenamiento de tiro individual","https://www.youtube.com/watch?v=QBGsamPC5Es","localizado; visionado pendiente"
"7mlc","15 ejercicios que todo futbolista debería dominar | Ejercicios esenciales de entrenamiento indivi...","https://www.youtube.com/watch?v=ttbBSoovPc4","localizado; visionado pendiente"
"7mlc","5 técnicas fáciles de ""chop"" para superar defensas | Aprende estos sencillos regates","https://www.youtube.com/watch?v=rr2QNc2XgmM","localizado; visionado pendiente"
"7mlc","Tutorial de 10 técnicas de toques de balón en fútbol americano | Aprende estos 10 toques de balón...","https://www.youtube.com/watch?v=GP3Jghxe8m4","localizado; visionado pendiente"
"7mlc","Magnetico Día Uno | El programa definitivo de entrenamiento de regate de control cercano","https://www.youtube.com/watch?v=6cxiSqA20kg","localizado; visionado pendiente"
"7mlc","| Magnetico | El programa definitivo de entrenamiento de regate con control cercano","https://www.youtube.com/watch?v=qVliKi5ODTg","localizado; visionado pendiente"
"7mlc","Getting Back To Work | Training Session and Goal Setting For 2019","https://www.youtube.com/watch?v=YIFjnrftIqk","localizado; visionado pendiente"
"7mlc","Tutorial de 15 técnicas fáciles de toques | Técnicas de fútbol sencillas paso a paso","https://www.youtube.com/watch?v=f06TVTebxxU","localizado; visionado pendiente"
"7mlc","Ultimate Juggling Challenge For Footballers | Test Your Ball Control","https://www.youtube.com/watch?v=ZYWiGo-mR-Y","localizado; visionado pendiente"
"7mlc","Tutorial de 5 técnicas avanzadas de fútbol | Aprende estos 5 movimientos creativos","https://www.youtube.com/watch?v=-sWqgC_eCH4","localizado; visionado pendiente"
"7mlc","Full Football Specific Workout | Functional Bodyweight and Technical Session For Footballers","https://www.youtube.com/watch?v=MHKrKmYaFXk","localizado; visionado pendiente"
"7mlc","Speed Attack Challenge | 7mlc Speed Dribbling Test","https://www.youtube.com/watch?v=kPkSeANUROw","localizado; visionado pendiente"
"7mlc","Cómo entrenar sin equipo | Sesión de entrenamiento individual completa solo con un balón","https://www.youtube.com/watch?v=JesFH37oKYo","localizado; visionado pendiente"
"7mlc","How To Deal With Criticism | Strength & Conditioning and Technical Training Session","https://www.youtube.com/watch?v=nqHdELk_Z3I","localizado; visionado pendiente"
"7mlc","Mi sesión individual completa de tiro | Ejercicios de primer toque y tiro para futbolistas","https://www.youtube.com/watch?v=2VKJXf92cHg","localizado; visionado pendiente"
"7mlc","5 Easy Elastico Moves To Beat Defenders | One v One Elastico Match Skills","https://www.youtube.com/watch?v=A2vpvVQCGA0","localizado; visionado pendiente"
"7mlc","5 ejercicios para dominar el balón que puedes hacer en casa | Mejora tu control del balón dondequ...","https://www.youtube.com/watch?v=agbbntTLPT8","localizado; visionado pendiente"
"7mlc","My Full Training Session and Recovery | Individual Pitch Session and Vibrating Foam Roller Routine","https://www.youtube.com/watch?v=CV2L8grF4wk","localizado; visionado pendiente"
"7mlc","5 Advanced Stepovers To Beat Defenders One v One | 5 Stepover Variations and Combinations","https://www.youtube.com/watch?v=gH2aQUYH0a4","localizado; visionado pendiente"
"7mlc","5 Easy Stepovers To Beat Defenders | Simple Stepover Variations For Footballers","https://www.youtube.com/watch?v=LPvXR0lq3tM","localizado; visionado pendiente"
"7mlc","Nike Always Forward Pack | Prueba de juego y reseña","https://www.youtube.com/watch?v=v88N4_A7XYA","localizado; visionado pendiente"
"7mlc","5 fintas corporales fáciles para superar defensas | Tutorial de fintas para futbolistas","https://www.youtube.com/watch?v=neA1TK3625c","localizado; visionado pendiente"
"7mlc","Entrenamiento individual de defensa central | 3 ejercicios individuales para ser un mejor defensor","https://www.youtube.com/watch?v=WBQsqKk8KPs","localizado; visionado pendiente"
"7mlc","Individual Fullback Training | 3 Drills To Become a Better Left or Right Back","https://www.youtube.com/watch?v=uwZyXqjX7K8","localizado; visionado pendiente"
"7mlc","Sesión individual de tiro y momentos destacados del partido | Un día en la vida de un futbolista","https://www.youtube.com/watch?v=4Wbx-e-zoII","localizado; visionado pendiente"
"7mlc","10 Ball Mastery Exercises To Improve Your Control | Ball Mastery For Footballers","https://www.youtube.com/watch?v=fKCvB6rAxQc","localizado; visionado pendiente"
"7mlc","Análisis del partido, actualización de la trayectoria profesional y vídeos del juego | Un día en ...","https://www.youtube.com/watch?v=NGZAtH6rS8s","localizado; visionado pendiente"
"7mlc","Tutorial del movimiento característico de Arjen Robben | Cómo cortar hacia dentro y disparar a lo...","https://www.youtube.com/watch?v=AsGJ4zyxMMc","localizado; visionado pendiente"
"7mlc","Tutorial de habilidades de regate brasileño | 5 movimientos de fútbol/futsal para superar a un de...","https://www.youtube.com/watch?v=D8H8gwe48QY","localizado; visionado pendiente"
"7mlc","Entrenamiento individual de reacción rápida | 3 ejercicios de fútbol para mejorar la reacción","https://www.youtube.com/watch?v=fCwA0VUxEk8","localizado; visionado pendiente"
"7mlc","3 ejercicios esenciales de pase y recepción | Ejercicios de entrenamiento individual para futboli...","https://www.youtube.com/watch?v=gedaCw79SlY","localizado; visionado pendiente"
"7mlc","Cómo lograr un tiro de nudillos con efecto descendente | La guía definitiva para disparar con efe...","https://www.youtube.com/watch?v=0oJ8oIudXYs","localizado; visionado pendiente"
"7mlc","Individual Midfielder Training | 3 Drills To Become A Better Central Midfielder","https://www.youtube.com/watch?v=Klk_ZtMTdM0","localizado; visionado pendiente"
"7mlc","Individual Winger Training | Three Individual Training Drills To Become A Better Winger","https://www.youtube.com/watch?v=PrRcaifk-y0","localizado; visionado pendiente"
"7mlc","Individual Striker Training | Three Individual Training Drills to Become a Better Striker","https://www.youtube.com/watch?v=pQtrHC9gNik","localizado; visionado pendiente"
"7mlc","Cómo marcar un gol de media volea | La guía definitiva para lograr la media volea perfecta","https://www.youtube.com/watch?v=bXfDzpRpbIs","localizado; visionado pendiente"
"7mlc","Adidas NEMEZIZ 18+ Team Mode Pack | Playtest and Review","https://www.youtube.com/watch?v=kg1WIqKgSa8","localizado; visionado pendiente"
"7mlc","Cómo anotar una bola de nudillos | La guía definitiva de bola de nudillos con los Knuckleball Twins","https://www.youtube.com/watch?v=5L4Z_JROOV0","localizado; visionado pendiente"
"7mlc","Cómo marcar una trivela | La guía definitiva para disparar con el exterior del pie","https://www.youtube.com/watch?v=HonA5_bMQKQ","localizado; visionado pendiente"
"7mlc","5 Easy Philippe Coutinho Skill Moves | How To Dribble Like Philippe Coutinho","https://www.youtube.com/watch?v=mzZsoq6wUoE","localizado; visionado pendiente"
"7mlc","Adidas X18+ Team Mode Pack | Play Test and Review","https://www.youtube.com/watch?v=QUDQVqBAwv4","localizado; visionado pendiente"
"7mlc","Mi experiencia de entrenamiento en la Premier League | Cómo entrenar como un futbolista de la Pre...","https://www.youtube.com/watch?v=QFYjq25lPDo","localizado; visionado pendiente"
"7mlc","Nike PhantomVSN Elite Stealth Ops | Play Test & Review","https://www.youtube.com/watch?v=yTCPHnMhRTE","localizado; visionado pendiente"
"7mlc","Insane Skills With PWG | Freestyle Tutorial For Beginners","https://www.youtube.com/watch?v=De-8l4FaSPs","localizado; visionado pendiente"
"7mlc","10 ejercicios sencillos de control del balón | Mejora tu control del balón con estos ejercicios","https://www.youtube.com/watch?v=wIQaz2GMkTs","localizado; visionado pendiente"
"7mlc","Fútbol vs. Fútbol Sala | ¿Cuál es la diferencia?","https://www.youtube.com/watch?v=1itacxigNks","localizado; visionado pendiente"
"7mlc","10 movimientos fáciles de regate rápido para superar a los defensores | Tutorial de habilidades d...","https://www.youtube.com/watch?v=R3WEqF1NGFM","localizado; visionado pendiente"
"7mlc","MAESTRO: Day One | The Ultimate Ball Mastery Training Program","https://www.youtube.com/watch?v=IA_wv-Y3eJE","localizado; visionado pendiente"
"7mlc","Entrenamiento de resistencia y velocidad y sesión de recuperación | Un día en la vida de un futbo...","https://www.youtube.com/watch?v=p_NQaQBTrDc","localizado; visionado pendiente"
"7mlc","Preseason Preparations | Strength, Agility and Stamina Training | A Day In The Life of a Footballer","https://www.youtube.com/watch?v=-cr47uTmRVY","localizado; visionado pendiente"
"7mlc","Ponerse en forma para el fútbol y prepararse para las pruebas | Un día en la vida de un futbolista","https://www.youtube.com/watch?v=6R0B_Kur9Z0","localizado; visionado pendiente"
"7mlc","| MAESTRO | El programa definitivo de entrenamiento de dominio del balón para futbolistas","https://www.youtube.com/watch?v=su5OylqmC8Q","localizado; visionado pendiente"
"7mlc","How To Score a Penalty Kick | 5 Tips For Scoring Perfect Penalties","https://www.youtube.com/watch?v=0N4sehBUzXQ","localizado; visionado pendiente"
"7mlc","Full Explosive Training Session | A Day In The Life Of A Footballer/Soccer Player","https://www.youtube.com/watch?v=SefIPEkS2_c","localizado; visionado pendiente"
"7mlc","How To Score Free Kicks | The Ultimate Guide To Improving Free Kick Technique","https://www.youtube.com/watch?v=_fmyZRCLyMI","localizado; visionado pendiente"
"7mlc","Tutorial de chilena | Cómo anotar un gol de chilena | La guía definitiva","https://www.youtube.com/watch?v=As_B8NuSkDM","localizado; visionado pendiente"
"7mlc","Entrenamiento de velocidad en Londres | Un día en la vida de un futbolista","https://www.youtube.com/watch?v=ni65wA3RwEY","localizado; visionado pendiente"
"7mlc","The Messi Chip Tutorial | How To Chip The Ball Over The Goalkeeper","https://www.youtube.com/watch?v=HvpffTexpqo","localizado; visionado pendiente"
"7mlc","Cómo regatear como Paul Pogba | 5 técnicas fáciles de Paul Pogba para el partido","https://www.youtube.com/watch?v=Tzo0nh5JRBk","localizado; visionado pendiente"
"7mlc","Prueba de las Nike Mercurial Superfly VI Elite | Probando las nuevas botas de fútbol para la Copa...","https://www.youtube.com/watch?v=G5PIRfRVWQ8","localizado; visionado pendiente"
"7mlc","Playing At The Neymar Fives At Red Bull Arena | A Day In The Life Of A Footballer/Soccer Player","https://www.youtube.com/watch?v=B_5gAlqo6ys","localizado; visionado pendiente"
"7mlc","Escape Defenders Like Paulo Dybala | 5 Easy Turn Moves For Attacking Midfielders","https://www.youtube.com/watch?v=Dj8DZGs1a2k","localizado; visionado pendiente"
"7mlc","Cómo jugar como mediocentro | La guía definitiva para futbolistas","https://www.youtube.com/watch?v=UmaVoW7sV_M","localizado; visionado pendiente"
"7mlc","How To Dribble Like Isco | 5 Easy Dribbling Moves To Beat A Defender","https://www.youtube.com/watch?v=k3--vx5YWr4","localizado; visionado pendiente"
"7mlc","Entrenamiento de velocidad explosiva y momentos destacados del torneo Neymar Jr's Fives | Un día ...","https://www.youtube.com/watch?v=i3iVBfPDfPI","localizado; visionado pendiente"
"7mlc","How To Dribble Like Mo Salah | 5 Easy Dribbling Moves To Beat A Defender","https://www.youtube.com/watch?v=1skk8T6mlgE","localizado; visionado pendiente"
"7mlc","¿Por qué los profesionales usan esto? | Charlas y reseñas sobre tecnología de entrenamiento | Epi...","https://www.youtube.com/watch?v=usXZy2WBqkE","localizado; visionado pendiente"
"7mlc","How To Dribble Like Mbappé | 5 Easy Dribbling Moves Used By Kylian Mbappé","https://www.youtube.com/watch?v=-T8eLWhva3Q","localizado; visionado pendiente"
"7mlc","Outplay Them All | Red Bull Neymar Jr's Fives","https://www.youtube.com/watch?v=-UL3ja0m4RA","localizado; visionado pendiente"
"7mlc","How To Dribble Like Eden Hazard | 5 Easy Dribbling Moves Tutorial","https://www.youtube.com/watch?v=2VyQs2SNTvI","localizado; visionado pendiente"
"7mlc","¿Qué se necesita para jugar al más alto nivel? | Entrevista con el ganador de la Copa MLS","https://www.youtube.com/watch?v=CuGIp3opOHc","localizado; visionado pendiente"
"7mlc","Cómo regatear como Ronaldinho | Cinco movimientos fáciles de Ronaldinho","https://www.youtube.com/watch?v=m-gNEuY13D4","localizado; visionado pendiente"
"7mlc","Intense Training Day | A Day In The Life of a Footballer/Soccer Player","https://www.youtube.com/watch?v=kigfh6N53uo","localizado; visionado pendiente"
"7mlc","Cómo regatear como Cristiano Ronaldo | 5 técnicas sencillas de Ronaldo","https://www.youtube.com/watch?v=ALMuG347bdk","localizado; visionado pendiente"
"7mlc","Cómo anotar una rabona | La guía definitiva para patear una rabona","https://www.youtube.com/watch?v=NpcDYBSHEcY","localizado; visionado pendiente"
"7mlc","Cómo regatear como Neymar | Tutorial de 5 movimientos fáciles de Neymar","https://www.youtube.com/watch?v=tac42twEMnU","localizado; visionado pendiente"
"7mlc","5 ejercicios de malabarismo para mejorar el control del balón | Mejora tu primer toque","https://www.youtube.com/watch?v=Lvs18JGu2g8","localizado; visionado pendiente"
"7mlc","Sorprendiendo a un suscriptor | Un día en la vida de un futbolista","https://www.youtube.com/watch?v=y2RChV8Q4Qg","localizado; visionado pendiente"
"7mlc","Cómo driblar a varios defensores | Tutorial para driblar en espacios reducidos","https://www.youtube.com/watch?v=p7mIFiCxDR8","localizado; visionado pendiente"
"7mlc","Chuleta de paso de Cristiano Ronaldo | Tutorial de habilidades de la Liga de Campeones","https://www.youtube.com/watch?v=UbpY0gzAb-4","localizado; visionado pendiente"
"7mlc","This is 7MLC Training","https://www.youtube.com/watch?v=0a-dkhhwdS0","localizado; visionado pendiente"
"7mlc","Preparing For The Next Opportunity | A Day In The Life Of A Footballer/Soccer Player","https://www.youtube.com/watch?v=PaX06ToSkPo","localizado; visionado pendiente"
"7mlc","The Roulette | Simple and Effective Match Skills | Episode Three","https://www.youtube.com/watch?v=DEVfRugAAKc","localizado; visionado pendiente"
"7mlc","La Croqueta | Habilidades de partido simples y efectivas | Episodio dos","https://www.youtube.com/watch?v=PwxzR5lPkB8","localizado; visionado pendiente"
"7mlc","Habilidades de partido sencillas y efectivas | Episodio uno | Giro interior ciego","https://www.youtube.com/watch?v=cFbbPXeqcKE","localizado; visionado pendiente"
"7mlc","Match Day Vibes | A Day In The Life of A Footballer/Soccer Player","https://www.youtube.com/watch?v=UIsAtJLg75c","localizado; visionado pendiente"
"7mlc","How To Shoot a Side Volley | The Ultimate Guide To Side Volleying","https://www.youtube.com/watch?v=WZJzb3jHWlU","localizado; visionado pendiente"
"7mlc","Full Individual Training Session | A Day In The Life of a Footballer/Soccer Player","https://www.youtube.com/watch?v=2qJcsZOWX4A","localizado; visionado pendiente"
"7mlc","Clase magistral de dominio del balón | Tres patrones de juego de pies para mejorar el control del...","https://www.youtube.com/watch?v=lPsD5wzpHxg","localizado; visionado pendiente"
"7mlc","How to Train Like a Pro | The Ultimate Guide To Individual Training","https://www.youtube.com/watch?v=uQm7c7kLZds","localizado; visionado pendiente"
"7mlc","How To Shoot With Both Feet | The Ultimate Guide To Improving Your Weak Foot","https://www.youtube.com/watch?v=78YkLqkjvAg","localizado; visionado pendiente"
"7mlc","Cómo rendir al máximo el día del partido | Consejos para ganar confianza y prepararse para el día...","https://www.youtube.com/watch?v=x2g7B49Imxg","localizado; visionado pendiente"
"7mlc","10 ejercicios de dominio del balón para futbolistas | Mejora tu regate","https://www.youtube.com/watch?v=-raaJ1KGbzk","localizado; visionado pendiente"
"7mlc","How To Score One v Ones | The Ultimate Guide To Finishing For Footballers","https://www.youtube.com/watch?v=ruXfcDdOhkI","localizado; visionado pendiente"
"7mlc","Thank You","https://www.youtube.com/watch?v=_n-9wd3gRks","localizado; visionado pendiente"
"7mlc","A Day In The Life of A Professional Soccer Player | Away Match | Episode Six","https://www.youtube.com/watch?v=T37gvu3u3Og","localizado; visionado pendiente"
"7mlc","Three Easy Nutmegs To Beat A Defender | Dribbling Tutorial For Footballers/Soccer Players","https://www.youtube.com/watch?v=aqZLo5SKJtA","localizado; visionado pendiente"
"7mlc","A Day In The Life of A Professional Indoor Soccer Player | My Daily Routine | Episode Five","https://www.youtube.com/watch?v=wz0qCx8HsDg","localizado; visionado pendiente"
"7mlc","How To Master The Ball | The Ultimate Guide To Ball Mastery For Footballers | Skills Tutorial","https://www.youtube.com/watch?v=UFhCXHWIp2A","localizado; visionado pendiente"
"7mlc","Firmando un nuevo contrato profesional | Un día en la vida de un futbolista | Episodio cuatro","https://www.youtube.com/watch?v=Nl7ootyhgdA","localizado; visionado pendiente"
"7mlc","10 Easy Dribbling Skills | Simple Skill Moves For Footballers/Soccer Players","https://www.youtube.com/watch?v=2qTaD3B9OXc","localizado; visionado pendiente"
"7mlc","Cómo superar a un defensa en el uno contra uno | El tutorial de regate definitivo para futbolistas","https://www.youtube.com/watch?v=D1FINJT_QIQ","localizado; visionado pendiente"
"7mlc","Cómo disparar con potencia | Tutorial de tiro para futbolistas | La guía definitiva","https://www.youtube.com/watch?v=2wHXqTqVPFo","localizado; visionado pendiente"
"7mlc","Play Test and Review | New Balance Furon 3.0","https://www.youtube.com/watch?v=Pja0MWWA-bM","localizado; visionado pendiente"
"7mlc","Results Day | The Pre-Preseason Training Program | Day 28","https://www.youtube.com/watch?v=E1u5rAf46ww","localizado; visionado pendiente"
"7mlc","Ejercicios de movilidad para mejorar el rendimiento | Programa de pre-pretemporada | Día veintisiete","https://www.youtube.com/watch?v=3SLvP42RhRQ","localizado; visionado pendiente"
"7mlc","Entrenamiento de primer toque | El programa de pre-pretemporada | Día veintiséis","https://www.youtube.com/watch?v=KLtj9bONYfI","localizado; visionado pendiente"
"7mlc","Entrenamiento de definición y golpeo | Programa de entrenamiento de pre-pretemporada | Día veinti...","https://www.youtube.com/watch?v=8bOEQnziQYk","localizado; visionado pendiente"
"7mlc","Terminando el entrenamiento | El programa de entrenamiento de pre-pretemporada | Día veinticuatro","https://www.youtube.com/watch?v=l9ljScEYlsc","localizado; visionado pendiente"
"7mlc","Entrenamiento de giros bruscos | Programa de entrenamiento de pretemporada | Día veintitrés","https://www.youtube.com/watch?v=qJjB6L_zT_w","localizado; visionado pendiente"
"7mlc","Entrenamiento de pies rápidos | El programa de entrenamiento pre-pretemporada | Día veintidós","https://www.youtube.com/watch?v=B4LL03jDyMc","localizado; visionado pendiente"
"7mlc","Nutrition For Footballers | The Pre-Preseason Program | Day Twenty One","https://www.youtube.com/watch?v=M_aT-ceOWaI","localizado; visionado pendiente"
"7mlc","Entrenamiento físico y de peso corporal | Programa de pre-pretemporada | Día veinte","https://www.youtube.com/watch?v=ydxsYdQtCHs","localizado; visionado pendiente"
"7mlc","Entrenamiento de tiros de larga distancia y voleas | El programa de pre-pretemporada | Día diecin...","https://www.youtube.com/watch?v=qiYycQ83-ZE","localizado; visionado pendiente"
"7mlc","Entrenamiento de precisión de pase | El programa de entrenamiento de pre-pretemporada | Día dieci...","https://www.youtube.com/watch?v=USSBu6Fpxfk","localizado; visionado pendiente"
"7mlc","My First Sponsorship! | The Pre-Preseason Training Program | Day Seventeen","https://www.youtube.com/watch?v=sbMg5dobk5A","localizado; visionado pendiente"
"7mlc","Entrenamiento para el dominio del balón | Programa de entrenamiento de pretemporada | Día dieciséis","https://www.youtube.com/watch?v=Q-DGmwIonA8","localizado; visionado pendiente"
"7mlc","Deceleration Training | The Pre-Preseason Training Program | Day Fifteen","https://www.youtube.com/watch?v=yEqMUsv8jIQ","localizado; visionado pendiente"
"7mlc","Football IQ Training | The Pre-Preseason Training Program | Day Fourteen","https://www.youtube.com/watch?v=FA4tzYi-HjU","localizado; visionado pendiente"
"7mlc","VO2 Max Testing | The Pre-Preseason Program | Day Thirteen","https://www.youtube.com/watch?v=iSZvpWwOEsE","localizado; visionado pendiente"
"7mlc","Entrenamiento de tiros libres y remates | El programa de entrenamiento de pre-pretemporada | Día ...","https://www.youtube.com/watch?v=jSE_DvuWyis","localizado; visionado pendiente"
"7mlc","Weak Foot Training and Gym Session | The Pre-Preseason Program | Day Eleven","https://www.youtube.com/watch?v=t8kcFG-zRwc","localizado; visionado pendiente"
"7mlc","Entrenamiento de explosividad y definición | El programa de pre-pretemporada | Día diez","https://www.youtube.com/watch?v=xvG_gUSuNOo","localizado; visionado pendiente"
"7mlc","Agility and Reaction Training | The Pre-Preseason Program | Day Nine","https://www.youtube.com/watch?v=xKSVD9meOlQ","localizado; visionado pendiente"
"7mlc","Speed Dribbling and Acceleration Training | The Pre-Preseason Program | Day Eight","https://www.youtube.com/watch?v=XweF1lGoZzQ","localizado; visionado pendiente"
"7mlc","Foam Rolling, Stretching and Recovery Session | The Pre-Preseason Program | Day Seven","https://www.youtube.com/watch?v=LgMDMp8bRQ4","localizado; visionado pendiente"
"7mlc","Footwork and Plyometrics Training | The Pre-Preseason Program | Day Six","https://www.youtube.com/watch?v=qWo4TFaRFfA","localizado; visionado pendiente"
"7mlc","Ball Control and Core Training | The Pre-Preseason Program | Day Five","https://www.youtube.com/watch?v=yY843lz4E94","localizado; visionado pendiente"
"7mlc","Stamina and Upper Body Strength Training | The Pre-Preseason Training Program | Day Four","https://www.youtube.com/watch?v=Jcjn0x52-3M","localizado; visionado pendiente"
"7mlc","Entrenamiento de fuerza y ​​potencia para la parte inferior del cuerpo | Programa de pretemporada...","https://www.youtube.com/watch?v=Q2VszkuBeok","localizado; visionado pendiente"
"7mlc","Entrenamiento de resistencia a la velocidad | Programa de pretemporada | Día dos","https://www.youtube.com/watch?v=WU_bT0SH-xQ","localizado; visionado pendiente"
"7mlc","Pruebas de aptitud física | Programa de pretemporada | Día uno","https://www.youtube.com/watch?v=D3vEDhJvKL4","localizado; visionado pendiente"
"7mlc","How To Run Faster | Sprinting Tutorial | Increase Your Running Speed","https://www.youtube.com/watch?v=wszfRYTWzs8","localizado; visionado pendiente"
"7mlc","Best of Dribbling Skills | 2007-2017 | Part 2","https://www.youtube.com/watch?v=AzVgt0AxaO0","localizado; visionado pendiente"
"7mlc","Long Passing Tutorial | How To Ping A Ball | Improve Your Long Passing Accuracy","https://www.youtube.com/watch?v=dQLM_mHIfT0","localizado; visionado pendiente"
"7mlc","Michael Cunningham | Best Goals | 2007-2017","https://www.youtube.com/watch?v=snF5ExKavTk","localizado; visionado pendiente"
"7mlc","Best of Dribbling Skills | 2007-2017 | Part 1","https://www.youtube.com/watch?v=GPsqdRWimuU","localizado; visionado pendiente"
"7mlc","Striker Training | Shield, Turn and Shoot | Individual Training Drill For Footballers/Soccer Players","https://www.youtube.com/watch?v=eEDcypKejSA","localizado; visionado pendiente"
"7mlc","Análisis de desempeño en el partido episodio 6 | Manteniendo la posesión | Carrilero derecho/izqu...","https://www.youtube.com/watch?v=A_pELQvCjGI","localizado; visionado pendiente"
"7mlc","Long Range Shooting Tutorial | The Low Driven Shot | Score More Goals","https://www.youtube.com/watch?v=U3RVQt9MW5k","localizado; visionado pendiente"
"7mlc","Análisis del rendimiento del partido, episodio 5 | Movimiento sin balón y toma de decisiones | Na...","https://www.youtube.com/watch?v=_Pdky9jN8ko","localizado; visionado pendiente"
"7mlc","*Giveaway has ended* | Win Free Football Boots and Training Shirt | #7mlc4NBBlackoutSquad","https://www.youtube.com/watch?v=n0wrMZPttv4","localizado; visionado pendiente"
"7mlc","Cómo mejorar la precisión de los pases | Tutorial de pases sencillos | Técnicas fundamentales par...","https://www.youtube.com/watch?v=QioehtsQMxs","localizado; visionado pendiente"
"7mlc","Cómo controlar un pase largo | Tutorial del primer toque | Dominando el toque perfecto","https://www.youtube.com/watch?v=vLhaq5kr_y4","localizado; visionado pendiente"
"7mlc","Match Performance Analysis Episode 4 | Playing Positive | Right Wing/Left Wing Blue #7","https://www.youtube.com/watch?v=7U-aYeXBZzo","localizado; visionado pendiente"
"7mlc","Cómo hacer un gol de volea | Tutorial paso a paso de la técnica de volea | Marca más goles","https://www.youtube.com/watch?v=he7pa-cOO0Y","localizado; visionado pendiente"
"7mlc","Beach Training, Plyometrics, Free Kicks & Yoga Routine | A Day In The Life Of A Soccer Player | Ep.3","https://www.youtube.com/watch?v=DSoFEerSOrc","localizado; visionado pendiente"
"7mlc","Michael Cunningham - Right Midfield | Match Highlights | Shots, Crosses, Dribbles & Passes","https://www.youtube.com/watch?v=U_QDkBNnUmw","localizado; visionado pendiente"
"7mlc","Speed Training, Gym Workout and Technical Session | A Day In The Life Of A Soccer Player | Episode 2","https://www.youtube.com/watch?v=qhwIgUicJ0s","localizado; visionado pendiente"
"7mlc","Entrenamiento de primer toque, pase y volea | Sesión de entrenamiento completa | Ejercicios en pa...","https://www.youtube.com/watch?v=CgvQ199ariU","localizado; visionado pendiente"
"7mlc","One v One Skills | Five Moves to Destroy Defenders | Dribbling tutorial","https://www.youtube.com/watch?v=DjCWZU1LUtI","localizado; visionado pendiente"
"7mlc","Training, Nutrition, Core Workout and Recovery Routine | A Day In The Life Of A Soccer Player","https://www.youtube.com/watch?v=u51QZb6LU-k","localizado; visionado pendiente"
"7mlc","5 movimientos más efectivos para superar a un defensa | Tutorial fácil de regate para futbolistas","https://www.youtube.com/watch?v=p0teAIRCAXo","localizado; visionado pendiente"
"7mlc","Visual Awareness Training For Footballers/Soccer Players | Improve Your Vision And Awareness","https://www.youtube.com/watch?v=Eh5E77FB6c8","localizado; visionado pendiente"
"7mlc","Cómo tener una prueba exitosa | Impresiona a entrenadores y ojeadores | Entrenamiento mental, epi...","https://www.youtube.com/watch?v=HaIEp6v-mJo","localizado; visionado pendiente"
"7mlc","Ejercicios de equilibrio para futbolistas | Mejora tu equilibrio y aumenta tu rendimiento","https://www.youtube.com/watch?v=rtnqo8X_bhE","localizado; visionado pendiente"
"7mlc","Full Training Session | Attacking Drills For Footballers/ Soccer Players | Individual Training","https://www.youtube.com/watch?v=7RE9PujgDME","localizado; visionado pendiente"
"7mlc","Match Performance Analysis Episode 3 | Making an Impact | Right Midfield (Blue/Yellow #10)","https://www.youtube.com/watch?v=q0FfRj1p23o","localizado; visionado pendiente"
"7mlc","Best Shots Of 2017 | Shooting Practice | Free Kicks, Volleys, Knuckles and More","https://www.youtube.com/watch?v=wo63DO2vm90","localizado; visionado pendiente"
"7mlc","Cómo hacer malabares con un balón de fútbol americano | Tutorial para principiantes | Mejora tu c...","https://www.youtube.com/watch?v=QhaCnT0gTYw","localizado; visionado pendiente"
"7mlc","Match Performance Analysis Episode 2 | Taking Risks | Right Wing (Blue/Yellow #10)","https://www.youtube.com/watch?v=iv5ZJhOEey4","localizado; visionado pendiente"
"7mlc","Ejercicio de la semana n.º 2 | Movimiento sin balón, regate con control cercano y entrenamiento d...","https://www.youtube.com/watch?v=kuPfDclgmB4","localizado; visionado pendiente"
"7mlc","Análisis del rendimiento del partido, Episodio 1 | Generación de ocasiones | Extremo derecho (Bla...","https://www.youtube.com/watch?v=94NJEjCk800","localizado; visionado pendiente"
"7mlc","Gareth Bale Shooting Tutorial | Dipping Knuckleball Shooting Technique | Easy Step By Step Guide","https://www.youtube.com/watch?v=5QioT7Iy7ik","localizado; visionado pendiente"
"7mlc","Drill of The Week #1 | Triple Threat Striker Drill | Sharp Movement and Clinical Finishing Drill","https://www.youtube.com/watch?v=-lphNlUViVU","localizado; visionado pendiente"
"7mlc","Change Direction Faster | Agility Training For Footballers & Soccer Players | Individual Drills","https://www.youtube.com/watch?v=cRowvUOWNVg","localizado; visionado pendiente"
"7mlc","How To Increase Motivation | Mental Training For Footballers/Soccer Players | Episode Two","https://www.youtube.com/watch?v=mEfVzWOYWpI","localizado; visionado pendiente"
"7mlc","How To Dribble Like Messi | Close Control Dribbling | Fundamental Dribbling Technique Tutorial","https://www.youtube.com/watch?v=p8JdwmHKZls","localizado; visionado pendiente"
"7mlc","One Of The Best Trips Of My Life | Meeting Unisport & Edward Van Gils In Miami | Street Soccer Tour","https://www.youtube.com/watch?v=LglyNjXUO-U","localizado; visionado pendiente"
"7mlc","Prueba de juego y reseña de botas | ACE 17+ Purecontrol | Edición limitada Champagne Pack","https://www.youtube.com/watch?v=2mO57-07q1w","localizado; visionado pendiente"
"7mlc","Cómo mejorar la confianza | Entrenamiento mental para futbolistas | Episodio uno","https://www.youtube.com/watch?v=HvvfATrXtlw","localizado; visionado pendiente"
"7mlc","Improve Your Crossing Technique | Crossing Drills For Wingers | Individual Training For Footballers","https://www.youtube.com/watch?v=mh-ZyNNZN0c","localizado; visionado pendiente"
"7mlc","Cómo hacer un efecto al balón de fútbol | Tutorial de tiro para futbolistas | Análisis de la técnica","https://www.youtube.com/watch?v=TOMjzx8g_s4","localizado; visionado pendiente"
"7mlc","Cómo driblar como Messi, Bale y Robben | Supera defensas con velocidad | Tutorial de dribbling de...","https://www.youtube.com/watch?v=zTMM7lQeDb4","localizado; visionado pendiente"
"7mlc","Tres ejercicios esenciales de definición para atacantes | Entrenamiento individual para futbolistas","https://www.youtube.com/watch?v=ZYt18hinvnI","localizado; visionado pendiente"
"7mlc","Top Three Football/Soccer Drills For Fast Improvement | Individual Training For Soccer Players","https://www.youtube.com/watch?v=Sf88rkmfhgE","localizado; visionado pendiente"
"7mlc","10 movimientos de habilidad avanzados para superar a los defensores | Tutorial de regate para fut...","https://www.youtube.com/watch?v=qjmb68v8qgM","localizado; visionado pendiente"
"7mlc","Live Q+A? What Do You Want To Know? 6000 Subs!","https://www.youtube.com/watch?v=s4KQOq1fZH4","localizado; visionado pendiente"
"7mlc","9 movimientos fáciles para superar a los defensores | Tutorial de regate para futbolistas","https://www.youtube.com/watch?v=1sr8zc8nP9Y","localizado; visionado pendiente"
"7mlc","Motivational Training Video For Soccer Players | Training Body & Mind | Inspiration For Athletes","https://www.youtube.com/watch?v=3aA6cPljvRM","localizado; visionado pendiente"
"7mlc","Body Weight Exercises For Footballers/Soccer Players | Strength Workout | Individual Training","https://www.youtube.com/watch?v=6h5cQBOvvSY","localizado; visionado pendiente"
"7mlc","Acceleration Training For Footballers/Soccer Players | Reach Top Speed Faster | Individual Drills","https://www.youtube.com/watch?v=2Dt2DbjAKbo","localizado; visionado pendiente"
"7mlc","Footwork, Ball Mastery and Coordination Training For Footballers/Soccer Players | Individual Drills","https://www.youtube.com/watch?v=7CISBtIVi3Y","localizado; visionado pendiente"
"7mlc","A Day In The Life | Adidas Street Soccer Event | Tango League In New York City","https://www.youtube.com/watch?v=ZXCCXUuf0qs","localizado; visionado pendiente"
"7mlc","How To Improve First Touch | Master Your Ball Control | Touch Training For Football/Soccer","https://www.youtube.com/watch?v=_7UfIFjce5Q","localizado; visionado pendiente"
"7mlc","Cómo marcar más goles | Tutorial para mejorar tu técnica de tiro","https://www.youtube.com/watch?v=pcPLE_1Eq0k","localizado; visionado pendiente"
"7mlc","Explosive Speed Training For Footballers/Soccer Players | How To Increase Your Running Speed","https://www.youtube.com/watch?v=h4fe89WPO3U","localizado; visionado pendiente"
"7mlc","Best Nike Boots Ever? | Boot Review | Nike Hypervenom Phantom III DF | Radiation Flare Pack","https://www.youtube.com/watch?v=LeYqRBl5Pfo","localizado; visionado pendiente"
"7mlc","Play Test | Nike Hypervenom Phantom III DF | Skills, Tricks & Goals","https://www.youtube.com/watch?v=qz96pfIF940","localizado; visionado pendiente"
"7mlc","Nike Hypervenom Phantom III DF Radiation Flare Pack | Unboxing + Tech Talk | Best Nike Boots Ever?","https://www.youtube.com/watch?v=FaoqnZHM7LA","localizado; visionado pendiente"
"7mlc","How To Improve Dribbling | Essential Dribbling Drills For Footballers/Soccer Players","https://www.youtube.com/watch?v=oJmFo4r4ZQ8","localizado; visionado pendiente"
"7mlc","Cómo jugar de extremo en fútbol | La guía definitiva","https://www.youtube.com/watch?v=2tgU_ODwpuk","localizado; visionado pendiente"
"7mlc","Cómo prepararse para el entrenamiento | Ejercicios esenciales de calentamiento para futbolistas","https://www.youtube.com/watch?v=7cL5j4pOn80","localizado; visionado pendiente"
"7mlc","Shooting Practice After Training","https://www.youtube.com/watch?v=C-TeAVjjZ3M","localizado; visionado pendiente"
"7mlc","How To Improve Stamina | Essential Fitness Training For Footballers/Soccer Players","https://www.youtube.com/watch?v=aFb8JUMramg","localizado; visionado pendiente"
"7mlc","Fast Feet, Agility and Dribbling Drills For Footballers/Soccer Players","https://www.youtube.com/watch?v=ZvcM6ekmXIw","localizado; visionado pendiente"
"7mlc","How To Improve Shooting | Individual Shooting Drills For Footballers/ Soccer Players","https://www.youtube.com/watch?v=hmGb1dTfcFY","localizado; visionado pendiente"
"7mlc","How To Train By Yourself In 15 minutes!","https://www.youtube.com/watch?v=4vUTOTJl-HA","localizado; visionado pendiente"
"7mlc","Full Individual Training Session | First Touch & Shooting Drills","https://www.youtube.com/watch?v=VnMK-jAkohs","localizado; visionado pendiente"
"7mlc","Watch a Pro's Full Individual Training Session | Part 1| First Touch, Shooting & Crossing Drills","https://www.youtube.com/watch?v=AhrEOwUThpQ","localizado; visionado pendiente"
"7mlc","How To Half Volley | Shooting Tutorial","https://www.youtube.com/watch?v=-05EzIVQayE","localizado; visionado pendiente"
"7mlc","How To Improve Your Weak Foot | Left Footed Goals","https://www.youtube.com/watch?v=5XcO83vtW2k","localizado; visionado pendiente"
"7mlc","Michael Cunningham | Mediocampo | Recopilación de pases","https://www.youtube.com/watch?v=O0xOttpSP38","localizado; visionado pendiente"
"7mlc","How a Soccer Player Builds Strength","https://www.youtube.com/watch?v=FIhCwHhdsUI","localizado; visionado pendiente"
"7mlc","7mlc | Best Knuckleballs | 2015/16","https://www.youtube.com/watch?v=HRXmiew02c8","localizado; visionado pendiente"
"7mlc","Speed Drills For Footballers/Soccer Players","https://www.youtube.com/watch?v=JxxxPnh6C6U","localizado; visionado pendiente"
"7mlc","Tutorial de tiro con efecto | Cómo disparar con potencia y precisión | Mejora tu tiro","https://www.youtube.com/watch?v=IhC4u8UP9Tw","localizado; visionado pendiente"
"7mlc","INSANE ACCURACY! | Knuckles, Dips and Swerves","https://www.youtube.com/watch?v=dTilI57AMV4","localizado; visionado pendiente"
"7mlc","Top 10 In Game Solo Goals | Dribbling Past Multiple Players and Scoring","https://www.youtube.com/watch?v=9LLO7yt2jOQ","localizado; visionado pendiente"
"7mlc","Top 10 In Game Free Kicks & Long Range Goals","https://www.youtube.com/watch?v=ayY2dHpWoMM","localizado; visionado pendiente"
"7mlc","Grandes oportunidades por delante | Un día en la vida | Episodio uno","https://www.youtube.com/watch?v=1iTB2GeMvwk","localizado; visionado pendiente"
"7mlc","How a Pro Footballer/Soccer Player Trains Alone","https://www.youtube.com/watch?v=IOxCE9ci-qE","localizado; visionado pendiente"
"7mlc","Michael Cunningham ● Dribbles, Goals & Passes","https://www.youtube.com/watch?v=diWLzVwG0Pc","localizado; visionado pendiente"
"7mlc","F2 FREESTYLER'S DIMITRI PAYET FREE KICK CHALLENGE!!","https://www.youtube.com/watch?v=SxBgievvibI","localizado; visionado pendiente"
"7mlc","Michael Cunningham | Individual Highlights Vs Temecula FC | USL PDL","https://www.youtube.com/watch?v=AWXdoNU01FA","localizado; visionado pendiente"
"7mlc","7mlc | Best Shots | 2015","https://www.youtube.com/watch?v=HRU6QyErpmg","localizado; visionado pendiente"
"7mlc","Michael Cunningham | Light Shooting Practice","https://www.youtube.com/watch?v=t83aSoClh4w","localizado; visionado pendiente"
"7mlc","Cómo tirar un tiro libre con efecto","https://www.youtube.com/watch?v=WidOJwu2k_o","localizado; visionado pendiente"
"7mlc","How To Build Explosive Speed | Elite Training Tip","https://www.youtube.com/watch?v=pEqcj7AN9z0","localizado; visionado pendiente"
"7mlc","Crazy Shots! | 7mlc","https://www.youtube.com/watch?v=09my1t0S81g","localizado; visionado pendiente"
"7mlc","Dribbling Tutorial For Footballers/Soccer Players | How To Dribble Like Iniesta | Elite Training Tip","https://www.youtube.com/watch?v=_xbAO3yAlc0","localizado; visionado pendiente"
"7mlc","Insane Dips and Knuckles Part II | 7mlc","https://www.youtube.com/watch?v=wq4u_-gzUgQ","localizado; visionado pendiente"
"7mlc","Cómo controlar el balón como Ronaldinho | Consejo de entrenamiento de élite | 7mlc","https://www.youtube.com/watch?v=acxXiAbSaz8","localizado; visionado pendiente"
"7mlc","Talking Grassroots With 7mlc","https://www.youtube.com/watch?v=umClIy7wzuc","localizado; visionado pendiente"
"7mlc","How To Shoot Like Cristiano Ronaldo | Knuckleball Tutorial | Elite Training Tip","https://www.youtube.com/watch?v=mhYpZAKUhdk","localizado; visionado pendiente"
"7mlc","Insane Knuckleballs and Dipping Shots | 7mlc","https://www.youtube.com/watch?v=Gm6XToCFNLA","localizado; visionado pendiente"
"7mlc","Cómo regatear como Messi | Consejo de entrenamiento de élite","https://www.youtube.com/watch?v=FY6_ZF-1qWE","localizado; visionado pendiente"
"7mlc","7mlc | Brilliant Last Minute Free Kick","https://www.youtube.com/watch?v=28TFW9mQsQU","localizado; visionado pendiente"
"7mlc","7MLC IS BACK ON YOUTUBE! | AMAZING GOALS |","https://www.youtube.com/watch?v=KAE5XZUjUto","localizado; visionado pendiente"
"7mlc","Powerswerve Free Kick | 7mlc |","https://www.youtube.com/watch?v=k2R5IXOumJ0","localizado; visionado pendiente"
"7mlc","Elite Training Tip | Improve Speed and Agility","https://www.youtube.com/watch?v=sX_xdRkpeVo","localizado; visionado pendiente"
"7mlc","Long Range Goal | 7mlc | Michael Lewis Cunningham","https://www.youtube.com/watch?v=kr5BtaWzU9Y","localizado; visionado pendiente"
"7mlc","Elite Training International Launch Video","https://www.youtube.com/watch?v=_8KVnYHFFWs","localizado; visionado pendiente"
"7mlc","Michael Cunningham Incredible Solo Goal vs NYIT","https://www.youtube.com/watch?v=jJPqau4dv2U","localizado; visionado pendiente"
"7mlc","Michael Cunningham Incredible Solo Goal vs LIU","https://www.youtube.com/watch?v=Z07lvI_lWdI","localizado; visionado pendiente"
"7mlc","Michael Cunningham Vs Point Park","https://www.youtube.com/watch?v=OV7WOe27GSk","localizado; visionado pendiente"
"7mlc","Michael Cunningham Goal Vs Naz","https://www.youtube.com/watch?v=IAvOkcsWZQk","localizado; visionado pendiente"
"7mlc","Michael Cunningham Debut Season with RWC Raiders Part 1","https://www.youtube.com/watch?v=hiHbw1uT7Ug","localizado; visionado pendiente"
"7mlc","MC's First Goal in the USA","https://www.youtube.com/watch?v=umFfsDJJTRE","localizado; visionado pendiente"
"7mlc","Michael Cunningham Highlights vs MK Dons","https://www.youtube.com/watch?v=ooPmiV106TA","localizado; visionado pendiente"
"7mlc","Michael Cunningham Goal Vs. MK Dons","https://www.youtube.com/watch?v=OfqjEnZyCeY","localizado; visionado pendiente"
"7mlc","Power/swerve Shooting Tutorial","https://www.youtube.com/watch?v=kwDxgBhYX2E","localizado; visionado pendiente"
"7mlc","Michael Cunningham Free Kick","https://www.youtube.com/watch?v=FsMV--kNHiQ","localizado; visionado pendiente"
"7mlc","Vlog 3: T90 Review","https://www.youtube.com/watch?v=twSac9SzF0o","localizado; visionado pendiente"
"7mlc","Vlog 2: Football Boots","https://www.youtube.com/watch?v=i-r5Ua9sJQ8","localizado; visionado pendiente"
"7mlc","Vlog 1 - Package","https://www.youtube.com/watch?v=nBR_0CiTyUs","localizado; visionado pendiente"
"7mlc","Shooting Practice after Training.","https://www.youtube.com/watch?v=02oM60zKha8","localizado; visionado pendiente"
"7mlc","Michael winning the regional Tear Up The Pitch trial.","https://www.youtube.com/watch?v=rXeBuvTmeuE","localizado; visionado pendiente"
"7mlc","YouTube  London Tear It Up WMV V9","https://www.youtube.com/watch?v=NqKInIG-mkY","localizado; visionado pendiente"
"7mlc","Michael Cunningham | Entrevista con Nike Academy |","https://www.youtube.com/watch?v=-SrVTeYknO0","localizado; visionado pendiente"
"7mlc","Write the Future","https://www.youtube.com/watch?v=m2w4I0lc28o","localizado; visionado pendiente"
"7mlc","7mlc Driven Shot Tutorial","https://www.youtube.com/watch?v=iHNi6mEnOwA","localizado; visionado pendiente"
"7mlc","7mlc Volume 3 Target Practice","https://www.youtube.com/watch?v=LYC9_deo_v0","localizado; visionado pendiente"
"7mlc","7mlc Volume 1: Powerswerve","https://www.youtube.com/watch?v=m5ZtOWXoTdU","localizado; visionado pendiente"
"BecomeElite","Una sesión cambió mi forma de pensar sobre la finalización","https://www.youtube.com/watch?v=HdJxNVnMovA","localizado; visionado pendiente"
"BecomeElite","¿Tienes el coeficiente intelectual táctico de un futbolista profesional? ¡PONLO A PRUEBA!","https://www.youtube.com/watch?v=pH0v1vtvmc0","localizado; visionado pendiente"
"BecomeElite","Entrenamiento a máxima velocidad con un preparador físico ELITE de la Premier League","https://www.youtube.com/watch?v=yg8PuXMhQn8","localizado; visionado pendiente"
"BecomeElite","Por qué los profesionales se obsesionan con estos 7 ejercicios sencillos","https://www.youtube.com/watch?v=nWbeUBzOZyo","localizado; visionado pendiente"
"BecomeElite","Jugué en un torneo por $1,000,000","https://www.youtube.com/watch?v=qCB_cszR_g0","localizado; visionado pendiente"
"BecomeElite","Así es como los profesionales realmente mejoran su primer toque...","https://www.youtube.com/watch?v=VqOnafc-Ufs","localizado; visionado pendiente"
"BecomeElite","Rutina de 30 min de peso corporal específica para fútbol | Pliometría, prehabilitación, movilidad...","https://www.youtube.com/watch?v=SpFdcob5wYY","localizado; visionado pendiente"
"BecomeElite","Ejercicios de pases, primer toque y exploración del juego a nivel profesional.","https://www.youtube.com/watch?v=Bd7TH9t_djM","muestras observadas"
"BecomeElite","Entrené con Joner Football… Esto fue lo que pasó.","https://www.youtube.com/watch?v=gEu176WNldA","localizado; visionado pendiente"
"BecomeElite","¿Me puse en forma como un futbolista profesional en 30 días? | ¡LOS RESULTADOS!","https://www.youtube.com/watch?v=TyYFjF3pB5A","localizado; visionado pendiente"
"BecomeElite","Puede que haya fracasado en este reto de 30 días...","https://www.youtube.com/watch?v=2dKgOS40pr8","localizado; visionado pendiente"
"BecomeElite","En solo 30 días me pondré en forma como un futbolista profesional… ¡Ojalá!","https://www.youtube.com/watch?v=PHcbEj6V0zc","localizado; visionado pendiente"
"BecomeElite","¿De verdad estoy mejorando mi forma física? | Ponte en forma como un futbolista profesional en 30...","https://www.youtube.com/watch?v=NHxmZxGJTP8","localizado; visionado pendiente"
"BecomeElite","Cómo estoy consiguiendo ponerme en forma como un futbolista profesional en solo 30 días.","https://www.youtube.com/watch?v=31zChLAZmlI","localizado; visionado pendiente"
"BecomeElite","Fíjate en sus ojos… Por eso los regateadores de élite vencen a todos en un duelo uno contra uno.","https://www.youtube.com/watch?v=1lFZO1s8YzM","localizado; visionado pendiente"
"BecomeElite","¿Puedo alcanzar el nivel de forma física de un futbolista profesional en 30 días?","https://www.youtube.com/watch?v=ePLJIcX5gFQ","localizado; visionado pendiente"
"BecomeElite","Si juegas de lateral, ¡intenta superar esta prueba!","https://www.youtube.com/watch?v=d4EMkdNIAfo","localizado; visionado pendiente"
"BecomeElite","iShowSpeed ​​reaccionó a mi video… (Mi respuesta)","https://www.youtube.com/watch?v=WNBRpo3vnZo","localizado; visionado pendiente"
"BecomeElite","Entrenamiento en pareja, pero cada ejercicio es una competición","https://www.youtube.com/watch?v=rvd433d0fqE","localizado; visionado pendiente"
"BecomeElite","El ÚNICO detalle que demuestra claramente que eres un profesional","https://www.youtube.com/watch?v=rcho5GSV3aI","localizado; visionado pendiente"
"BecomeElite","Esta sesión individual EXPONERÁ tu tacto","https://www.youtube.com/watch?v=LhUZ2Iytyn0","localizado; visionado pendiente"
"BecomeElite","Rutina diaria de yoga de 10 minutos para futbolistas | Estiramiento corporal completo","https://www.youtube.com/watch?v=ukd2ARCXfUo","localizado; visionado pendiente"
"BecomeElite","Técnica de encaje vs. Técnica de rizado (La diferencia CRUCIAL)","https://www.youtube.com/watch?v=hFuvi9WtQdU","localizado; visionado pendiente"
"BecomeElite","Probé (y clasifiqué) todos los suplementos de fútbol para ver qué funciona realmente","https://www.youtube.com/watch?v=Lt70kBvAe00","localizado; visionado pendiente"
"BecomeElite","Si juegas de centro del campo, ¡haz este test!","https://www.youtube.com/watch?v=g8DQX88gKBk","localizado; visionado pendiente"
"BecomeElite","¿Siguen valiendo la pena las pruebas abiertas, las combinaciones y los campamentos de identificac...","https://www.youtube.com/watch?v=e43J76xD32k","localizado; visionado pendiente"
"BecomeElite","¿Cuál es la cantidad ideal de tiempo para entrenar por día?","https://www.youtube.com/watch?v=izhQ1Asxqjk","localizado; visionado pendiente"
"BecomeElite","¡Sesión de entrenamiento de $70 versus $7,000!","https://www.youtube.com/watch?v=klH4eXGG8dY","localizado; visionado pendiente"
"BecomeElite","¡Pon a prueba tu coeficiente intelectual táctico en este cuestionario de 20 preguntas!","https://www.youtube.com/watch?v=_c9YEMlfY1w","localizado; visionado pendiente"
"BecomeElite","Me retiro del fútbol profesional.","https://www.youtube.com/watch?v=Ovq3eYbK4wE","localizado; visionado pendiente"
"BecomeElite","SEMIFINAL DE LA CONFERENCIA ESTE | Vlog de los Playoffs","https://www.youtube.com/watch?v=yANaTYGpq5g","localizado; visionado pendiente"
"BecomeElite","Resumen de la temporada 2025 de Matt Sheldon - Detroit City FC","https://www.youtube.com/watch?v=sPxvZO8eHpU","localizado; visionado pendiente"
"BecomeElite","¡Jugando contra el equipo número 1 de la liga! | Análisis del partido del lateral derecho","https://www.youtube.com/watch?v=3CZ2EjukHbw","localizado; visionado pendiente"
"BecomeElite","LA MAYOR SORPRESA EN LOS PLAY-OFFS DE LA HISTORIA DE LA USL","https://www.youtube.com/watch?v=-rjDpp2YK0I","localizado; visionado pendiente"
"BecomeElite","¡Asistencia y Jugador del Partido! | Análisis de cada toque del defensa central","https://www.youtube.com/watch?v=84ABxQhNK8o","localizado; visionado pendiente"
"BecomeElite","¡GANAR O IRSE A CASA! ¿Podremos clasificarnos para los playoffs en la última jornada?","https://www.youtube.com/watch?v=bg4s8d7mVUs","localizado; visionado pendiente"
"BecomeElite","Análisis completo del partido del lateral derecho | My Every Touch","https://www.youtube.com/watch?v=6RXoHIOZVkA","localizado; visionado pendiente"
"BecomeElite","Mi día completo como futbolista profesional","https://www.youtube.com/watch?v=Vk5ZPlJIdKI","localizado; visionado pendiente"
"BecomeElite","El peor fallo de mi carrera... | Mi análisis completo del partido","https://www.youtube.com/watch?v=To9jb9n6UyI","localizado; visionado pendiente"
"BecomeElite","¿Los futbolistas realmente necesitan el gimnasio para convertirse en profesionales?","https://www.youtube.com/watch?v=EmO6GkanvwI","localizado; visionado pendiente"
"BecomeElite","¡Marqué otro gol! | Análisis de cada toque","https://www.youtube.com/watch?v=nznSbnlnA9I","localizado; visionado pendiente"
"BecomeElite","The New BEST Stadium in the USL!? | Away Trip Vlog","https://www.youtube.com/watch?v=kIos5QQiR5k","localizado; visionado pendiente"
"BecomeElite","A Pro’s Every Touch Game Analysis","https://www.youtube.com/watch?v=QRi7-8Hmq-A","localizado; visionado pendiente"
"BecomeElite","¡METÍ DOS GOLES EN UN PARTIDO! | Análisis completo del juego","https://www.youtube.com/watch?v=c5ck7Xkx8i4","localizado; visionado pendiente"
"BecomeElite","The 24 Hours Leading Up to Kick-Off","https://www.youtube.com/watch?v=P8jiUQYDAOk","localizado; visionado pendiente"
"BecomeElite","CADA TOQUE MÍO... ¿Cómo lo hice? | Análisis completo del partido","https://www.youtube.com/watch?v=uPzXUnFcNPc","localizado; visionado pendiente"
"BecomeElite","El 97% de los futbolistas no superan esta prueba de inteligencia táctica","https://www.youtube.com/watch?v=D-1RqjDQcsM","localizado; visionado pendiente"
"BecomeElite","¿Por qué te estancas? | 5 errores de entrenamiento que frenan el desarrollo","https://www.youtube.com/watch?v=h55KNx4BEy4","localizado; visionado pendiente"
"BecomeElite","Cada nivel de futbolista explicado por un profesional","https://www.youtube.com/watch?v=nE3UCwZR3zs","localizado; visionado pendiente"
"BecomeElite","¿Podrás responder correctamente todas estas preguntas de inteligencia táctica?","https://www.youtube.com/watch?v=RQKuQEoWyvY","localizado; visionado pendiente"
"BecomeElite","Cómo es jugar contra un equipo de la MLS | VLOG","https://www.youtube.com/watch?v=AGK7xRQWnM0","localizado; visionado pendiente"
"BecomeElite","¿Puedes responder TODAS estas preguntas sobre coeficiente intelectual del fútbol?","https://www.youtube.com/watch?v=HEHxK1F0Nh4","localizado; visionado pendiente"
"BecomeElite","I Analyzed Every Touch I Took at CB | A Pro CB's Full Game Analysis","https://www.youtube.com/watch?v=h-W6784lsns","localizado; visionado pendiente"
"BecomeElite","Un día en la vida de un futbolista profesional | Estados Unidos vs Australia","https://www.youtube.com/watch?v=PgvqL2PJwPA","localizado; visionado pendiente"
"BecomeElite","Dame 5 minutos y te convertiré en un DIOS DE LA CRUZ","https://www.youtube.com/watch?v=COFrxlIee_s","localizado; visionado pendiente"
"BecomeElite","Los secretos simples de un profesional para ser reclutado en pruebas de fútbol","https://www.youtube.com/watch?v=ZZgPHiDC49U","localizado; visionado pendiente"
"BecomeElite","¿Por qué te ves tan rígido jugando al fútbol?","https://www.youtube.com/watch?v=8CD4bv-AKlI","localizado; visionado pendiente"
"BecomeElite","Lo que como en un día como futbolista profesional | +4,000 calorías","https://www.youtube.com/watch?v=3wdwdrV-KhU","localizado; visionado pendiente"
"BecomeElite","Mis pensamientos sobre el ascenso/descenso como jugador actual de la USL","https://www.youtube.com/watch?v=ZMqeYD9J7os","localizado; visionado pendiente"
"BecomeElite","A USL Pro's Thoughts on the NEW USL Division One","https://www.youtube.com/watch?v=Bkdj5yTXuyM","localizado; visionado pendiente"
"BecomeElite","An Off Day Golf Scramble  |  The Crooked Tree Invitational","https://www.youtube.com/watch?v=AZztLdYIMmA","localizado; visionado pendiente"
"BecomeElite","Una mirada desde adentro a un campamento de entrenamiento de pretemporada de la USL Championship","https://www.youtube.com/watch?v=5mzE3KjPOhs","localizado; visionado pendiente"
"BecomeElite","Tus balones de fútbol con poca potencia están MATANDO tu juego","https://www.youtube.com/watch?v=CH0fxluREpM","localizado; visionado pendiente"
"BecomeElite","A Pro Footballer's 4-Day Preseason Trip","https://www.youtube.com/watch?v=7dQYa263x7M","localizado; visionado pendiente"
"BecomeElite","Rutina de yoga rápida de 20 minutos para futbolistas profesionales | Estiramiento profundo de cue...","https://www.youtube.com/watch?v=_iUbRutlg78","localizado; visionado pendiente"
"BecomeElite","¿Cómo ganan dinero los jugadores de la USL fuera de temporada? | Ep. 10","https://www.youtube.com/watch?v=1PvrppTzvVA","localizado; visionado pendiente"
"BecomeElite","¿Puedo ponerme en forma para la pretemporada mientras estoy de vacaciones?","https://www.youtube.com/watch?v=kmfgmHj8fXI","localizado; visionado pendiente"
"BecomeElite","My FULL Offseason Fitness Program | Ep. 8","https://www.youtube.com/watch?v=yCVA3KOHCFE","localizado; visionado pendiente"
"BecomeElite","FULL Tight Space Training Session... How a Pro Footballer Trains in 5x5 Yards of Space","https://www.youtube.com/watch?v=uc3bN2DrFR0","localizado; visionado pendiente"
"BecomeElite","How Pros ACTUALLY Train in Offseason","https://www.youtube.com/watch?v=LHeaa5n4lDg","localizado; visionado pendiente"
"BecomeElite","Sesión de entrenamiento de nivel profesional en el sótano | Ep. 5","https://www.youtube.com/watch?v=hp9TmAmueLQ","localizado; visionado pendiente"
"BecomeElite","So... What's My Situation for Next Season? | Ep. 4","https://www.youtube.com/watch?v=x39UZz3xyUY","localizado; visionado pendiente"
"BecomeElite","Entrenamiento con un lateral formado en la MLS | Ep. 3","https://www.youtube.com/watch?v=HT-8z23A9Ag","localizado; visionado pendiente"
"BecomeElite","¡Rondones, 6 contra 6 y entrenamiento para la parte inferior del cuerpo! | Ep. 2","https://www.youtube.com/watch?v=fITK_Q8QUZA","localizado; visionado pendiente"
"BecomeElite","Serie de temporada baja de 2024 - Episodio 1","https://www.youtube.com/watch?v=vWRhgfHSoCo","localizado; visionado pendiente"
"BecomeElite","Matt Sheldon 2024 Season Highlights - Detroit City FC","https://www.youtube.com/watch?v=YgMuvbs75ks","localizado; visionado pendiente"
"BecomeElite","Las 24 horas previas a los play-offs","https://www.youtube.com/watch?v=bmlwP8be2Hg","localizado; visionado pendiente"
"BecomeElite","Analyzing Every Touch I Took as a Wing Back","https://www.youtube.com/watch?v=6KR2HiljpVk","localizado; visionado pendiente"
"BecomeElite","La técnica perfecta del penalti… (según la ciencia)","https://www.youtube.com/watch?v=G3cUqtq9eDc","localizado; visionado pendiente"
"BecomeElite","A Win or Tie and We CLINCH Play-Offs!! | My Full Match Day Vlog","https://www.youtube.com/watch?v=pEROO1GRqU8","localizado; visionado pendiente"
"BecomeElite","Do I Regret Playing College Soccer…? (My Thoughts 10 Years Later)","https://www.youtube.com/watch?v=IYARvN3hbEE","localizado; visionado pendiente"
"BecomeElite","An Inside Look into a Pro Footballer's Full Day","https://www.youtube.com/watch?v=wE5LnGbNu7k","localizado; visionado pendiente"
"BecomeElite","La guía definitiva para entrenar por tu cuenta","https://www.youtube.com/watch?v=pyc9307g7xk","localizado; visionado pendiente"
"BecomeElite","25 ejercicios de pases de pareja | NIVEL PROFESIONAL","https://www.youtube.com/watch?v=0F_sLDwOMNc","localizado; visionado pendiente"
"BecomeElite","Analizando cada toque que di en mi partido profesional","https://www.youtube.com/watch?v=Kl-PRFKQnvM","localizado; visionado pendiente"
"BecomeElite","¿Puedes convertirte en un GRAN futbolista si no puedes hacer malabares con el balón 100 veces?","https://www.youtube.com/watch?v=wMO0XFpSnkA","localizado; visionado pendiente"
"BecomeElite","My Every Touch Game Analysis | U.S. Open Cup Match","https://www.youtube.com/watch?v=ewzsvMQg99M","localizado; visionado pendiente"
"BecomeElite","Jugando bajo un calor de 105° en Las Vegas","https://www.youtube.com/watch?v=84Oy77BKX6w","localizado; visionado pendiente"
"BecomeElite","Pro Footballer's Full Day Routine | Team Training, Exploring Michigan, Recovering","https://www.youtube.com/watch?v=Qp8KAgU0SOw","localizado; visionado pendiente"
"BecomeElite","Correos electrónicos de reclutamiento para fútbol universitario | Lo que debes y no debes hacer","https://www.youtube.com/watch?v=fDcXEwmeBIk","localizado; visionado pendiente"
"BecomeElite","Cómo se comunican REALMENTE los futbolistas profesionales | Más de 50 frases","https://www.youtube.com/watch?v=isSJ5QM9YSw","localizado; visionado pendiente"
"BecomeElite","HEATED Match vs Tampa Bay Rowdies","https://www.youtube.com/watch?v=1APRSBZ6T90","localizado; visionado pendiente"
"BecomeElite","Entrené en realidad virtual durante 3 meses... ¿Mejoré?","https://www.youtube.com/watch?v=CmVxWggco1U","localizado; visionado pendiente"
"BecomeElite","Futbolistas profesionales prueban el golf... | Torneo de Scramble en días libres","https://www.youtube.com/watch?v=IZy6EmPUrQ8","localizado; visionado pendiente"
"BecomeElite","16 cosas que me hubiera gustado saber a los 16 años | MIS ERRORES","https://www.youtube.com/watch?v=hOmfmJWx6Ms","localizado; visionado pendiente"
"BecomeElite","Everything I Ate on My Recovery Day | Full Day of Eating","https://www.youtube.com/watch?v=Fz9j7JslifI","localizado; visionado pendiente"
"BecomeElite","Rutina de yoga de cuerpo completo para futbolistas profesionales | Estiramiento profundo y movili...","https://www.youtube.com/watch?v=ya_UK_0dvkg","localizado; visionado pendiente"
"BecomeElite","GRAN SORPRESA CONTRA EL HOUSTON DYNAMO | Vlog de viaje de 6 días","https://www.youtube.com/watch?v=8yZiA8j7yq4","localizado; visionado pendiente"
"BecomeElite","100 Years of Football Drills","https://www.youtube.com/watch?v=8nq7JocdvAQ","localizado; visionado pendiente"
"BecomeElite","Mi NUEVA herramienta de entrenamiento para la temporada 2024","https://www.youtube.com/watch?v=4wQHR-P23A4","localizado; visionado pendiente"
"BecomeElite","¡Derbi intenso en casa! | Vlog del día del partido","https://www.youtube.com/watch?v=VhKv02lTpL4","localizado; visionado pendiente"
"BecomeElite","¡El primer partido de la temporada! | Vlog de viaje fuera de casa a Colorado Springs","https://www.youtube.com/watch?v=2fUHhugtmI4","localizado; visionado pendiente"
"BecomeElite","¡Capacitación, mudanza a nueva casa y construcción de un estudio!","https://www.youtube.com/watch?v=ucXv6IJXb7g","localizado; visionado pendiente"
"BecomeElite","La paradoja de la velocidad del juego","https://www.youtube.com/watch?v=QTiuDrLMIWs","localizado; visionado pendiente"
"BecomeElite","An Inside Look into Preseason Training Camp | Day in the Life","https://www.youtube.com/watch?v=nxmuJdrnpTA","localizado; visionado pendiente"
"BecomeElite","Pro Footballer Reviews TikTok Training Advice","https://www.youtube.com/watch?v=tbIh8W24eH0","localizado; visionado pendiente"
"BecomeElite","I've Been Transferred","https://www.youtube.com/watch?v=yG4zD4ENCKA","localizado; visionado pendiente"
"BecomeElite","Aumentando la intensidad | A dos semanas de la pretemporada","https://www.youtube.com/watch?v=qrWsQc7BPDA","localizado; visionado pendiente"
"BecomeElite","¿Por qué no me han buscado los equipos de la MLS?, opiniones sobre entrenadores que nunca jugaron...","https://www.youtube.com/watch?v=ttwE3N6gzfc","localizado; visionado pendiente"
"BecomeElite","My Offseason Fitness Plan for the 2024 Season","https://www.youtube.com/watch?v=A6idFZFV2O4","localizado; visionado pendiente"
"BecomeElite","Pro Level Two Person Technical Training Session | Offseason Ep. 12","https://www.youtube.com/watch?v=V7XHL99Qyt8","localizado; visionado pendiente"
"BecomeElite","Challenging the Brain | Offseason Ep. 11","https://www.youtube.com/watch?v=BIDnBfcEbV8","localizado; visionado pendiente"
"BecomeElite","Individual Crossing Session | Offseason Ep. 10","https://www.youtube.com/watch?v=KbMHSxwcDGI","localizado; visionado pendiente"
"BecomeElite","1v1s y competencias de definición | Offseason Ep. 9","https://www.youtube.com/watch?v=qpdSOSl-eXc","localizado; visionado pendiente"
"BecomeElite","Sesión individual exigente con un entrenador profesional | Pretemporada - Ep. 8","https://www.youtube.com/watch?v=AZC7cm9ENkw","localizado; visionado pendiente"
"BecomeElite","A Pro's FULL Individual Training Session","https://www.youtube.com/watch?v=mHNcisBWht0","localizado; visionado pendiente"
"BecomeElite","Crossing and Finishing Work | Offseason Ep. 6","https://www.youtube.com/watch?v=T-OTvVSQktg","localizado; visionado pendiente"
"BecomeElite","Would I Play Overseas at this Point in my Career? | Offseason - Ep. 5","https://www.youtube.com/watch?v=T1biXV6Zwc0","localizado; visionado pendiente"
"BecomeElite","A Full Offseason Training Session","https://www.youtube.com/watch?v=inyrVSNmLN0","localizado; visionado pendiente"
"BecomeElite","Finishing Session + Injury Prevention | Offseason Ep. 3","https://www.youtube.com/watch?v=G5wZbDx7xS8","localizado; visionado pendiente"
"BecomeElite","Tight Space Indoor Session | Offseason - Ep. 2","https://www.youtube.com/watch?v=Xu1_XEqIrAU","localizado; visionado pendiente"
"BecomeElite","Serie de pretemporada 2023 - Ep. 1","https://www.youtube.com/watch?v=bqg7FGAyf00","localizado; visionado pendiente"
"BecomeElite","""I Underperformed..."" | My 2023 Season In Review","https://www.youtube.com/watch?v=dMEB-P7MPdA","localizado; visionado pendiente"
"BecomeElite","Análisis del partido Every Touch | El Paso Locomotive","https://www.youtube.com/watch?v=Wbi-tIKLiMg","localizado; visionado pendiente"
"BecomeElite","La sorprendente verdad sobre el fútbol profesional que los aficionados desconocen...","https://www.youtube.com/watch?v=7E798U31uGM","localizado; visionado pendiente"
"BecomeElite","Matt Sheldon 2023 Season Highlights - Hartford Athletic","https://www.youtube.com/watch?v=MHR6H2q-VNA","localizado; visionado pendiente"
"BecomeElite","Heading to Miami! | Away Trip Vlog","https://www.youtube.com/watch?v=kB0IhXhnLlw","localizado; visionado pendiente"
"BecomeElite","My Recovery Routine for the Last 4 Weeks of the Season","https://www.youtube.com/watch?v=kbv4Smf3otI","localizado; visionado pendiente"
"BecomeElite","¡Metí mi primer gol con el Hartford Athletic! | Análisis de todos mis toques en el partido","https://www.youtube.com/watch?v=wY_87MXqNm8","localizado; visionado pendiente"
"BecomeElite","Los 10 ejercicios imprescindibles para convertirte en futbolista profesional","https://www.youtube.com/watch?v=2b19RSXed0c","localizado; visionado pendiente"
"BecomeElite","Analyzing Every Action of My Game | Left Wing Back Analysis","https://www.youtube.com/watch?v=0rmTNmarbsE","localizado; visionado pendiente"
"BecomeElite","Un día en la vida de un futbolista profesional","https://www.youtube.com/watch?v=pU25hXAxISc","localizado; visionado pendiente"
"BecomeElite","Futbolista profesional reacciona a videos de entrenamiento de fútbol en TikTok","https://www.youtube.com/watch?v=Cw-G_4JWFX4","localizado; visionado pendiente"
"BecomeElite","¡Mi mejor desempeño como mediocentro de todos los tiempos! | Análisis de juego de cada toque","https://www.youtube.com/watch?v=8RK-uZol3zg","localizado; visionado pendiente"
"BecomeElite","Away Trip Vlog to Las Vegas Lights","https://www.youtube.com/watch?v=RjNcerEF4OI","localizado; visionado pendiente"
"BecomeElite","An Inside Look into Team Training! | Mic'd Up","https://www.youtube.com/watch?v=SBzq0UjROmE","localizado; visionado pendiente"
"BecomeElite","Primera vez jugando de mediocentro... | Análisis de cada toque de mi juego","https://www.youtube.com/watch?v=qwwJ2ER8xpg","localizado; visionado pendiente"
"BecomeElite","An American Pro Footballer's Thoughts on Pro/Rel Coming to the US","https://www.youtube.com/watch?v=3oOVF4pcNv4","localizado; visionado pendiente"
"BecomeElite","Milestones to Accomplish by 16, 18, and 21 to Become a Pro Footballer!","https://www.youtube.com/watch?v=HLrumfKiCFU","localizado; visionado pendiente"
"BecomeElite","Analizando cada toque que di como lateral derecho","https://www.youtube.com/watch?v=Ckgz6GR28sE","localizado; visionado pendiente"
"BecomeElite","Las 24 horas previas al partido","https://www.youtube.com/watch?v=3qCRleGwgWA","localizado; visionado pendiente"
"BecomeElite","The Mental Trick Pros Use to Succeed | Day in the Life","https://www.youtube.com/watch?v=_Fv1BjB6q38","localizado; visionado pendiente"
"BecomeElite","Un partido difícil... | Cada toque que di contra el Memphis 901 FC","https://www.youtube.com/watch?v=YP4urE3Rvw4","localizado; visionado pendiente"
"BecomeElite","Rutina rápida de estiramientos y yoga matutina para futbolistas profesionales | Yoga de 15 minuto...","https://www.youtube.com/watch?v=3lfBP1OdoG0","localizado; visionado pendiente"
"BecomeElite","Los PEORES errores nutricionales que cometen los futbolistas","https://www.youtube.com/watch?v=swXddw1tUQk","localizado; visionado pendiente"
"BecomeElite","A Day in the Life of a Pro Footballer | England vs USA","https://www.youtube.com/watch?v=mKHZtaowKfA","localizado; visionado pendiente"
"BecomeElite","Facing a MLS team | Every Touch I Took Against the New England Revolution","https://www.youtube.com/watch?v=IEWQNzSUVNc","localizado; visionado pendiente"
"BecomeElite","Ser descubierto como un futbolista poco atlético","https://www.youtube.com/watch?v=k-NtO2FwSK0","localizado; visionado pendiente"
"BecomeElite","¡Todo lo que come un futbolista profesional en un día! | Un día completo de alimentación durante ...","https://www.youtube.com/watch?v=7ykKh0Z9F7s","localizado; visionado pendiente"
"BecomeElite","Mi actuación estelar | Análisis de cada toque de balón","https://www.youtube.com/watch?v=jpROUaArrXA","localizado; visionado pendiente"
"BecomeElite","20 consejos de un futbolista profesional en activo","https://www.youtube.com/watch?v=BVpuSb4scnw","localizado; visionado pendiente"
"BecomeElite","Inside Look into Training! | Day in the Life of a Pro Footballer","https://www.youtube.com/watch?v=OA0kUxeawX4","localizado; visionado pendiente"
"BecomeElite","¿En qué lugar de la pirámide del fútbol inglés se ubicarían las ligas estadounidenses?","https://www.youtube.com/watch?v=3IpiSIFFbMI","localizado; visionado pendiente"
"BecomeElite","A Grueling Preseason Camp in Florida | Day in the Life","https://www.youtube.com/watch?v=8mVt4sLTguw","localizado; visionado pendiente"
"BecomeElite","What Preseason at the Pro Level Actually Looks Like!","https://www.youtube.com/watch?v=vLMR4Cv9mfI","localizado; visionado pendiente"
"BecomeElite","Moving to our New Home!","https://www.youtube.com/watch?v=2f4-R7paDBE","localizado; visionado pendiente"
"BecomeElite","The BEST Rondos of the Offseason | Offseason - Ep. 15","https://www.youtube.com/watch?v=StOXOc0MPCI","localizado; visionado pendiente"
"BecomeElite","How to Improve Speed of Play BY YOURSELF | Offseason - Ep. 14","https://www.youtube.com/watch?v=B_qt0lvcSKE","localizado; visionado pendiente"
"BecomeElite","I'm BACK! | Offseason Series - Ep. 13","https://www.youtube.com/watch?v=1Zdg689vvqU","localizado; visionado pendiente"
"BecomeElite","Breaking Down a Pro's Full Training Session | Offseason - Ep. 12","https://www.youtube.com/watch?v=G6oJuxxUaJU","localizado; visionado pendiente"
"BecomeElite","My Old Teammate Came to Train! | Offseason - Ep. 11","https://www.youtube.com/watch?v=NV9bl47PYoo","localizado; visionado pendiente"
"BecomeElite","Competition Day! | Offseason - Ep. 10","https://www.youtube.com/watch?v=QVwxUbIO6W8","localizado; visionado pendiente"
"BecomeElite","FULL Pro Level Partner Training Session | Offseason - Ep. 9","https://www.youtube.com/watch?v=MtSBb3VvrzE","localizado; visionado pendiente"
"BecomeElite","Soy agente libre para 2023... | Temporada baja - Ep. 8","https://www.youtube.com/watch?v=XY2imL3pD1o","localizado; visionado pendiente"
"BecomeElite","Los altibajos de la pretemporada... | Pretemporada - Ep. 7","https://www.youtube.com/watch?v=ZIHTKhXbdkk","localizado; visionado pendiente"
"BecomeElite","Los 3 arrepentimientos de mi carrera... | Temporada baja - Ep. 6","https://www.youtube.com/watch?v=milkrVSId6U","localizado; visionado pendiente"
"BecomeElite","The Reality of Choosing Between Multiple Pro Contracts | Offseason - Ep. 5","https://www.youtube.com/watch?v=Hpebs8coMRs","localizado; visionado pendiente"
"BecomeElite","My Offseason Routine! | Offseason - Ep. 4","https://www.youtube.com/watch?v=GFt0ptLqUjQ","localizado; visionado pendiente"
"BecomeElite","Small Group Passing + Finishing Work | Offseason Ep. 3","https://www.youtube.com/watch?v=ye_18OyNg6s","localizado; visionado pendiente"
"BecomeElite","Where Am I Playing Next Year? | Offseason - Ep. 2","https://www.youtube.com/watch?v=hF0ScFsFctg","localizado; visionado pendiente"
"BecomeElite","The 2022 Offseason Series - Episode 1","https://www.youtube.com/watch?v=z_Zr96wTk10","localizado; visionado pendiente"
"BecomeElite","Matt Sheldon 2022 Season Highlights - Charleston Battery","https://www.youtube.com/watch?v=Xr6Yj2zAxQg","localizado; visionado pendiente"
"BecomeElite","""This was a very tough year..."" | My 2022 Season Reviewed","https://www.youtube.com/watch?v=ha-9c2vsYFo","localizado; visionado pendiente"
"BecomeElite","Última sesión de entrenamiento de la temporada | Un día en mi vida","https://www.youtube.com/watch?v=IYiSbo9pnOw","localizado; visionado pendiente"
"BecomeElite","Professional Level Individual Juggling Drills","https://www.youtube.com/watch?v=aMJMF1Oy3us","localizado; visionado pendiente"
"BecomeElite","Defensa central profesional analiza CADA TOQUE en su partido","https://www.youtube.com/watch?v=JO_OF8PFh8A","localizado; visionado pendiente"
"BecomeElite","A Hurricane Almost Ruined Our Trip! | Away Match Vlog","https://www.youtube.com/watch?v=oQ29dwIRefo","localizado; visionado pendiente"
"BecomeElite","Día de reinicio mental | Vlog de día libre","https://www.youtube.com/watch?v=JEOnMWPm4is","localizado; visionado pendiente"
"BecomeElite","Futbolista profesional explica los BRUTALES sistemas de multas en los clubes","https://www.youtube.com/watch?v=elQXO9fC90c","localizado; visionado pendiente"
"BecomeElite","El MEJOR partido de la temporada | Análisis de cada toque de mi juego","https://www.youtube.com/watch?v=4wSiqHLGmoU","localizado; visionado pendiente"
"BecomeElite","Si intentara firmar un contrato profesional en 2022, ESTO es lo que haría…","https://www.youtube.com/watch?v=xXQNM4viXAg","localizado; visionado pendiente"
"BecomeElite","Un día en la vida de un futbolista profesional | EE. UU. vs. Reino Unido","https://www.youtube.com/watch?v=99TEQLvYffY","localizado; visionado pendiente"
"BecomeElite","¡Mi MEJOR desempeño como defensa central hasta ahora! | Análisis de juego de cada toque","https://www.youtube.com/watch?v=DpXKWiJJvKM","localizado; visionado pendiente"
"BecomeElite","Cómo me preparo para mis partidos profesionales","https://www.youtube.com/watch?v=eC2hyzPNKEI","localizado; visionado pendiente"
"BecomeElite","We're Having a Baby!!","https://www.youtube.com/watch?v=LfyW9vdivl8","localizado; visionado pendiente"
"BecomeElite","My First Game at Center Back... | Every Touch Match Analysis","https://www.youtube.com/watch?v=g9C_vKywtK8","localizado; visionado pendiente"
"BecomeElite","7 Football Training Products I Regret Buying","https://www.youtube.com/watch?v=8US6GgRm-z4","localizado; visionado pendiente"
"BecomeElite","Playing in the Best Stadium in the USL | Away Trip Vlog","https://www.youtube.com/watch?v=KXQDLmYZXjE","localizado; visionado pendiente"
"BecomeElite","Improve Your Football IQ by Yourself! | Best Technique","https://www.youtube.com/watch?v=dyrn7prDIaY","localizado; visionado pendiente"
"BecomeElite","Ejercicios de pases de pared y primer toque de nivel profesional | MUY DIFÍCIL","https://www.youtube.com/watch?v=RJLGeWgERQU","localizado; visionado pendiente"
"BecomeElite","I Received a STRAIGHT RED... | My Full Game Analysis","https://www.youtube.com/watch?v=Kk5cvhR16BU","localizado; visionado pendiente"
"BecomeElite","4 hábitos que me convirtieron en futbolista profesional","https://www.youtube.com/watch?v=QhhEjtU24sE","localizado; visionado pendiente"
"BecomeElite","Fullback Game Analysis | Every Touch I Took Against Atlanta United II","https://www.youtube.com/watch?v=zUONwOouFq0","localizado; visionado pendiente"
"BecomeElite","How My Training Has Changed Over the Years","https://www.youtube.com/watch?v=29krzJJm59I","localizado; visionado pendiente"
"BecomeElite","Playing Against My Old Team | My Return to Tulsa","https://www.youtube.com/watch?v=FyIPvYVM1Ww","localizado; visionado pendiente"
"BecomeElite","Un día entero de comidas","https://www.youtube.com/watch?v=TRyVIms4Mos","localizado; visionado pendiente"
"BecomeElite","What do Pro Footballers do on an Away Trip? | Away Trip Vlog","https://www.youtube.com/watch?v=-h-riMRvZSg","localizado; visionado pendiente"
"BecomeElite","¡Este es el país más fácil para firmar tu primer contrato profesional!","https://www.youtube.com/watch?v=J0EXfA2ULH8","localizado; visionado pendiente"
"BecomeElite","Asistencia | Análisis de juego de cada toque del lateral","https://www.youtube.com/watch?v=zrYXwfhPNsA","localizado; visionado pendiente"
"BecomeElite","Una lección muy importante aprendida.","https://www.youtube.com/watch?v=24YKqM0ppqQ","localizado; visionado pendiente"
"BecomeElite","Cómo defienden los profesionales a jugadores más rápidos | 4 técnicas","https://www.youtube.com/watch?v=HAW4_nqFCjY","localizado; visionado pendiente"
"BecomeElite","Mi rutina completa del día de partido","https://www.youtube.com/watch?v=QNYFDuEg4Q8","localizado; visionado pendiente"
"BecomeElite","Why You Play Better in Training than in Games and How to Fix It!","https://www.youtube.com/watch?v=OczRE0j5D4I","localizado; visionado pendiente"
"BecomeElite","Guessing All My Player Ratings","https://www.youtube.com/watch?v=C4aD_Mw0XZk","localizado; visionado pendiente"
"BecomeElite","My Man of the Match Performance | Every Touch Game Analysis","https://www.youtube.com/watch?v=VAL5Xl9X2JA","localizado; visionado pendiente"
"BecomeElite","Mejorando mi inteligencia táctica | La vida de un futbolista profesional","https://www.youtube.com/watch?v=iCdBxpRNPmc","localizado; visionado pendiente"
"BecomeElite","10 Things Matt Sheldon Can't Live Without","https://www.youtube.com/watch?v=Y3uhEoAJVhI","localizado; visionado pendiente"
"BecomeElite","La primera tarjeta roja de mi carrera... | Análisis de mi partido contra Atlanta United II","https://www.youtube.com/watch?v=JzlVbkwoXYI","localizado; visionado pendiente"
"BecomeElite","Away Trip to Play Detroit City FC | Vlog","https://www.youtube.com/watch?v=hlRnWB6lWnk","localizado; visionado pendiente"
"BecomeElite","4 Lessons I Wish I Learned Before Playing Professional Football","https://www.youtube.com/watch?v=YqEXVEsW4_8","localizado; visionado pendiente"
"BecomeElite","Cada toque que hice contra FC Tulsa | Mi análisis completo del partido","https://www.youtube.com/watch?v=4PX76D3Aqcc","localizado; visionado pendiente"
"BecomeElite","My First Game with Charleston Battery! | Game Day Vlog","https://www.youtube.com/watch?v=NrTPkdsGJ6E","localizado; visionado pendiente"
"BecomeElite","Preparing for the First Match of the Season!","https://www.youtube.com/watch?v=LLjSThmTfFk","localizado; visionado pendiente"
"BecomeElite","¿Cuáles son los mejores ejercicios de entrenamiento? | Más de 30 ejercicios clasificados","https://www.youtube.com/watch?v=bt-Xnzr5O3Y","localizado; visionado pendiente"
"BecomeElite","""Loser Buys Donuts"" | A Pro Footballer's Day in the Life","https://www.youtube.com/watch?v=uRa_Bnou99M","localizado; visionado pendiente"
"BecomeElite","Rutina completa de yoga y rodillo de espuma para futbolistas profesionales | 30 minutos de yoga +...","https://www.youtube.com/watch?v=sC6hq83FC3w","localizado; visionado pendiente"
"BecomeElite","The First Preseason Match | Game Day Vlog","https://www.youtube.com/watch?v=CAgYpRXBis8","localizado; visionado pendiente"
"BecomeElite","Así es como entrenan REALMENTE los profesionales...","https://www.youtube.com/watch?v=_qi8S8yJ4O4","localizado; visionado pendiente"
"BecomeElite","Preseason Day in the Life | Charleston Battery","https://www.youtube.com/watch?v=CV0gw6vsMME","localizado; visionado pendiente"
"BecomeElite","The U.S. Professional League System for 2022 EXPLAINED | Salaries, Attendance, Levels, etc.","https://www.youtube.com/watch?v=GapXszqjr_o","localizado; visionado pendiente"
"BecomeElite","Moving into Charleston! | Our New Home","https://www.youtube.com/watch?v=9DNq9VAf_Ik","localizado; visionado pendiente"
"BecomeElite","How to Play Professionally in the UK as an American","https://www.youtube.com/watch?v=qd98JnGQ0dk","localizado; visionado pendiente"
"BecomeElite","Watch a Pro's Full Individual Training Session | Mic'd Up","https://www.youtube.com/watch?v=M8jgpDSJvi8","localizado; visionado pendiente"
"BecomeElite","Should You Have a Back Up Plan?","https://www.youtube.com/watch?v=hvZZ_TFAaUM","localizado; visionado pendiente"
"BecomeElite","Announcing My NEW Team for 2022!! | New Contract Signed!","https://www.youtube.com/watch?v=4C4Uks-Z_xo","localizado; visionado pendiente"
"BecomeElite","Noticias increíbles de mi agente","https://www.youtube.com/watch?v=Rl3Ogfo-FJk","localizado; visionado pendiente"
"BecomeElite","Alcohol + Pro Football? | Balancing a Social Life with Your Career","https://www.youtube.com/watch?v=N-SqmJbtyMI","localizado; visionado pendiente"
"BecomeElite","¿Qué es mejor para volverse profesional? | Ser bueno en todo vs. ser excelente en algo","https://www.youtube.com/watch?v=OhQhDmSlU_Y","localizado; visionado pendiente"
"BecomeElite","100+ Crosses in a Single Session | My Individual Crossing Training","https://www.youtube.com/watch?v=qnoOsJ6DcRs","localizado; visionado pendiente"
"BecomeElite","My Full Day of Offseason Training | Group Training + DB Workout","https://www.youtube.com/watch?v=Og5p8TnpWcg","localizado; visionado pendiente"
"BecomeElite","The Worst Part About Playing Pro Football...","https://www.youtube.com/watch?v=J5g1ZzP2baE","localizado; visionado pendiente"
"BecomeElite","Right Back Game Analysis | Every Single Touch","https://www.youtube.com/watch?v=NknrhPApCkA","localizado; visionado pendiente"
"BecomeElite","Kicked Off Four Fields... Training in Grass Patch","https://www.youtube.com/watch?v=esGLIQikD-k","localizado; visionado pendiente"
"BecomeElite","Si nunca llego a la MLS, ¿estaré feliz con mi carrera? | Offseason Ep. 2","https://www.youtube.com/watch?v=IslQ8tXqheM","localizado; visionado pendiente"
"BecomeElite","My Honest Thoughts About My Season | The Offseason Series - Ep. 1","https://www.youtube.com/watch?v=8Mj_37ooW1s","localizado; visionado pendiente"
"BecomeElite","4 Tips to Develop Connections to the Pro Game","https://www.youtube.com/watch?v=iyW0WTLgxAc","localizado; visionado pendiente"
"BecomeElite","PLAY OFF VLOG!! Behind the Scenes of our Away Trip","https://www.youtube.com/watch?v=ILkJJzXlMRE","localizado; visionado pendiente"
"BecomeElite","Momentos destacados de la temporada 2021 | Matt Sheldon - FC Tulsa","https://www.youtube.com/watch?v=7gTTQEp82Go","localizado; visionado pendiente"
"BecomeElite","Sesión de entrenamiento con compañero durante la temporada | Pases, primer toque y tiro","https://www.youtube.com/watch?v=iUFeactQFGM","localizado; visionado pendiente"
"BecomeElite","Analizando cada toque que di | Mi análisis completo del partido","https://www.youtube.com/watch?v=0A92Jvb2L7I","localizado; visionado pendiente"
"BecomeElite","Una batalla muy reñida en San Antonio | Vlog de viaje fuera de casa","https://www.youtube.com/watch?v=yEjgMMS5SUs","localizado; visionado pendiente"
"BecomeElite","Análisis del partido ""My Every Touch"" | FC Tulsa vs Louisville City FC","https://www.youtube.com/watch?v=6e4acUfF03c","localizado; visionado pendiente"
"BecomeElite","The Sacrifices of a Pro Footballer | Day in the Life Vlog","https://www.youtube.com/watch?v=o_xg9WgO6qo","localizado; visionado pendiente"
"BecomeElite","My Best Performance of the Season | Every Touch Game Analysis","https://www.youtube.com/watch?v=ZP3EMzKLcwI","localizado; visionado pendiente"
"BecomeElite","POR FIN LE GANÉ!! | Dos toques, batidos y yoga","https://www.youtube.com/watch?v=0n7XZ96Dz9k","localizado; visionado pendiente"
"BecomeElite","¿Son los ejercicios de dominio del balón una pérdida de tiempo?","https://www.youtube.com/watch?v=ZQbC8s0qj_4","localizado; visionado pendiente"
"BecomeElite","Not the Best Performance.. | Every Touch RB Game Analysis","https://www.youtube.com/watch?v=Mofvo6Gl9j8","localizado; visionado pendiente"
"BecomeElite","Can Visualization ACTUALLY Improve Your Game? | A Pro’s Footballer's Perspective","https://www.youtube.com/watch?v=q9whpGuG_3s","localizado; visionado pendiente"
"BecomeElite","Lateral derecho | Análisis de cada toque de mi partido","https://www.youtube.com/watch?v=8v6In8BJs0A","localizado; visionado pendiente"
"BecomeElite","Lateral derecho + Interior izquierdo | Análisis de cada toque de mi partido","https://www.youtube.com/watch?v=MSbeAuhHvpE","localizado; visionado pendiente"
"BecomeElite","¡La racha de victorias más larga en la historia de la franquicia! | Vlog del partido en casa","https://www.youtube.com/watch?v=bHgrN5uno4Y","localizado; visionado pendiente"
"BecomeElite","The BIGGEST Win of the Season! | Away Trip Vlog to Louisville","https://www.youtube.com/watch?v=0SDdRXCzS4A","localizado; visionado pendiente"
"BecomeElite","Playing 4 Different Positions in a Single Game.. | LM, RM, LB, RB Game Analysis","https://www.youtube.com/watch?v=TVk_dSFjoxA","localizado; visionado pendiente"
"BecomeElite","Cómo son mis días de descanso... | Vlog de recuperación activa tras el partido","https://www.youtube.com/watch?v=DhxSku_8hh0","localizado; visionado pendiente"
"BecomeElite","When it Rains, it Pours... | Scoring My Second Professional Goal","https://www.youtube.com/watch?v=Il6-AfMfgyU","localizado; visionado pendiente"
"BecomeElite","My Every Touch Game Analysis at Left Fullback","https://www.youtube.com/watch?v=alu4OJHwMD8","localizado; visionado pendiente"
"BecomeElite","""You MUST Survive the Big Filters to Become a Pro..."" | Full Day in the Life Vlog","https://www.youtube.com/watch?v=rXlvzgrJP-A","localizado; visionado pendiente"
"BecomeElite","Playing in the BEST Stadium in the USL | Louisville City FC Away Trip Vlog","https://www.youtube.com/watch?v=wR0Qp_BsUUE","localizado; visionado pendiente"
"BecomeElite","Cómo dominan los profesionales el aspecto mental de las pruebas | Ganando confianza","https://www.youtube.com/watch?v=_ux_ycOTgG0","localizado; visionado pendiente"
"BecomeElite","My Full Game Analysis | Every Touch I Took vs RGV Toros","https://www.youtube.com/watch?v=vjHg8eSklT0","localizado; visionado pendiente"
"BecomeElite","Staying Sharp in Season | Balancing Extra Training Sessions","https://www.youtube.com/watch?v=wT6ZCjX4J5o","localizado; visionado pendiente"
"BecomeElite","My First Professional Goal... Finally | Full Match Highlights + Reaction","https://www.youtube.com/watch?v=nVnEhGMWMsQ","localizado; visionado pendiente"
"BecomeElite","My Every Touch Game Analysis | Full Match at Right Back","https://www.youtube.com/watch?v=tdoIh0NuNq4","localizado; visionado pendiente"
"BecomeElite","Política en el fútbol | Diatriba y consejos de un profesional","https://www.youtube.com/watch?v=d3sGlM-u7T4","localizado; visionado pendiente"
"BecomeElite","Road Trip Vlog | Behind the Scenes of Professional Football","https://www.youtube.com/watch?v=JX7Kxu4gNGE","localizado; visionado pendiente"
"BecomeElite","Análisis de todos mis toques como lateral derecho contra Sporting Kansas City II","https://www.youtube.com/watch?v=y58uxvWM4Ho","localizado; visionado pendiente"
"BecomeElite","Record Crowd for Derby Match! | Short Game Vlog","https://www.youtube.com/watch?v=topy1A2AnCk","localizado; visionado pendiente"
"BecomeElite","Lateral izquierdo | Análisis de cada toque de balón que di","https://www.youtube.com/watch?v=dKFXGP1cAJE","localizado; visionado pendiente"
"BecomeElite","My FULL Pre-Game Activation Routine | 20 Minute Activation","https://www.youtube.com/watch?v=cFBhZ0-D8pA","localizado; visionado pendiente"
"BecomeElite","Un futbolista profesional describe la jugada más difícil de defender","https://www.youtube.com/watch?v=iOHW2xP4csI","localizado; visionado pendiente"
"BecomeElite","My Every Touch Game Analysis | Sporting Kansas City II","https://www.youtube.com/watch?v=yBG_MudoCe0","localizado; visionado pendiente"
"BecomeElite","My Full Game Day Prep | How I Prepare for Matches","https://www.youtube.com/watch?v=qoki1k45d28","localizado; visionado pendiente"
"BecomeElite","¡Un futbolista profesional clasifica el mejor equipamiento de entrenamiento!","https://www.youtube.com/watch?v=M6qlL61NtBU","localizado; visionado pendiente"
"BecomeElite","Pro Footballers' Day in the Life | USA vs Canada","https://www.youtube.com/watch?v=-B1HRfj34us","localizado; visionado pendiente"
"BecomeElite","Every Single Touch | My Full Game Analysis vs Atlanta United II","https://www.youtube.com/watch?v=ZgbFQheLwoM","localizado; visionado pendiente"
"BecomeElite","6 OVERRATED Habits to Become a Pro Footballer","https://www.youtube.com/watch?v=LapeQXeHwF4","localizado; visionado pendiente"
"BecomeElite","Away Trip Vlog | Game Day in Kansas City","https://www.youtube.com/watch?v=TF2s8ZrmVrs","localizado; visionado pendiente"
"BecomeElite","Analyzing My Every Touch | Full Game Analysis","https://www.youtube.com/watch?v=STIQymkoprE","localizado; visionado pendiente"
"BecomeElite","Entrenamiento completo de pretemporada para jugadores profesionales | Ejercicios para 3 jugadores","https://www.youtube.com/watch?v=XxMapu796fI","localizado; visionado pendiente"
"BecomeElite","Mis consejos sobre las pruebas, la mentalidad y cómo afrontar el rechazo | Vlog","https://www.youtube.com/watch?v=X8Jw4ukXSiU","localizado; visionado pendiente"
"BecomeElite","Every Touch I Took vs Sporting Kansas City II | Full Game Analysis","https://www.youtube.com/watch?v=xxZq1dDjY3Q","localizado; visionado pendiente"
"BecomeElite","Mi día completo de comidas | Plan de alimentación de temporada de un futbolista profesional","https://www.youtube.com/watch?v=KqVa_56oqMI","localizado; visionado pendiente"
"BecomeElite","6 hábitos subestimados que me ayudaron a convertirme en futbolista profesional","https://www.youtube.com/watch?v=BO54-Scaa94","localizado; visionado pendiente"
"BecomeElite","First Match of 2021! Winger Every Touch Game Analysis","https://www.youtube.com/watch?v=JRbfS1L9ErQ","localizado; visionado pendiente"
"BecomeElite","First Game Day Vlog of 2021!! | SEASON OPENER!","https://www.youtube.com/watch?v=-_eacK3OXO0","localizado; visionado pendiente"
"BecomeElite","Can This Supplement Help Reduce Injuries!? | Collagen Supplement for Footballers","https://www.youtube.com/watch?v=hSzTBHOCRpA","localizado; visionado pendiente"
"BecomeElite","¿Qué es una rutina de gimnasio específica para fútbol?","https://www.youtube.com/watch?v=qrfFgx53NSQ","localizado; visionado pendiente"
"BecomeElite","Detrás de cámaras de nuestro Media Day | Vlog de fútbol profesional","https://www.youtube.com/watch?v=Mr3xES57Yw8","localizado; visionado pendiente"
"BecomeElite","How Pro Footballers Think FASTER! | Amateur Players Rarely Do This","https://www.youtube.com/watch?v=psCyk7GdNL8","localizado; visionado pendiente"
"BecomeElite","My Every Touch Game Analysis | Play-Off Game vs. El Paso Locomotive FC","https://www.youtube.com/watch?v=fTsYPx2L9rI","localizado; visionado pendiente"
"BecomeElite","5-Day Preseason Away Trip vs. Houston Dynamo + North Texas SC","https://www.youtube.com/watch?v=ol0tUZhaMR4","localizado; visionado pendiente"
"BecomeElite","¿Pueden los futbolistas perder grasa y ganar músculo al mismo tiempo?","https://www.youtube.com/watch?v=VPvIP-5Ic8g","localizado; visionado pendiente"
"BecomeElite","Mi horario diario como estudiante de secundaria | Entrenamiento, escuela, gimnasio, tareas, fútbo...","https://www.youtube.com/watch?v=FIVXBBb759E","localizado; visionado pendiente"
"BecomeElite","Un día doble y completo para un futbolista profesional | Un día en la vida","https://www.youtube.com/watch?v=lgN6FDK7Iow","localizado; visionado pendiente"
"BecomeElite","The Last Regular Season Game of 2020! | My Full Game Analysis","https://www.youtube.com/watch?v=GeY8W4KXIlc","localizado; visionado pendiente"
"BecomeElite","First Day of Preseason | Day in the Life of a Pro Footballer","https://www.youtube.com/watch?v=UoOeGw8geCU","localizado; visionado pendiente"
"BecomeElite","Moving into our New Apartment!","https://www.youtube.com/watch?v=5L_eXG_gvWk","localizado; visionado pendiente"
"BecomeElite","The Last Training Session of the Offseason","https://www.youtube.com/watch?v=0lB2Hbl7UXU","localizado; visionado pendiente"
"BecomeElite","Intense 1v1 Session vs Other Pro Footballers","https://www.youtube.com/watch?v=H21OJY8p5cY","localizado; visionado pendiente"
"BecomeElite","My Every Touch Analyzed | Derby Match Analysis","https://www.youtube.com/watch?v=Wkm_ScTXH58","localizado; visionado pendiente"
"BecomeElite","Algo que tienen los futbolistas profesionales... y los amateurs no","https://www.youtube.com/watch?v=-zErKJ0kTc8","localizado; visionado pendiente"
"BecomeElite","PRO LEVEL First Touch + Passing Technical Session | FULL SESSION","https://www.youtube.com/watch?v=p335fgV8snI","localizado; visionado pendiente"
"BecomeElite","Anthony's Last Day in Portland | Full Training + Vlog","https://www.youtube.com/watch?v=EOn1KqCOYUw","localizado; visionado pendiente"
"BecomeElite","My Every Touch Game Analysis | Every Touch vs San Antonio","https://www.youtube.com/watch?v=Lt-Nmxo5NUY","localizado; visionado pendiente"
"BecomeElite","How We Train With Heavy Legs | Tight Technical Session","https://www.youtube.com/watch?v=HbrE9hZkNJs","localizado; visionado pendiente"
"BecomeElite","El mayor arrepentimiento de mi carrera...","https://www.youtube.com/watch?v=H0exte8d5bA","localizado; visionado pendiente"
"BecomeElite","My Full Game Analysis | Every Touch vs OKC Energy FC","https://www.youtube.com/watch?v=da_Xi3AOtBI","localizado; visionado pendiente"
"BecomeElite","Sesión de cruces y llegadas | Más de 100 cruces","https://www.youtube.com/watch?v=nMrAbjnNbJo","localizado; visionado pendiente"
"BecomeElite","3 razones por las que llegué al nivel profesional","https://www.youtube.com/watch?v=E0so-XQ-9yM","localizado; visionado pendiente"
"BecomeElite","Mi análisis completo del partido | Cada toque del lateral","https://www.youtube.com/watch?v=UPJ1RRhJa8w","localizado; visionado pendiente"
"BecomeElite","Soccer Table Tennis Training 🎾🏓  | Improve your Touch!","https://www.youtube.com/watch?v=5WDNi13XBiE","localizado; visionado pendiente"
"BecomeElite","1v1 contra un jugador de la MLS | Sesión de entrenamiento completa","https://www.youtube.com/watch?v=3GNJNeANhPs","localizado; visionado pendiente"
"BecomeElite","Becoming a Pro vs Staying a Pro... | My Perspective","https://www.youtube.com/watch?v=bWRvx8Jie-M","localizado; visionado pendiente"
"BecomeElite","Offseason Partner Training | A Day in the Life","https://www.youtube.com/watch?v=QXXFQf7Ac9Y","localizado; visionado pendiente"
"BecomeElite","Mi sesión individual completa de dominio del balón | 1 hora","https://www.youtube.com/watch?v=ym-1eUznpUo","localizado; visionado pendiente"
"BecomeElite","Professional Level Small Group Session","https://www.youtube.com/watch?v=Q59LL20Z1bc","localizado; visionado pendiente"
"BecomeElite","45 Minute - 2,000 Juggle Workout | PROFESSIONAL DIFFICULTY!","https://www.youtube.com/watch?v=riAxkh3mvnc","localizado; visionado pendiente"
"BecomeElite","I've Signed a New Contract for 2021...","https://www.youtube.com/watch?v=HWJaumkAb8E","localizado; visionado pendiente"
"BecomeElite","Sesión completa de entrenamiento con compañeros | Primer toque, pases y tiros","https://www.youtube.com/watch?v=h3o-MKSehJA","localizado; visionado pendiente"
"BecomeElite","The Financial Reality of Pro Football","https://www.youtube.com/watch?v=xxWZJAhrVeA","localizado; visionado pendiente"
"BecomeElite","Staying Fit on Vacation | Beach Training","https://www.youtube.com/watch?v=crFincr0ChA","localizado; visionado pendiente"
"BecomeElite","Análisis de cada toque del partido | FC Tulsa vs RGVFC","https://www.youtube.com/watch?v=8plxxkR_ZLw","localizado; visionado pendiente"
"BecomeElite","3 lecciones que he aprendido jugando fútbol americano profesional","https://www.youtube.com/watch?v=caRg1O72f6s","localizado; visionado pendiente"
"BecomeElite","How I Calm My Nerves Before My Games","https://www.youtube.com/watch?v=40cpFSqeyHM","localizado; visionado pendiente"
"BecomeElite","Cómo planifico mis sesiones de entrenamiento - Temporada baja, episodio 9","https://www.youtube.com/watch?v=846-FPH_JUw","localizado; visionado pendiente"
"BecomeElite","How I Knew I Was Ready to Drop Out of College","https://www.youtube.com/watch?v=4yXIp6j4WvA","localizado; visionado pendiente"
"BecomeElite","¿Cuántas horas toma convertirse en futbolista profesional?","https://www.youtube.com/watch?v=QDVY9V_ATd8","localizado; visionado pendiente"
"BecomeElite","First Touch and Passing Session - Offseason Ep. 6","https://www.youtube.com/watch?v=XY83AL9uUto","localizado; visionado pendiente"
"BecomeElite","Should You Enjoy Deliberate Training? - Offseason Ep. 5","https://www.youtube.com/watch?v=hWAZ5nVQ1nk","localizado; visionado pendiente"
"BecomeElite","Position Specific Partner Training - Offseason Ep. 4","https://www.youtube.com/watch?v=AA6NUs4gTQ8","localizado; visionado pendiente"
"BecomeElite","Mi consejo para estudiantes que buscan un equilibrio entre la escuela y el fútbol | Temporada baj...","https://www.youtube.com/watch?v=myjemuRYJZk","localizado; visionado pendiente"
"BecomeElite","How to get Mentally ""Tougher"" | Offseason, Ep. 2","https://www.youtube.com/watch?v=TzfM7b4g17s","localizado; visionado pendiente"
"BecomeElite","Serie de pretemporada - Ep. 1","https://www.youtube.com/watch?v=--m-CPZ3E1Y","localizado; visionado pendiente"
"BecomeElite","Matt Sheldon 2020 Highlights","https://www.youtube.com/watch?v=aNZEvz1NLmw","localizado; visionado pendiente"
"BecomeElite","How I Prepare for a Play-Off Match! | Postseason Vlog","https://www.youtube.com/watch?v=zeP0TLpqq0o","localizado; visionado pendiente"
"BecomeElite","Mi análisis completo del partido | Cada toque que di contra el Sporting Kansas City II","https://www.youtube.com/watch?v=c1fq9OBkjaI","localizado; visionado pendiente"
"BecomeElite","We're into Play-offs!! | Match Day Vlog","https://www.youtube.com/watch?v=DCOvYmxFSfo","localizado; visionado pendiente"
"BecomeElite","¿Está usted comiendo para mejorar su rendimiento, su salud o su apariencia?","https://www.youtube.com/watch?v=JgZSFkPrk24","localizado; visionado pendiente"
"BecomeElite","Cómo balanceo mi entrenamiento individual con el entrenamiento de equipo y los partidos","https://www.youtube.com/watch?v=VHLJghyfmFM","localizado; visionado pendiente"
"BecomeElite","Not the Best Game... | My Every Touch Game Analysis","https://www.youtube.com/watch?v=TfNRwWlxtAA","localizado; visionado pendiente"
"BecomeElite","6 Day Away Trip Vlog! | Two Games, Two Trainings, and a Recovery Session","https://www.youtube.com/watch?v=CKZRYlRW4kk","localizado; visionado pendiente"
"BecomeElite","My Every Touch Analyzed vs. Austin Bold FC","https://www.youtube.com/watch?v=4xk5ZSKdgdE","localizado; visionado pendiente"
"BecomeElite","Everything I Do to Prepare for a Match! | Home Game Vlog","https://www.youtube.com/watch?v=fL1sVaIBhVg","localizado; visionado pendiente"
"BecomeElite","My Every Touch Game Analysis vs San Antonio FC","https://www.youtube.com/watch?v=ObXs7sVewvs","localizado; visionado pendiente"
"BecomeElite","¿Quién es el más rápido? ¡Carrera contra mis compañeros después del entrenamiento!","https://www.youtube.com/watch?v=TTwmDy3sKD0","localizado; visionado pendiente"
"BecomeElite","¡Analizando cada toque! | Análisis completo del partido contra el Saint Louis FC","https://www.youtube.com/watch?v=j6HEmatKAu0","localizado; visionado pendiente"
"BecomeElite","Primera derrota de la temporada... | Vlog de viaje a San Antonio","https://www.youtube.com/watch?v=v5ch_nZ4lHk","localizado; visionado pendiente"
"BecomeElite","Great Defensive Performance! | Every Touch Game Analysis vs RGV Toros","https://www.youtube.com/watch?v=UbxgOUengyM","localizado; visionado pendiente"
"BecomeElite","Full Team Training Session | Mic'd Up","https://www.youtube.com/watch?v=8_IWyYxeDcc","localizado; visionado pendiente"
"BecomeElite","Big Match Against My Old Club! | Away Trip Vlog","https://www.youtube.com/watch?v=efGC_BZ36TA","localizado; visionado pendiente"
"BecomeElite","Un día típico de recuperación | Vlog de un día en mi vida","https://www.youtube.com/watch?v=VTaMuGfiDtw","localizado; visionado pendiente"
"BecomeElite","Análisis del partido de My Every Touch | FC Tulsa vs. OKC Energy","https://www.youtube.com/watch?v=rx7lyht3Tc0","localizado; visionado pendiente"
"BecomeElite","Nuestro partido fue reprogramado... | Por qué no jugamos el fin de semana pasado","https://www.youtube.com/watch?v=uBbfKJJpp24","localizado; visionado pendiente"
"BecomeElite","Why You Shouldn't ALWAYS Workout Like the Pros!","https://www.youtube.com/watch?v=P3J3w0QXdI8","localizado; visionado pendiente"
"BecomeElite","The 24 Hours Leading Up to a Match! | Game Day Vlog","https://www.youtube.com/watch?v=AVErftnrqwY","localizado; visionado pendiente"
"BecomeElite","Final Preparations Before the Season Re-Opener! | Day in the Life Vlog","https://www.youtube.com/watch?v=AHHnl4QdN_E","localizado; visionado pendiente"
"BecomeElite","Pro Footballer Re-Makes High School Highlight Video","https://www.youtube.com/watch?v=q6TEDn4VAwM","localizado; visionado pendiente"
"BecomeElite","¡Reinicio de temporada y entrenamiento de equipo con contacto completo!","https://www.youtube.com/watch?v=tE5CyTL1SGg","localizado; visionado pendiente"
"BecomeElite","The FASTEST Way to Recover During Fitness","https://www.youtube.com/watch?v=BAlxa3GCBKI","localizado; visionado pendiente"
"BecomeElite","Some Unfortunate News...","https://www.youtube.com/watch?v=IvdGGGQ2Tlg","localizado; visionado pendiente"
"BecomeElite","Construyendo conexiones como futbolista | 4 grandes conceptos erróneos","https://www.youtube.com/watch?v=eeMEvtdLzjA","localizado; visionado pendiente"
"BecomeElite","My Season is Finally Returning! | Day in the Life of a Pro Footballer","https://www.youtube.com/watch?v=ng8_VTK-n-8","localizado; visionado pendiente"
"BecomeElite","7 ejercicios que me hubiera gustado practicar MÁS cuando era niño","https://www.youtube.com/watch?v=RaH7TWzsAOQ","localizado; visionado pendiente"
"BecomeElite","How I Gained Strength and Size in my Legs","https://www.youtube.com/watch?v=GC3m8sllMCc","localizado; visionado pendiente"
"BecomeElite","Jugador de fútbol profesional reacciona a su video de mejores jugadas de la preparatoria","https://www.youtube.com/watch?v=Q2FVlD5TM3I","localizado; visionado pendiente"
"BecomeElite","A Pro Footballer's Full Day of Eating While in Quarantine","https://www.youtube.com/watch?v=urN7vE9RUNg","localizado; visionado pendiente"
"BecomeElite","¡Nuestras instalaciones de entrenamiento han REABIERTO!","https://www.youtube.com/watch?v=Q0y1WEaPQYA","localizado; visionado pendiente"
"BecomeElite","Vea la sesión de entrenamiento individual completa de un profesional en un estacionamiento","https://www.youtube.com/watch?v=5X8zVUOPfgA","localizado; visionado pendiente"
"BecomeElite","Fitness and Ball Work | How I'm Staying Match Fit","https://www.youtube.com/watch?v=Dfj5iVG3vCY","localizado; visionado pendiente"
"BecomeElite","¡4 mitos de nutrición que los futbolistas deben dejar de creer!","https://www.youtube.com/watch?v=KZLt76ER3vc","localizado; visionado pendiente"
"BecomeElite","A TERRIBLE Training Session.. | How to Re-Motivate","https://www.youtube.com/watch?v=X5d4FLPmumo","localizado; visionado pendiente"
"BecomeElite","Fitness Session, Bodyweight Workout, and a Full Training Session","https://www.youtube.com/watch?v=6Y65vgPbW_8","localizado; visionado pendiente"
"BecomeElite","¡Mi primer partido con el FC Tulsa! | Cada toque que di vs. Sacramento Republic","https://www.youtube.com/watch?v=p_4AmmF7iRc","localizado; visionado pendiente"
"BecomeElite","Pro Footballer Attempts the Beep Test!","https://www.youtube.com/watch?v=pI3Tk3lf5cg","localizado; visionado pendiente"
"BecomeElite","El último partido de la temporada 2019 | Análisis de juego: cada uno de mis toques","https://www.youtube.com/watch?v=_833ntltYrk","localizado; visionado pendiente"
"BecomeElite","Ball Mastery in a Parking Lot.. | A Day in the Life of a Pro Footballer","https://www.youtube.com/watch?v=jHy1_QrAVN8","localizado; visionado pendiente"
"BecomeElite","Full Day of At-Home Trainings and Workouts | Life of a Pro Footballer","https://www.youtube.com/watch?v=KApXNzbMmGA","localizado; visionado pendiente"
"BecomeElite","A Message to ALL Players Stuck Inside..","https://www.youtube.com/watch?v=JDjHnBJJGxk","localizado; visionado pendiente"
"BecomeElite","My Season Is Officially Suspended.. | Pro Footballer Quarantined","https://www.youtube.com/watch?v=tpkmZXn7lzA","localizado; visionado pendiente"
"BecomeElite","My Game Analysis | My Every Play vs. Tacoma Defiance","https://www.youtube.com/watch?v=vRQ6xrPnVdk","localizado; visionado pendiente"
"BecomeElite","Behind the Scenes of our Media Day | Life of a Pro Footballer","https://www.youtube.com/watch?v=-0vLAOAIouw","localizado; visionado pendiente"
"BecomeElite","Why You Should STOP Doing the John Terry Cardio Routine","https://www.youtube.com/watch?v=mmknye699Co","localizado; visionado pendiente"
"BecomeElite","101 Partner Training Drills","https://www.youtube.com/watch?v=Fm4OPPCI1TE","localizado; visionado pendiente"
"BecomeElite","First Away Trip of the Year! | Life of a Pro Footballer","https://www.youtube.com/watch?v=FidxnXqaiBI","localizado; visionado pendiente"
"BecomeElite","My COMPLETE Weekly Gym Routine during Season","https://www.youtube.com/watch?v=U0mfa0gDbxk","localizado; visionado pendiente"
"BecomeElite","Rutina completa de estiramientos profundos y yoga de un futbolista profesional | Yoga de 30 minut...","https://www.youtube.com/watch?v=SlCu4mLtxqY","localizado; visionado pendiente"
"BecomeElite","Amazing Team Performance! | My Full Game Analysis vs New Mexico United","https://www.youtube.com/watch?v=OLyQYSG0V-E","localizado; visionado pendiente"
"BecomeElite","Is Running on the Treadmill Effective Fitness for Footballers? | Treadmill vs. Running Outside","https://www.youtube.com/watch?v=8Dpxr1iQyKo","localizado; visionado pendiente"
"BecomeElite","A Typical Preseason Double Day | Day in the Life of a Pro Footballer","https://www.youtube.com/watch?v=SuQMC8IAGOA","localizado; visionado pendiente"
"BecomeElite","How I Recovered from My Worst Start to a Pro Game Ever..","https://www.youtube.com/watch?v=yOPcz5DYPrU","localizado; visionado pendiente"
"BecomeElite","El plan de alimentación completo de un futbolista profesional | ¿Qué comen cada día?","https://www.youtube.com/watch?v=aeEHqxFQbBI","localizado; visionado pendiente"
"BecomeElite","A Pro's Typical Offseason Training Session","https://www.youtube.com/watch?v=3d3cxpakJ1E","localizado; visionado pendiente"
"BecomeElite","Flying Across the Continent for a College Soccer Combine","https://www.youtube.com/watch?v=WWLN1bNtLDw","localizado; visionado pendiente"
"BecomeElite","Cómo patear un balón de fútbol con los cordones","https://www.youtube.com/watch?v=reelS7GGvJQ","localizado; visionado pendiente"
"BecomeElite","Cómo encuentro lugares para entrenar y hacer ejercicio durante mis vacaciones","https://www.youtube.com/watch?v=BB_y-m2AkfM","localizado; visionado pendiente"
"BecomeElite","Un partido muy desordenado... | Cada toque que di contra el San Antonio FC","https://www.youtube.com/watch?v=dwzqsAyj0Ys","localizado; visionado pendiente"
"BecomeElite","I Analyzed My Every Touch in a Professional Game","https://www.youtube.com/watch?v=AKoUygIU2hc","localizado; visionado pendiente"
"BecomeElite","Pro Footballer for 5 Years.. Here's What I've Learned","https://www.youtube.com/watch?v=C5CWO9YRQlM","localizado; visionado pendiente"
"BecomeElite","5 MORE Essential Dribbling Drills","https://www.youtube.com/watch?v=AxCoXs1dZ9U","localizado; visionado pendiente"
"BecomeElite","Sesión de entrenamiento con el grupo completo","https://www.youtube.com/watch?v=dV-KQ5Tbo24","localizado; visionado pendiente"
"BecomeElite","Cada toque que hice contra los RGV Toros","https://www.youtube.com/watch?v=fdl9htqlLgQ","localizado; visionado pendiente"
"BecomeElite","Exactly How I Plan Out My Training Sessions","https://www.youtube.com/watch?v=6deAldRhqN0","localizado; visionado pendiente"
"BecomeElite","My NEW Team is...!","https://www.youtube.com/watch?v=-u7XUqolWkc","localizado; visionado pendiente"
"BecomeElite","This Gave Me Goosebumps","https://www.youtube.com/watch?v=cCSgpbOHW78","localizado; visionado pendiente"
"BecomeElite","""I Thought My Career Was Over...""","https://www.youtube.com/watch?v=vuI2jFQyUHU","localizado; visionado pendiente"
"BecomeElite","My Full Every Touch Game Analysis Against Fresno FC","https://www.youtube.com/watch?v=kikaxWOLSfc","localizado; visionado pendiente"
"BecomeElite","The BIG Change I've Made to My Daily Routine","https://www.youtube.com/watch?v=WlY344oMy-w","localizado; visionado pendiente"
"BecomeElite","Is this too much...? | Group Training, Weightlifting Session, and Tight Space Training","https://www.youtube.com/watch?v=e3ktPxsYM-c","localizado; visionado pendiente"
"BecomeElite","We're Engaged! - The Full Proposal","https://www.youtube.com/watch?v=K8sp2GeJLtI","localizado; visionado pendiente"
"BecomeElite","A Pro Footballer's Garage Training Session","https://www.youtube.com/watch?v=1HZ7G-35_98","localizado; visionado pendiente"
"BecomeElite","College Soccer vs Trialing Abroad... What's Better?","https://www.youtube.com/watch?v=QmjWpY0rDyw","localizado; visionado pendiente"
"BecomeElite","¿A qué edad comencé a entrenar TAN duro?","https://www.youtube.com/watch?v=q9gvx4HIsQc","localizado; visionado pendiente"
"BecomeElite","Training with a Portland Timbers Player","https://www.youtube.com/watch?v=sHFcGsJUbg4","localizado; visionado pendiente"
"BecomeElite","¡Ya firmé contrato para la temporada 2020! | Serie de pretemporada - Ep. 1","https://www.youtube.com/watch?v=vc6wwfZO5SA","localizado; visionado pendiente"
"BecomeElite","I Flew to Canada for a Soccer Combine!","https://www.youtube.com/watch?v=SYvauTJm8Uo","localizado; visionado pendiente"
"BecomeElite","Entonces... ¿Qué sigue?","https://www.youtube.com/watch?v=ykowlF8cy40","localizado; visionado pendiente"
"BecomeElite","Lo mejor de Matt Sheldon en la temporada 2019 | Tulsa Roughnecks FC","https://www.youtube.com/watch?v=8bYH9sW_m7Y","localizado; visionado pendiente"
"BecomeElite","My Season is Over.. | The Entire Last Week in Tulsa","https://www.youtube.com/watch?v=679M2hdvMxg","localizado; visionado pendiente"
"BecomeElite","Agua fría vs agua a temperatura ambiente | ¿Cuál es mejor para el rendimiento?","https://www.youtube.com/watch?v=4qsIVga2YEM","localizado; visionado pendiente"
"BecomeElite","The Turning Point of the Season! | Every Touch Game Analysis vs Las Vegas Lights","https://www.youtube.com/watch?v=bjOTt9HNHdo","localizado; visionado pendiente"
"BecomeElite","¿Qué se siente al firmar tu primer contrato profesional?","https://www.youtube.com/watch?v=PyTWP0rDezA","localizado; visionado pendiente"
"BecomeElite","The Last Away Trip of the Season","https://www.youtube.com/watch?v=U16yVsG3vA4","localizado; visionado pendiente"
"BecomeElite","No fue la mejor actuación... | Análisis de cada toque contra Austin Bold","https://www.youtube.com/watch?v=svGEuSLOJso","localizado; visionado pendiente"
"BecomeElite","¡Otra GRAN victoria! | Detrás de cámaras en el día de partido de un futbolista profesional","https://www.youtube.com/watch?v=qP0rINL_79Q","localizado; visionado pendiente"
"BecomeElite","Is Sheldon Tweedie Good Enough to Play Pro? | My Honest Thoughts","https://www.youtube.com/watch?v=YHVyli3jNYE","localizado; visionado pendiente"
"BecomeElite","Every Touch I Took Against Real Monarchs | My Full Game Analysis","https://www.youtube.com/watch?v=0ifaBD2PtP4","localizado; visionado pendiente"
"BecomeElite","A Typical Day of a Professional Footballer","https://www.youtube.com/watch?v=hTGAMytW2LA","localizado; visionado pendiente"
"BecomeElite","Análisis completo del partido contra el OKC Energy FC | Cada toque que di","https://www.youtube.com/watch?v=zEpzlE-37cc","localizado; visionado pendiente"
"BecomeElite","How to Choose Between Two Opportunities | A Pro Footballer's Advice","https://www.youtube.com/watch?v=M9RSudG4EZE","localizado; visionado pendiente"
"BecomeElite","Behind the Scenes of a Professional Soccer Team's Road Trip","https://www.youtube.com/watch?v=SvrF52jpWA0","localizado; visionado pendiente"
"BecomeElite","Every Touch I Took Against Phoenix Rising | Full Game Analysis","https://www.youtube.com/watch?v=X1FyZTu4YOk","localizado; visionado pendiente"
"BecomeElite","The Best Day I've Had in 2019... | Day in the Life","https://www.youtube.com/watch?v=vuYF-BXPg-o","localizado; visionado pendiente"
"BecomeElite","STOP Watching Highlight Videos... Here's Why","https://www.youtube.com/watch?v=HIlUmzJdTkE","localizado; visionado pendiente"
"BecomeElite","Every Touch I Took Against LA Galaxy II | My Full Game Analysis","https://www.youtube.com/watch?v=FAlhAuozSUY","localizado; visionado pendiente"
"BecomeElite","Un mensaje para mi futuro yo jubilado","https://www.youtube.com/watch?v=y9QmtJGZhvk","localizado; visionado pendiente"
"BecomeElite","Matt Sheldon: Mejores momentos de la mitad de temporada 2019 | Tulsa Roughnecks","https://www.youtube.com/watch?v=qPaOKvEv_dE","localizado; visionado pendiente"
"BecomeElite","Oklahoma Derby Match! | Full Game Day Vlog","https://www.youtube.com/watch?v=JpjlRKjwCDE","localizado; visionado pendiente"
"BecomeElite","Análisis de cada uno de mis toques de balón contra los Colorado Springs Switchbacks","https://www.youtube.com/watch?v=9ciTK757qSA","localizado; visionado pendiente"
"BecomeElite","Me está dejando...","https://www.youtube.com/watch?v=QU3Wdn_GKkY","localizado; visionado pendiente"
"BecomeElite","Every Single Touch I Took Against the Portland Timbers 2 | Game Analysis","https://www.youtube.com/watch?v=vK2I-qGhWGc","localizado; visionado pendiente"
"BecomeElite","Cabin Retreat with the Team | Behind the Scenes","https://www.youtube.com/watch?v=ISORWqExNKo","localizado; visionado pendiente"
"BecomeElite","My Every Touch Game Analysis | Tulsa Roughnecks vs Real Monarchs","https://www.youtube.com/watch?v=2d6rqVIZa40","localizado; visionado pendiente"
"BecomeElite","How Much Protein Can the Body Absorb in a Single Meal? | Nutrition for Footballers","https://www.youtube.com/watch?v=n-w6eAQGyTg","localizado; visionado pendiente"
"BecomeElite","My Every Touch Game Analysis | Sacramento Republic vs. Tulsa Roughnecks","https://www.youtube.com/watch?v=EEwRcSMfFV4","localizado; visionado pendiente"
"BecomeElite","A Typical Day of Meals, Workouts, Rehab, Supplements, and Mobility from a Pro Footballer","https://www.youtube.com/watch?v=SDJ8ZJkTXjM","localizado; visionado pendiente"
"BecomeElite","My First Game Back | Sacramento Republic Away Trip Vlog","https://www.youtube.com/watch?v=HYYM5UUmrJM","localizado; visionado pendiente"
"BecomeElite","¡Me dieron permiso para jugar! | El Regreso - Ep. 5","https://www.youtube.com/watch?v=xlcaXgLPihA","localizado; visionado pendiente"
"BecomeElite","The Truth About Being a Pro Footballer | Gareth Bale's Opinion","https://www.youtube.com/watch?v=195Hul8gAzY","localizado; visionado pendiente"
"BecomeElite","La MEJOR manera de mejorar la resistencia para el fútbol","https://www.youtube.com/watch?v=ZswGZuh4hA8","localizado; visionado pendiente"
"BecomeElite","De vuelta al campo | El regreso - Ep. 4","https://www.youtube.com/watch?v=aVnQLUjK2vY","localizado; visionado pendiente"
"BecomeElite","Baby Steps.. | The Return - Ep. 3","https://www.youtube.com/watch?v=tReSeyzMK4s","localizado; visionado pendiente"
"BecomeElite","Cómo elegir un agente de fútbol | Lo que me hubiera gustado saber como novato","https://www.youtube.com/watch?v=rh-t-GNgPNQ","localizado; visionado pendiente"
"BecomeElite","Day in the Life of a Professional Footballer | DJ Dean Vlog","https://www.youtube.com/watch?v=6TT72MVKag0","localizado; visionado pendiente"
"BecomeElite","A HUGE Difference | The Return - Ep. 2","https://www.youtube.com/watch?v=oL864fysauI","localizado; visionado pendiente"
"BecomeElite","Cirugía | El regreso - Ep. 1","https://www.youtube.com/watch?v=bEGaM0IjRU8","localizado; visionado pendiente"
"BecomeElite","REVEALING the Email that got me RECRUITED to D1 College Soccer","https://www.youtube.com/watch?v=la-CyG0wtv4","localizado; visionado pendiente"
"BecomeElite","THIS Really Helps","https://www.youtube.com/watch?v=wGTITFmdlSY","localizado; visionado pendiente"
"BecomeElite","Is There Such a Thing as a Bad Drill?","https://www.youtube.com/watch?v=4oLYtgttP3Q","localizado; visionado pendiente"
"BecomeElite","Why Did I Get Injured? | Self Analysis","https://www.youtube.com/watch?v=oPxn6ISqy2Y","localizado; visionado pendiente"
"BecomeElite","El vídeo que no quería hacer","https://www.youtube.com/watch?v=5446KNw5mpw","localizado; visionado pendiente"
"BecomeElite","It's been rough","https://www.youtube.com/watch?v=tVBznCBU2N4","localizado; visionado pendiente"
"BecomeElite","99 Questions with Matt Sheldon | Become Elite","https://www.youtube.com/watch?v=NQ0_KhcovIk","localizado; visionado pendiente"
"BecomeElite","I Was a Bad Teammate...","https://www.youtube.com/watch?v=TTFhJT3K2QM","localizado; visionado pendiente"
"BecomeElite","Analysis of My Game vs Portland Timbers 2 | Every Touch I Took","https://www.youtube.com/watch?v=5TLZWDOxh8g","localizado; visionado pendiente"
"BecomeElite","Why I'm Not Playing This Weekend | Update Video","https://www.youtube.com/watch?v=sB6e_DGMEDg","localizado; visionado pendiente"
"BecomeElite","El inicio de la temporada | Mi día completo de juego","https://www.youtube.com/watch?v=tuGciR8qGPs","localizado; visionado pendiente"
"BecomeElite","My Teammate Challenged Me.","https://www.youtube.com/watch?v=SzR8zewYnpU","localizado; visionado pendiente"
"BecomeElite","How to Deal with Criticism from Teammates | A Pro Footballer's Tips","https://www.youtube.com/watch?v=c6l41m6C_TA","localizado; visionado pendiente"
"BecomeElite","¡Conseguí dos asistencias en el último partido!","https://www.youtube.com/watch?v=rnEU_ng5U6E","localizado; visionado pendiente"
"BecomeElite","Preseason Away Trip | Behind the Scenes","https://www.youtube.com/watch?v=kp-EvtLnxEo","localizado; visionado pendiente"
"BecomeElite","The US Professional and Semi-Professional Leagues EXPLAINED","https://www.youtube.com/watch?v=q1Giix67xTI","localizado; visionado pendiente"
"BecomeElite","Partido de pretemporada contra Swope Park Rangers, San Valentín y grandes mejoras","https://www.youtube.com/watch?v=lH7zz_bPrQU","localizado; visionado pendiente"
"BecomeElite","Preseason Team Gym Session | Preventing Injuries","https://www.youtube.com/watch?v=ij0KKPX1gzQ","localizado; visionado pendiente"
"BecomeElite","A Few Clips of My First Preseason Game","https://www.youtube.com/watch?v=2kvAEkEgd6s","localizado; visionado pendiente"
"BecomeElite","Stadium Tour, Team Events, and more Double Days","https://www.youtube.com/watch?v=_-6luO2_b7U","localizado; visionado pendiente"
"BecomeElite","Día completo de alimentación | Plan de comidas doble de pretemporada","https://www.youtube.com/watch?v=OeGb0oDCXuE","localizado; visionado pendiente"
"BecomeElite","Behind the Scenes of a Preseason Double Day","https://www.youtube.com/watch?v=uILebYJ4CMM","localizado; visionado pendiente"
"BecomeElite","Moving to Tulsa | First Days of Preseason","https://www.youtube.com/watch?v=WZtMCZpIbWs","localizado; visionado pendiente"
"BecomeElite","Haz el trabajo. | ÚLTIMA SESIÓN DE ENTRENAMIENTO DE TEMPORADA BAJA","https://www.youtube.com/watch?v=3z-QI3QtfQY","localizado; visionado pendiente"
"BecomeElite","I Got A New Car!","https://www.youtube.com/watch?v=oyINKVDhKEg","localizado; visionado pendiente"
"BecomeElite","My New Team!","https://www.youtube.com/watch?v=uIRP8U_W2Ps","localizado; visionado pendiente"
"BecomeElite","Al límite | Un fin de semana completo de entrenamientos","https://www.youtube.com/watch?v=wKGHBZdDtko","localizado; visionado pendiente"
"BecomeElite","Does Playing Professionally Take the ""Fun"" out of Soccer?","https://www.youtube.com/watch?v=ROtBeleXHSM","localizado; visionado pendiente"
"BecomeElite","“I’m Not Done Suffering for my Dream” | Ramon Martin Del Campo","https://www.youtube.com/watch?v=k45Eqhnr-Hc","localizado; visionado pendiente"
"BecomeElite","I Tried John Terry's Preseason Fitness Routine..","https://www.youtube.com/watch?v=Ij7enq2gLEk","localizado; visionado pendiente"
"BecomeElite","La razón por la que cambio de equipo cada temporada","https://www.youtube.com/watch?v=GVrClGlKStw","localizado; visionado pendiente"
"BecomeElite","Have I Actually Improved From ALL This Training?","https://www.youtube.com/watch?v=xam6pDgTQp0","localizado; visionado pendiente"
"BecomeElite","Cuando TODAS las oportunidades que tuve se esfumaron | Aprendí de mis errores","https://www.youtube.com/watch?v=4vWAA2-22N0","localizado; visionado pendiente"
"BecomeElite","1 on 1 Private Training Session with the Technique Trainer","https://www.youtube.com/watch?v=wMgspzpEDKM","localizado; visionado pendiente"
"BecomeElite","Escucha a tu cuerpo.","https://www.youtube.com/watch?v=seUpyIMx3Sw","localizado; visionado pendiente"
"BecomeElite","My Honest Thoughts About Open Trials, Combines, and Try-Outs","https://www.youtube.com/watch?v=NUnbFSm0U1o","localizado; visionado pendiente"
"BecomeElite","No puedo creer que perdimos.. | Actualización sobre las nuevas pruebas","https://www.youtube.com/watch?v=TwYg0XIvq-I","localizado; visionado pendiente"
"BecomeElite","Behind the Scenes of a Professional Trial","https://www.youtube.com/watch?v=H-9EcAdpBOQ","localizado; visionado pendiente"
"BecomeElite","Final Preparations | Sharp, Partner Technical Session","https://www.youtube.com/watch?v=9bgQfkzzZrA","localizado; visionado pendiente"
"BecomeElite","La rutina de cardio COMPLETA que estoy usando para prepararme para mi prueba","https://www.youtube.com/watch?v=IF2qlixgPuE","localizado; visionado pendiente"
"BecomeElite","Cómo contacto a equipos profesionales | Cómo conseguir pruebas profesionales","https://www.youtube.com/watch?v=4v0REjYspIc","localizado; visionado pendiente"
"BecomeElite","I Can't Believe I Bought These.. | New Pro Trial Update","https://www.youtube.com/watch?v=r9kjZkYZz9U","localizado; visionado pendiente"
"BecomeElite","How Collegiate and Pro Players Train BETTER | Full Offseason Training Session","https://www.youtube.com/watch?v=zHpgPuoHQzI","localizado; visionado pendiente"
"BecomeElite","Taking a Break","https://www.youtube.com/watch?v=VWcMXFMSNEw","localizado; visionado pendiente"
"BecomeElite","I've Never Trained Like This Before.. | Pushing Outside My Comfort Zone","https://www.youtube.com/watch?v=WY65uZyWaFU","localizado; visionado pendiente"
"BecomeElite","Why I Work So Hard For So Little | LOWER LEAGUE PRO","https://www.youtube.com/watch?v=E-GxST5UZs8","localizado; visionado pendiente"
"BecomeElite","What's in my Soccer Bag? | All the Gear I Use to Train","https://www.youtube.com/watch?v=PwZJET_s1eU","localizado; visionado pendiente"
"BecomeElite","ENTRENAMIENTO COMPLETO CON OTROS PROFESIONALES | Entrenamiento profesional en grupos pequeños","https://www.youtube.com/watch?v=WMiO6ghhpSE","localizado; visionado pendiente"
"BecomeElite","There's NO SECRET to This! | My Best Advice to All of You","https://www.youtube.com/watch?v=higpv1pgGos","localizado; visionado pendiente"
"BecomeElite","Entonces, ¿cuál es el plan para la próxima temporada?","https://www.youtube.com/watch?v=wLaQE8DqRfw","localizado; visionado pendiente"
"BecomeElite","La mejor manera de mejorar | Cómo crear tus propias sesiones de entrenamiento","https://www.youtube.com/watch?v=TPD-L5oN9x0","localizado; visionado pendiente"
"BecomeElite","¿Qué me diferencia de un jugador de la Premier League?","https://www.youtube.com/watch?v=dURw_8j1EOs","localizado; visionado pendiente"
"BecomeElite","ONE BIG THING That Pushes Us to Train Harder | Professional Soccer Training Tip","https://www.youtube.com/watch?v=LXuFTrPNvsA","localizado; visionado pendiente"
"BecomeElite","Full Training with Liga MX Player, Rubio Rubin","https://www.youtube.com/watch?v=jv_tFwmJg9o","localizado; visionado pendiente"
"BecomeElite","THIS was a Quality Training Session | How Pros Train in Offseason","https://www.youtube.com/watch?v=OW8fW2tlGCI","localizado; visionado pendiente"
"BecomeElite","""I Trialed with 15 Teams Before Becoming a Pro"" | Path to Professional Soccer","https://www.youtube.com/watch?v=Pjf9qYYwbSg","localizado; visionado pendiente"
"BecomeElite","¡Comienza el régimen de entrenamiento completo!","https://www.youtube.com/watch?v=-LWq9Npv6Ew","localizado; visionado pendiente"
"BecomeElite","La serie de pretemporada","https://www.youtube.com/watch?v=zi5UZFlek1E","localizado; visionado pendiente"
"BecomeElite","Headed Back Home | Update on Trial","https://www.youtube.com/watch?v=JFXEztMgT0I","localizado; visionado pendiente"
"BecomeElite","An Inside Look into my Trial","https://www.youtube.com/watch?v=NXNSaRXL_Es","localizado; visionado pendiente"
"BecomeElite","Matt Sheldon 2018 Game Highlights","https://www.youtube.com/watch?v=mOGB15Swvg0","localizado; visionado pendiente"
"BecomeElite","I'm Training with a Pro Team | Taking a Break from YouTube","https://www.youtube.com/watch?v=QghaUx6CxBw","localizado; visionado pendiente"
"BecomeElite","Group Training Session, HIIT Cardio, Full Body Weights | Day in the Life","https://www.youtube.com/watch?v=0QwkIxUTB8k","localizado; visionado pendiente"
"BecomeElite","Are Ice Baths Actually Good for Footballers? | The Science of Ice Baths","https://www.youtube.com/watch?v=aVeis_qoH84","localizado; visionado pendiente"
"BecomeElite","Sesión completa de regates y tiros sin censura | TODOS LOS ERRORES","https://www.youtube.com/watch?v=I06kdQhWaYM","localizado; visionado pendiente"
"BecomeElite","Análisis del último partido | Cada toque","https://www.youtube.com/watch?v=R1wasAlbJCc","localizado; visionado pendiente"
"BecomeElite","Goodbye, New Zealand","https://www.youtube.com/watch?v=GEGSDRbwbxo","localizado; visionado pendiente"
"BecomeElite","My FULL Game Analysis | EVERY SINGLE TOUCH","https://www.youtube.com/watch?v=OtLH4UTCtyY","localizado; visionado pendiente"
"BecomeElite","A VERY Frustrating Training Session","https://www.youtube.com/watch?v=UFn0Teun7zE","localizado; visionado pendiente"
"BecomeElite","5 ejercicios esenciales de centros que TODO jugador debería dominar","https://www.youtube.com/watch?v=XpMZsXYTFbI","localizado; visionado pendiente"
"BecomeElite","I Really Needed This..","https://www.youtube.com/watch?v=Z4Ke9xwtxgo","localizado; visionado pendiente"
"BecomeElite","Revealing my SECRET MUSIC VIDEO from High School *CRINGEY*","https://www.youtube.com/watch?v=_TeQi7_yxqk","localizado; visionado pendiente"
"BecomeElite","Mi análisis de juego COMPLETO | CADA TOQUE DE BALÓN","https://www.youtube.com/watch?v=cgtrUNo7hRY","localizado; visionado pendiente"
"BecomeElite","Full Day of Eating | Professional Footballer's Meal Plan","https://www.youtube.com/watch?v=Y_29bmTW-nY","localizado; visionado pendiente"
"BecomeElite","My BIGGEST Failure Became My BIGGEST Success","https://www.youtube.com/watch?v=-sj-XHzxUf8","localizado; visionado pendiente"
"BecomeElite","Leaving Karori...","https://www.youtube.com/watch?v=c5blUL0ZHjs","localizado; visionado pendiente"
"BecomeElite","3 BIG Tips for Faster Improvement","https://www.youtube.com/watch?v=B8a-KsS4wkU","localizado; visionado pendiente"
"BecomeElite","Full Partner Training Session","https://www.youtube.com/watch?v=dMVZ98qUUrQ","localizado; visionado pendiente"
"BecomeElite","El siguiente GRAN paso con Become Elite","https://www.youtube.com/watch?v=AQUoL8tw8Ww","localizado; visionado pendiente"
"BecomeElite","You Guys Disappointed Me...","https://www.youtube.com/watch?v=VSp5Utf-_2A","localizado; visionado pendiente"
"BecomeElite","Hanging with a Juventus First Team Player!!","https://www.youtube.com/watch?v=t9nuG_H-9DY","localizado; visionado pendiente"
"BecomeElite","Become Elite vs. Sheldon Tweedie | TESTING SPEED!!","https://www.youtube.com/watch?v=Ijyl9xHDsps","localizado; visionado pendiente"
"BecomeElite","THEY'RE COMING TO SEE ME (EXCITING)!!","https://www.youtube.com/watch?v=q6ZO6ukBgio","localizado; visionado pendiente"
"BecomeElite","Becoming TOO Flexible for Soccer!? | BE CAREFUL!","https://www.youtube.com/watch?v=z5iw1bmVWf0","localizado; visionado pendiente"
"BecomeElite","Much Better Performance | My FULL Game Analysis","https://www.youtube.com/watch?v=3ZOusB0mY1E","localizado; visionado pendiente"
"BecomeElite","My Every Touch Game Analysis | We Got Killed...","https://www.youtube.com/watch?v=3zOWJ6su-6E","localizado; visionado pendiente"
"BecomeElite","""It's a Painful Reminder of How Much I've Sacrificed"" | The Truth About Becoming a Pro","https://www.youtube.com/watch?v=yE1sfBvPjYc","localizado; visionado pendiente"
"BecomeElite","5 ejercicios pliométricos esenciales para futbolistas","https://www.youtube.com/watch?v=NQvZv3WKwaw","localizado; visionado pendiente"
"BecomeElite","Everything I Do the Day Before a Match! | How I Prepare!","https://www.youtube.com/watch?v=5P_m0LBnh90","localizado; visionado pendiente"
"BecomeElite","¡Tu grasa abdominal extra te está frenando! | Aquí te contamos cuánto...","https://www.youtube.com/watch?v=xfTAfX5BZfI","localizado; visionado pendiente"
"BecomeElite","What Separates a Pro Footballer from a Semi Pro?","https://www.youtube.com/watch?v=HdyETl7QAoE","localizado; visionado pendiente"
"BecomeElite","Mi recuperación no va según lo planeado","https://www.youtube.com/watch?v=No_if6o1VsY","localizado; visionado pendiente"
"BecomeElite","¿El levantamiento de pesas te hace MENOS ágil para el fútbol?","https://www.youtube.com/watch?v=iVIbsB2dcP8","localizado; visionado pendiente"
"BecomeElite","Vea la sesión de entrenamiento individual completa de un profesional","https://www.youtube.com/watch?v=xRJOJ8tcU7s","localizado; visionado pendiente"
"BecomeElite","Is the 10,000 Hour Rule True for Soccer?","https://www.youtube.com/watch?v=Tw5bGoUG1X0","localizado; visionado pendiente"
"BecomeElite","A NEW type of Vlog!!","https://www.youtube.com/watch?v=Gqic5dc6Pao","localizado; visionado pendiente"
"BecomeElite","My FULL Match Analysis! | Slowly, but Surely","https://www.youtube.com/watch?v=Dhzj792mAgQ","localizado; visionado pendiente"
"BecomeElite","¿Creo que volveré a jugar profesionalmente?","https://www.youtube.com/watch?v=JGB87OKrKAg","localizado; visionado pendiente"
"BecomeElite","Well... This is Frustrating","https://www.youtube.com/watch?v=0-15yhSRStY","localizado; visionado pendiente"
"BecomeElite","Was the First Game TOO Much??","https://www.youtube.com/watch?v=AZOiiPBxhzs","localizado; visionado pendiente"
"BecomeElite","My FULL Match Analysis | I'M FINALLY BACK","https://www.youtube.com/watch?v=k1ClPQvtWGM","localizado; visionado pendiente"
"BecomeElite","So... When Will I Play Again?","https://www.youtube.com/watch?v=wKtb08HREe0","localizado; visionado pendiente"
"BecomeElite","Mi truco para mantener la productividad | Haz primero lo que más cuesta","https://www.youtube.com/watch?v=AOdkPrYmF4I","localizado; visionado pendiente"
"BecomeElite","5 Essential First Touch Drills Every Player Should Master","https://www.youtube.com/watch?v=JbOwpq_8CeM","localizado; visionado pendiente"
"BecomeElite","Season Opener... My Honest Thoughts","https://www.youtube.com/watch?v=2yixnbAPrAs","localizado; visionado pendiente"
"BecomeElite","The First New Zealand Vlog","https://www.youtube.com/watch?v=VdAirHIak2Q","localizado; visionado pendiente"
"BecomeElite","I've Arrived in New Zealand!","https://www.youtube.com/watch?v=z83caJTPwZU","localizado; visionado pendiente"
"BecomeElite","¿Por qué los profesionales usan botas FG en campos de césped?","https://www.youtube.com/watch?v=bJryCPHN-Po","localizado; visionado pendiente"
"BecomeElite","My Training Session was INTERRUPTED","https://www.youtube.com/watch?v=uUYdWl1zUx8","localizado; visionado pendiente"
"BecomeElite","Velocidad de juego | Aprende a jugar más rápido","https://www.youtube.com/watch?v=uXIQluy1bYI","localizado; visionado pendiente"
"BecomeElite","THIS Workout Almost Made Me Throw Up","https://www.youtube.com/watch?v=64em0BJufYk","localizado; visionado pendiente"
"BecomeElite","Flying to California to Surprise My Girlfriend!","https://www.youtube.com/watch?v=6cJ_5ltxcxA","localizado; visionado pendiente"
"BecomeElite","Feeling Good | Road to Recovery Ep. 4","https://www.youtube.com/watch?v=n25yDrptwzE","localizado; visionado pendiente"
"BecomeElite","Mom Takes Over My YouTube Channel","https://www.youtube.com/watch?v=VYtHcY7T9xw","localizado; visionado pendiente"
"BecomeElite","My New Team","https://www.youtube.com/watch?v=--Q14bxgNG4","localizado; visionado pendiente"
"BecomeElite","A New Team and New Opportunity","https://www.youtube.com/watch?v=-X1oqhNynyE","localizado; visionado pendiente"
"BecomeElite","Cómo entrenar para ser más rápido en el fútbol | 3 aspectos del entrenamiento","https://www.youtube.com/watch?v=v93I3_D0Sog","localizado; visionado pendiente"
"BecomeElite","Te recomiendo encarecidamente que hagas esto | Camino a la recuperación, episodio 3","https://www.youtube.com/watch?v=7XsenGaP9ZA","localizado; visionado pendiente"
"BecomeElite","13 Things I Wish I Knew At Age 13 | SOCCER MISTAKES!","https://www.youtube.com/watch?v=8DVYmjioJvQ","localizado; visionado pendiente"
"BecomeElite","3 BIG Things | Road to Recovery Ep. 2","https://www.youtube.com/watch?v=xQrMPvIpNPA","localizado; visionado pendiente"
"BecomeElite","The MOST Important Thing to Train!?","https://www.youtube.com/watch?v=2byS2eX43a8","localizado; visionado pendiente"
"BecomeElite","Surgery | Road to Recovery Ep. 1","https://www.youtube.com/watch?v=e8HkkEBiTMk","localizado; visionado pendiente"
"BecomeElite","El encuentro en San Diego","https://www.youtube.com/watch?v=Dv4Eb686wTI","localizado; visionado pendiente"
"BecomeElite","Hardest Questions I've Ever Been Asked","https://www.youtube.com/watch?v=dKLC_XdeA04","localizado; visionado pendiente"
"BecomeElite","Getting Back on the Field","https://www.youtube.com/watch?v=3_jUhEBkXuQ","localizado; visionado pendiente"
"BecomeElite","I Have Some Bad News","https://www.youtube.com/watch?v=SkLRk-9Ucts","localizado; visionado pendiente"
"BecomeElite","¡Increíble llamada de mi agente!","https://www.youtube.com/watch?v=zJTK4Eoa7XU","localizado; visionado pendiente"
"BecomeElite","Necesito sus sugerencias","https://www.youtube.com/watch?v=dV5ci_MzHs8","localizado; visionado pendiente"
"BecomeElite","Cómo conseguí pruebas profesionales en el extranjero, en Alemania","https://www.youtube.com/watch?v=k7S4U4U14Lw","localizado; visionado pendiente"
"BecomeElite","Let's Hope This Works","https://www.youtube.com/watch?v=VEqtm4XeASQ","localizado; visionado pendiente"
"BecomeElite","Entonces... Tengo noticias","https://www.youtube.com/watch?v=ZRjuj2KFi4w","localizado; visionado pendiente"
"BecomeElite","Nunca me había sentido tan frustrado","https://www.youtube.com/watch?v=UKG5Eshkt2g","localizado; visionado pendiente"
"BecomeElite","My FULL Preseason Cardio Plan","https://www.youtube.com/watch?v=9b_55gF7pPU","localizado; visionado pendiente"
"BecomeElite","Check THAT off the Bucket List","https://www.youtube.com/watch?v=8CLpp0--wrI","localizado; visionado pendiente"
"BecomeElite","A Full Day with Sheldon Tweedie","https://www.youtube.com/watch?v=WqV_T5cIX-I","localizado; visionado pendiente"
"BecomeElite","Lowest Point in Career? Life after Soccer? Biggest Motivation? Ft.  Sheldon Tweedie","https://www.youtube.com/watch?v=TIVypIscm6s","localizado; visionado pendiente"
"BecomeElite","The London Meet Up | Meeting Sheldon Tweedie","https://www.youtube.com/watch?v=ilJzyVSUw4o","localizado; visionado pendiente"
"BecomeElite","Leaving for London | Trying Something New","https://www.youtube.com/watch?v=D6D7IkWMtIw","localizado; visionado pendiente"
"BecomeElite","The BEST Christmas Gift EVER","https://www.youtube.com/watch?v=CCU-H-5Lv0E","localizado; visionado pendiente"
"BecomeElite","¿Entrenamiento con una pelota pequeña?","https://www.youtube.com/watch?v=F6OzooomyWQ","localizado; visionado pendiente"
"BecomeElite","Entrenadores juveniles vs. entrenadores profesionales | ¿En qué se diferencian?","https://www.youtube.com/watch?v=HqclQTok69E","localizado; visionado pendiente"
"BecomeElite","Complete Dribbling and Mobility Session","https://www.youtube.com/watch?v=vAtAHwhIbXc","localizado; visionado pendiente"
"BecomeElite","Mi programa de entrenamiento diario COMPLETO","https://www.youtube.com/watch?v=DS-u3zrQcGE","localizado; visionado pendiente"
"BecomeElite","The Vibe Lords","https://www.youtube.com/watch?v=6usocKbfBEw","localizado; visionado pendiente"
"BecomeElite","¿El país más fácil para empezar tu carrera profesional? | Mi experiencia","https://www.youtube.com/watch?v=NT5VhIoq81M","localizado; visionado pendiente"
"BecomeElite","100 Individual Soccer Training Drills","https://www.youtube.com/watch?v=z7jP3moQi9c","localizado; visionado pendiente"
"BecomeElite","I'm Faking It..","https://www.youtube.com/watch?v=jhHFlbvAIGg","localizado; visionado pendiente"
"BecomeElite","HARD WORK vs TALENT | Cristiano Ronaldo's Opinion","https://www.youtube.com/watch?v=UahBpLlyje4","localizado; visionado pendiente"
"BecomeElite","Cómo los futbolistas profesionales ""eliminan"" el dolor muscular","https://www.youtube.com/watch?v=-7AHrVx6ptI","localizado; visionado pendiente"
"BecomeElite","You Shouldn't NEED Motivation","https://www.youtube.com/watch?v=AMnXuR9PSfo","localizado; visionado pendiente"
"BecomeElite","Cómo establezco mis metas para convertirme en futbolista profesional","https://www.youtube.com/watch?v=L6Mu_Wg1xLk","localizado; visionado pendiente"
"BecomeElite","Q&A with my Mom and Dad!","https://www.youtube.com/watch?v=vniEmdCHXg0","localizado; visionado pendiente"
"BecomeElite","Play Hard | Work Harder","https://www.youtube.com/watch?v=0FJb45g1I-4","localizado; visionado pendiente"
"BecomeElite","This video sucks...","https://www.youtube.com/watch?v=U1U9aWJ9II4","localizado; visionado pendiente"
"BecomeElite","How Pros ACTUALLY Choose Their Soccer Cleats","https://www.youtube.com/watch?v=wXuqRH23yig","localizado; visionado pendiente"
"BecomeElite","Matt Sheldon STLFC 2017 Highlights","https://www.youtube.com/watch?v=oNtlrcaP9Q4","localizado; visionado pendiente"
"BecomeElite","Esta es mi mayor debilidad","https://www.youtube.com/watch?v=u7bPtCWhifg","localizado; visionado pendiente"
"BecomeElite","Lactic Acid Does NOT Cause Soreness","https://www.youtube.com/watch?v=Xaf1EjfgrfU","localizado; visionado pendiente"
"BecomeElite","3 GRANDES ideas erróneas sobre jugar al fútbol profesional","https://www.youtube.com/watch?v=0ZbGxui632c","localizado; visionado pendiente"
"BecomeElite","Entonces, ¿cuál es el plan?","https://www.youtube.com/watch?v=5zydmUMrt0k","localizado; visionado pendiente"
"BecomeElite","El regreso","https://www.youtube.com/watch?v=twfBET4iqR8","localizado; visionado pendiente"
"BecomeElite","Adiós, YouTube","https://www.youtube.com/watch?v=W5rxmrzfMEw","localizado; visionado pendiente"
"BecomeElite","Why Sometimes You SHOULD Keep Your Head Down","https://www.youtube.com/watch?v=bpvATdfczQ8","localizado; visionado pendiente"
"BecomeElite","Entrenamiento completo de dos futbolistas profesionales | Vida de Pro 31","https://www.youtube.com/watch?v=buqeprgIbgQ","localizado; visionado pendiente"
"BecomeElite","Are Open Try-Outs or Trials Worth It?","https://www.youtube.com/watch?v=hwiW3LFa1Hk","localizado; visionado pendiente"
"BecomeElite","Progression | Life of a Pro 30","https://www.youtube.com/watch?v=oxu_HTeIEEc","localizado; visionado pendiente"
"BecomeElite","Learn to Play Center Mid | A Pro's Analysis of Busquets","https://www.youtube.com/watch?v=21Kwovy2gws","localizado; visionado pendiente"
"BecomeElite","Un mensaje para Nick de Train Effective","https://www.youtube.com/watch?v=VcEfU2-2Glk","localizado; visionado pendiente"
"BecomeElite","Los jugadores de fútbol DEBEN simular faltas","https://www.youtube.com/watch?v=xJoxwt_ToZY","localizado; visionado pendiente"
"BecomeElite","LOCKER ROOM TOUR | Life of a Pro 29","https://www.youtube.com/watch?v=pk__Cbgk0QQ","localizado; visionado pendiente"
"BecomeElite","Un día verdaderamente increíble - Vida de un profesional 28","https://www.youtube.com/watch?v=abDbGf7Uin4","localizado; visionado pendiente"
"BecomeElite","¡Tu rutina de cardio NO te pondrá en forma para el partido!","https://www.youtube.com/watch?v=40TphZaAgHA","localizado; visionado pendiente"
"BecomeElite","The Become Elite Jacket is HERE!! - Life of a Pro 27","https://www.youtube.com/watch?v=yj7SP5bHUjg","localizado; visionado pendiente"
"BecomeElite","¿Por qué los jugadores de fútbol profesionales se afeitan las piernas?","https://www.youtube.com/watch?v=1k1Y6kR--VM","localizado; visionado pendiente"
"BecomeElite","How to Study Soccer Games to Improve at Your Position","https://www.youtube.com/watch?v=92pz01_JZvY","localizado; visionado pendiente"
"BecomeElite","High Reps vs Low Reps","https://www.youtube.com/watch?v=gRC2GOOSN9s","localizado; visionado pendiente"
"BecomeElite","A Rare Occurence - Life of a Pro 26","https://www.youtube.com/watch?v=z1oIHam6S2c","localizado; visionado pendiente"
"BecomeElite","A Pro's Every Touch Analyzed","https://www.youtube.com/watch?v=UiBebP_tEUg","localizado; visionado pendiente"
"BecomeElite","Cómo planifico mis comidas trampa","https://www.youtube.com/watch?v=FTdHBKh1Tpk","localizado; visionado pendiente"
"BecomeElite","I Needed This | Life of a Pro 25","https://www.youtube.com/watch?v=_Bp4C_57jT0","localizado; visionado pendiente"
"BecomeElite","No fue mi mejor partido... | Análisis de cada toque","https://www.youtube.com/watch?v=wwsaTFLgZDM","localizado; visionado pendiente"
"BecomeElite","Why You ""Freeze Up"" in Your Games","https://www.youtube.com/watch?v=myEFmUl4r-I","localizado; visionado pendiente"
"BecomeElite","¿Cómo se recuperan tan rápido los atletas profesionales?","https://www.youtube.com/watch?v=GB7SN66G9qU","localizado; visionado pendiente"
"BecomeElite","I Didn't Want to Film This.. Life of a Pro 24","https://www.youtube.com/watch?v=oxtzmaqAyJk","localizado; visionado pendiente"
"BecomeElite","My Full Game Analysis | Every Single Touch","https://www.youtube.com/watch?v=HOJKCggVqNE","localizado; visionado pendiente"
"BecomeElite","¡Por qué la escalera de agilidad por sí sola NO te hará más rápido!","https://www.youtube.com/watch?v=5lHqeWt9WjM","localizado; visionado pendiente"
"BecomeElite","STARTING SOMETHING NEW... - Life of a Pro 23","https://www.youtube.com/watch?v=yFprgx4KW1o","localizado; visionado pendiente"
"BecomeElite","Training Every Skill VS Training One Skill Each Day","https://www.youtube.com/watch?v=l1qs1znO_lo","localizado; visionado pendiente"
"BecomeElite","My Full Game Analysis | EVERY SINGLE TOUCH","https://www.youtube.com/watch?v=BWrPIxeXox8","localizado; visionado pendiente"
"BecomeElite","Full Day of Eating | Professional Footballer's Meal Plan","https://www.youtube.com/watch?v=DhoDYZSym38","localizado; visionado pendiente"
"BecomeElite","Should Soccer Players Drink Protein Shakes?","https://www.youtube.com/watch?v=fogISVTzj1E","localizado; visionado pendiente"
"BecomeElite","¡TODAS LAS HABILIDADES INCREÍBLES DEL 1v1 EN LA FINAL DE LA FA CUP! | Las mejores habilidades par...","https://www.youtube.com/watch?v=KonNOwag-wM","localizado; visionado pendiente"
"BecomeElite","Complete Foam Rolling Routine | 4 COMMON MISTAKES","https://www.youtube.com/watch?v=9SQ_5Z-Xdv4","localizado; visionado pendiente"
"BecomeElite","How I Workout/Train In Season - Life of a Pro 22","https://www.youtube.com/watch?v=iXFoulbdM4c","localizado; visionado pendiente"
"BecomeElite","¿Descalzo vs. con tacos vs. zapatillas para correr?","https://www.youtube.com/watch?v=68fC6TfSXOk","localizado; visionado pendiente"
"BecomeElite","Do You Need a Six Pack to Become Pro? - Life of a Pro 21","https://www.youtube.com/watch?v=4lwXBnr6b4o","localizado; visionado pendiente"
"BecomeElite","¡Mimi responde a tus preguntas! | ¡ESPECIAL DE PREGUNTAS Y RESPUESTAS POR 100.000 SEGUIDORES!","https://www.youtube.com/watch?v=mofHQsUR1rg","localizado; visionado pendiente"
"BecomeElite","MY FIRST ASSIST | Full Game Analysis","https://www.youtube.com/watch?v=DODrk-0GudQ","localizado; visionado pendiente"
"BecomeElite","Análisis de cada toque de balón contra el FC Cincinnati","https://www.youtube.com/watch?v=uZ6eedc2-24","localizado; visionado pendiente"
"BecomeElite","SESIÓN DE ENTRENAMIENTO COMPLETA DEL EQUIPO - La vida de un profesional 20","https://www.youtube.com/watch?v=glHkGI6nnMY","localizado; visionado pendiente"
"BecomeElite","20 datos aleatorios sobre mí","https://www.youtube.com/watch?v=VlL22ES1Vk0","localizado; visionado pendiente"
"BecomeElite","Full Partner Training Session","https://www.youtube.com/watch?v=ZrY25B8q38w","localizado; visionado pendiente"
"BecomeElite","I Haven't Made It... | 100k Special","https://www.youtube.com/watch?v=PLMmUorpGbg","localizado; visionado pendiente"
"BecomeElite","My Full Cardio Workout in Tennessee - Life of a Pro 19","https://www.youtube.com/watch?v=I3YYil0iWqE","localizado; visionado pendiente"
"BecomeElite","How to Get a Football Agent","https://www.youtube.com/watch?v=Zg_-IsNZ8d8","localizado; visionado pendiente"
"BecomeElite","TIME FOR A HUGE UPGRADE! - Life of a Pro 18","https://www.youtube.com/watch?v=TFB1sCv2xoc","localizado; visionado pendiente"
"BecomeElite","Consigue MÁS posesión del balón en tu próximo partido.","https://www.youtube.com/watch?v=rQPUURvdnhA","localizado; visionado pendiente"
"BecomeElite","Will Juggling Actually Help You in a REAL GAME?? - Life of a Pro 17","https://www.youtube.com/watch?v=o1_kNaqaTbs","localizado; visionado pendiente"
"BecomeElite","How to Make a Soccer CV/Resume","https://www.youtube.com/watch?v=k5wowGqS6mA","localizado; visionado pendiente"
"BecomeElite","THEY CAME TO SEE ME! - Life of a Pro Ep. 16","https://www.youtube.com/watch?v=J5ak6gMuyCo","localizado; visionado pendiente"
"BecomeElite","7 Reasons Why You Are Watching Soccer WRONG!!","https://www.youtube.com/watch?v=8JWOtaK_hEA","localizado; visionado pendiente"
"BecomeElite","IT'S FINALLY HERE!! - Life of a Pro Ep. 15","https://www.youtube.com/watch?v=DTTsJMMEHns","localizado; visionado pendiente"
"BecomeElite","A Pro's Complete Individual Training Session","https://www.youtube.com/watch?v=aiNErPElrRI","localizado; visionado pendiente"
"BecomeElite","WHAT A GAME!! U.S. Open Cup Game Analysis","https://www.youtube.com/watch?v=V-iX0nqmzF8","localizado; visionado pendiente"
"BecomeElite","Why Am I Not Starting?","https://www.youtube.com/watch?v=sCLTVvHlwcc","localizado; visionado pendiente"
"BecomeElite","So... Let's Talk Money - Life of a Pro Ep. 14","https://www.youtube.com/watch?v=1OUlewtehrs","localizado; visionado pendiente"
"BecomeElite","How You Can Train ANYWHERE  - Life of a Pro Ep. 13","https://www.youtube.com/watch?v=2AY2b-9n_KU","localizado; visionado pendiente"
"BecomeElite","The Elite 90.","https://www.youtube.com/watch?v=Dyo0s_OKHf4","localizado; visionado pendiente"
"BecomeElite","How to Be More Confident in Soccer - Life of a Pro Ep. 12","https://www.youtube.com/watch?v=M1kcF6EHgr0","localizado; visionado pendiente"
"BecomeElite","My Game Analysis vs. Orlando City B","https://www.youtube.com/watch?v=qc6GgPnH9Bs","localizado; visionado pendiente"
"BecomeElite","Getting out of Saint Louis - Life of a Pro Ep. 11","https://www.youtube.com/watch?v=nVU5rQntbxE","localizado; visionado pendiente"
"BecomeElite","Individual Training Session without a Goal - Life of a Pro Ep. 10","https://www.youtube.com/watch?v=sbXt4RDDJlk","localizado; visionado pendiente"
"BecomeElite","9 Foods You Probably Think Are Healthy BUT AREN'T","https://www.youtube.com/watch?v=PCuksvx4hic","localizado; visionado pendiente"
"BecomeElite","The Biggest Crowd Yet. | Life of a Pro Ep. 9","https://www.youtube.com/watch?v=HkoVSiKwS7Q","localizado; visionado pendiente"
"BecomeElite","FC Cincinnati Game Analysis","https://www.youtube.com/watch?v=8AoGBEids1E","localizado; visionado pendiente"
"BecomeElite","How a Pro Soccer Player Cured His Patellar Tendinitis","https://www.youtube.com/watch?v=Bhgxor2vP7U","localizado; visionado pendiente"
"BecomeElite","My Game Analysis vs. Ottawa Fury FC","https://www.youtube.com/watch?v=Z5ONmjbXis4","localizado; visionado pendiente"
"BecomeElite","Injured... Life of a Pro - Ep. 8","https://www.youtube.com/watch?v=mmmY-SewmCM","localizado; visionado pendiente"
"BecomeElite","Craziest Game of My Life - A Fan Perspective","https://www.youtube.com/watch?v=OF8NIjO6bts","localizado; visionado pendiente"
"BecomeElite","My Game Analysis vs. Louisville City FC","https://www.youtube.com/watch?v=l6jCXxdqFgc","localizado; visionado pendiente"
"BecomeElite","Pregame Juggling with NHL Players! - Life of a Pro Ep. 7","https://www.youtube.com/watch?v=yrN5jfIS--I","localizado; visionado pendiente"
"BecomeElite","Análisis del partido contra los Tulsa Roughnecks (Amistoso de pretemporada)","https://www.youtube.com/watch?v=LaiLhlE60TY","localizado; visionado pendiente"
"BecomeElite","The Worst Movie I've Ever Seen - Life of a Pro Ep. 6","https://www.youtube.com/watch?v=jWkw4ep6Yok","localizado; visionado pendiente"
"BecomeElite","¿El mejor cardio? ¿Impresionar a los entrenadores? ¿Con qué frecuencia deberías entrenar? Pregunt...","https://www.youtube.com/watch?v=wUp9K-Ow2vU","localizado; visionado pendiente"
"BecomeElite","How Pros Prepare for Games - Life of a Pro Ep. 5","https://www.youtube.com/watch?v=8JfPyTd2fP0","localizado; visionado pendiente"
"BecomeElite","Cómo convertirse en futbolista profesional | Guía paso a paso para profesionales","https://www.youtube.com/watch?v=NOkqhFfKbXs","localizado; visionado pendiente"
"BecomeElite","I Guarded Kaká - Life of a Pro Ep. 4","https://www.youtube.com/watch?v=AJ845NS94rA","localizado; visionado pendiente"
"BecomeElite","Analysis of My Game vs. D.C. United (MLS)","https://www.youtube.com/watch?v=XDXORP_bJ24","localizado; visionado pendiente"
"BecomeElite","My NEW Projects - Life of a Pro Ep. 3","https://www.youtube.com/watch?v=kpvm86l73lU","localizado; visionado pendiente"
"BecomeElite","Team Training - Life of a Pro Ep. 2","https://www.youtube.com/watch?v=g20uz7BS-ds","localizado; visionado pendiente"
"BecomeElite","What's Preseason Like? - Life of a Pro EP. 1","https://www.youtube.com/watch?v=O3R0E0tY1uk","localizado; visionado pendiente"
"BecomeElite","The Final Offseason Episode","https://www.youtube.com/watch?v=sh-JL4mlGhU","localizado; visionado pendiente"
"BecomeElite","Settling In - Offseason Ep. 49","https://www.youtube.com/watch?v=rv8bACNFUt4","localizado; visionado pendiente"
"BecomeElite","My New Apartment - Offseason Ep. 48","https://www.youtube.com/watch?v=z2fIFozVFDo","localizado; visionado pendiente"
"BecomeElite","I'm in Saint Louis! - Offseason Ep. 47","https://www.youtube.com/watch?v=zdIESjL14ng","localizado; visionado pendiente"
"BecomeElite","¡Me voy! - Temporada baja Ep. 46","https://www.youtube.com/watch?v=jeqhqyot558","localizado; visionado pendiente"
"BecomeElite","¿Debería decirle fútbol? - Offseason Ep. 45","https://www.youtube.com/watch?v=n_XVypVEn20","localizado; visionado pendiente"
"BecomeElite","Alcohol? Balancing School and Soccer? Money? Q+A","https://www.youtube.com/watch?v=AkxzIVSJ738","localizado; visionado pendiente"
"BecomeElite","Sorteo de programas + Entrenamiento de resistencia - Temporada baja Ep. 44","https://www.youtube.com/watch?v=qFGhpI1ErBQ","localizado; visionado pendiente"
"BecomeElite","El día doble - Temporada baja ep. 43","https://www.youtube.com/watch?v=T8NrFD4_EPc","localizado; visionado pendiente"
"BecomeElite","Cabin Fever - Offseason Ep. 42","https://www.youtube.com/watch?v=BK2XX9wAwww","localizado; visionado pendiente"
"BecomeElite","Preparándome para la pretemporada - Ep. 41 de la temporada baja","https://www.youtube.com/watch?v=lzLHRFVTPm8","localizado; visionado pendiente"
"BecomeElite","Mi camino al profesionalismo que no había compartido...","https://www.youtube.com/watch?v=aAkjVB-I5XU","localizado; visionado pendiente"
"BecomeElite","¿Cuánto deberías entrenar? - Offseason Ep. 40","https://www.youtube.com/watch?v=hnpLeA--1xU","localizado; visionado pendiente"
"BecomeElite","The FULL Plan for January - Offseason Ep. 39","https://www.youtube.com/watch?v=Y3IssfO2Gno","localizado; visionado pendiente"
"BecomeElite","Hagamos del 2017 un gran año - Temporada baja Ep. 38","https://www.youtube.com/watch?v=XHjj5y37jek","localizado; visionado pendiente"
"BecomeElite","Concave Volt+ Boot Review - Offseason Ep. 37","https://www.youtube.com/watch?v=2WvTigGhZkY","localizado; visionado pendiente"
"BecomeElite","¡Patrocinado! - Temporada baja Ep. 36","https://www.youtube.com/watch?v=77GEEDstcd8","localizado; visionado pendiente"
"BecomeElite","Coming Back from an Injury | Light Ball Work - Offseason Ep. 35","https://www.youtube.com/watch?v=cnGPJ8D6dNw","localizado; visionado pendiente"
"BecomeElite","La mejor noche de mi vida - Offseason Ep. 34","https://www.youtube.com/watch?v=QpLBkhhis80","localizado; visionado pendiente"
"BecomeElite","Haciendo ejercicio en un apartamento diminuto en París - Temporada baja ep. 33","https://www.youtube.com/watch?v=5_-_c4ec7LY","localizado; visionado pendiente"
"BecomeElite","The London Meet Up! -  Offseason Ep. 32","https://www.youtube.com/watch?v=JE-uQ3M7tjs","localizado; visionado pendiente"
"BecomeElite","Bristol City Football Match - Offseason Ep. 31","https://www.youtube.com/watch?v=40fbVxb135k","localizado; visionado pendiente"
"BecomeElite","Lower Back Stretches | Knee Injury Recovery - Offseason Ep. 30","https://www.youtube.com/watch?v=uJYNFGCnEOA","localizado; visionado pendiente"
"BecomeElite","Bristol Meet-Up! - Offseason Ep. 29","https://www.youtube.com/watch?v=co48eil9kkg","localizado; visionado pendiente"
"BecomeElite","Goodbye, Germany! - Offseason Ep. 28","https://www.youtube.com/watch?v=plVJ6iEehDY","localizado; visionado pendiente"
"BecomeElite","Y así comienza: Temporada baja Ep. 27","https://www.youtube.com/watch?v=PBahWMJ6uaM","localizado; visionado pendiente"
"BecomeElite","Snowed In!! At-Home Bodyweight Workout + Training Session - Offseason Ep. 26","https://www.youtube.com/watch?v=iEZJkdtlSHs","localizado; visionado pendiente"
"BecomeElite","Viendo el progreso - Temporada baja Ep 25","https://www.youtube.com/watch?v=OuywyF7PmQU","localizado; visionado pendiente"
"BecomeElite","You Are Unstoppable - Soccer Motivation","https://www.youtube.com/watch?v=yPgQYgJuBOk","localizado; visionado pendiente"
"BecomeElite","How to Become a Pro? Core Exercises? 50 Q+A's!","https://www.youtube.com/watch?v=uUHkW8yhoUM","localizado; visionado pendiente"
"BecomeElite","Today was a Great Day!!! - Offseason Ep. 24","https://www.youtube.com/watch?v=fVXmlz7XHR0","localizado; visionado pendiente"
"BecomeElite","Program Sale, Yoga, and Shooting - Offseason Ep. 23","https://www.youtube.com/watch?v=bUsYTWMcSMM","localizado; visionado pendiente"
"BecomeElite","¿Por qué no esforzarse más? - Offseason Ep. 22","https://www.youtube.com/watch?v=Xlc_2BAk3_4","localizado; visionado pendiente"
"BecomeElite","Prueba de precisión de centros - Ep. 21 de temporada baja","https://www.youtube.com/watch?v=8pW-3oYuwpA","localizado; visionado pendiente"
"BecomeElite","40 yard Dash Test - Offseason Ep. 20","https://www.youtube.com/watch?v=9rMgi8MNXTs","localizado; visionado pendiente"
"BecomeElite","¡Nuevo récord personal! - Temporada baja Ep. 19","https://www.youtube.com/watch?v=dZi1kvtTZyo","localizado; visionado pendiente"
"BecomeElite","I Cheated on My Diet | F.A.Qs - Offseason Ep. 18","https://www.youtube.com/watch?v=VhXu5h1xtb4","localizado; visionado pendiente"
"BecomeElite","My New Contract - Offseason Ep. 17","https://www.youtube.com/watch?v=wwbyTrte-so","localizado; visionado pendiente"
"BecomeElite","Matt Sheldon 2016 USL Highlights","https://www.youtube.com/watch?v=4goWyoF0Pd4","localizado; visionado pendiente"
"BecomeElite","El plan para las próximas 3 semanas - Temporada baja Ep. 16","https://www.youtube.com/watch?v=96boTfvZPWk","localizado; visionado pendiente"
"BecomeElite","¿La mejor forma de fortalecerse? - Fuera de temporada Ep. 15","https://www.youtube.com/watch?v=tesgtH-Hkd8","localizado; visionado pendiente"
"BecomeElite","¿Qué hay en mi bolsa de fútbol? - Pretemporada Ep. 14","https://www.youtube.com/watch?v=HJPleJaIjW0","localizado; visionado pendiente"
"BecomeElite","That Hit Me Hard - Offseason Ep. 13","https://www.youtube.com/watch?v=bzM2FvjQ_nk","localizado; visionado pendiente"
"BecomeElite","¡Encuentro en Portland! - Offseason Ep. 12","https://www.youtube.com/watch?v=VEPPi7Arxf0","localizado; visionado pendiente"
"BecomeElite","The Bad Training Day - Offseason Ep. 11","https://www.youtube.com/watch?v=VsoZPhriXMA","localizado; visionado pendiente"
"BecomeElite","Entrenamiento completo con otro profesional - Temporada baja Ep. 10","https://www.youtube.com/watch?v=i3FCCMsuzAQ","localizado; visionado pendiente"
"BecomeElite","I Probably Spent Too Much Money.. - Offseason Ep. 9","https://www.youtube.com/watch?v=uupkRaaA4XI","localizado; visionado pendiente"
"BecomeElite","Ve tras lo que realmente quieres en la vida - Temporada baja, episodio 8","https://www.youtube.com/watch?v=88tKwy4PndY","localizado; visionado pendiente"
"BecomeElite","Warm-Up | Passing Day | Lift - Offseason Ep. 7","https://www.youtube.com/watch?v=t22MskCZadU","localizado; visionado pendiente"
"BecomeElite","Cuánto deberías entrenar - Temporada baja Ep. 6","https://www.youtube.com/watch?v=12LenGtOj_4","localizado; visionado pendiente"
"BecomeElite","The Only Way To Improve - Offseason Ep. 5","https://www.youtube.com/watch?v=t9pzB6OjTLc","localizado; visionado pendiente"
"BecomeElite","Probando mi porcentaje de grasa corporal - Temporada baja, episodio 4","https://www.youtube.com/watch?v=-B8KMZDD3o4","localizado; visionado pendiente"
"BecomeElite","My Full Training Plan - Offseason Ep. 3","https://www.youtube.com/watch?v=YvYdjKH__zY","localizado; visionado pendiente"
"BecomeElite","Sprint de 40 yardas | Dieta | Suplementos - Pretemporada Ep. 2","https://www.youtube.com/watch?v=RsrvX40kFMs","localizado; visionado pendiente"
"BecomeElite","La línea base - Pretemporada Ep. 1","https://www.youtube.com/watch?v=Uwe5W4e0SvM","localizado; visionado pendiente"
"BecomeElite","El último día de mi vida","https://www.youtube.com/watch?v=nORo9jKTcfw","localizado; visionado pendiente"
"BecomeElite","DITL 28: Por qué hago ""fisicoculturismo""","https://www.youtube.com/watch?v=WFwk14eBSq8","localizado; visionado pendiente"
"BecomeElite","5 ejercicios de pase esenciales para futbolistas","https://www.youtube.com/watch?v=xvaD2AamMpU","localizado; visionado pendiente"
"BecomeElite","The Last Game Analysis of 2016","https://www.youtube.com/watch?v=zV0xhmrUKKA","localizado; visionado pendiente"
"BecomeElite","Q+A! How Much Do You Train? Do you play FIFA? Pre-Game Meal?","https://www.youtube.com/watch?v=OT0LsGherZo","localizado; visionado pendiente"
"BecomeElite","DITL 27: Season is Over... Now What??","https://www.youtube.com/watch?v=SFQ24liTx0o","localizado; visionado pendiente"
"BecomeElite","How I Got a Yellow Card | Play-Off Game Analysis","https://www.youtube.com/watch?v=RJlePu45QKQ","localizado; visionado pendiente"
"BecomeElite","Torneo de fútbol tenis con los compañeros de piso","https://www.youtube.com/watch?v=xnP4XYE2Fhs","localizado; visionado pendiente"
"BecomeElite","Analysis of Every Touch I Made vs. Colorado Switchbacks","https://www.youtube.com/watch?v=eaaKUXjfx0g","localizado; visionado pendiente"
"BecomeElite","DITL 26: Meet my Teammates!","https://www.youtube.com/watch?v=cfAWTaz7Q-Y","localizado; visionado pendiente"
"BecomeElite","Analysis of Every Touch I Made vs RSL Monarchs","https://www.youtube.com/watch?v=qvsYG4Cxemg","localizado; visionado pendiente"
"BecomeElite","DITL 25: Shots, Crosses, Pings, + Long Balls","https://www.youtube.com/watch?v=tpgqz5Moxfg","localizado; visionado pendiente"
"BecomeElite","Cómo cruzar un balón de fútbol","https://www.youtube.com/watch?v=c7qFeTrF3uc","localizado; visionado pendiente"
"BecomeElite","Sesión de entrenamiento completa | Metraje original","https://www.youtube.com/watch?v=zKxbQBYLbfY","localizado; visionado pendiente"
"BecomeElite","Game Analysis - Every Touch Against Sac Republic (2nd Half)","https://www.youtube.com/watch?v=nD57wk9Uyh0","localizado; visionado pendiente"
"BecomeElite","Game Analysis - Every Touch Against Sac Republic (1st Half)","https://www.youtube.com/watch?v=Qc-keVwYBUQ","localizado; visionado pendiente"
"BecomeElite","DITL 24: Mejorando mis puntos débiles","https://www.youtube.com/watch?v=CvkbV7ddB1E","localizado; visionado pendiente"
"BecomeElite","Analysis of Every Touch I Made vs  LA Galaxy II","https://www.youtube.com/watch?v=TBoyRiNp2DE","localizado; visionado pendiente"
"BecomeElite","DITL 23: How I Prevent/Treat Minor Injuries","https://www.youtube.com/watch?v=-CfoFt9iULk","localizado; visionado pendiente"
"BecomeElite","P+R: ¿Cuál es mi salario? ¿Cómo saber si puedes jugar en D1?","https://www.youtube.com/watch?v=8NduOs3jQfQ","localizado; visionado pendiente"
"BecomeElite","Game Highlights vs. Timbers 2 and Whitecaps 2","https://www.youtube.com/watch?v=TuRBiunbrrI","localizado; visionado pendiente"
"BecomeElite","DITL 22: ¡Por fin de vuelta a casa!","https://www.youtube.com/watch?v=lBD441gimY4","localizado; visionado pendiente"
"BecomeElite","Mis mejores momentos de juego: Tulsa Roughnecks + Arizona United","https://www.youtube.com/watch?v=43UANFWKbN0","localizado; visionado pendiente"
"BecomeElite","Best Drills to Improve your Weak Foot","https://www.youtube.com/watch?v=ziB_uoHKlhA","localizado; visionado pendiente"
"BecomeElite","Game Highlights for DITL 21: OKC Energy and Swope Park Rangers","https://www.youtube.com/watch?v=0goTrkrQp6M","localizado; visionado pendiente"
"BecomeElite","DITL 21: Raw Training Footage + Downtown San Diego","https://www.youtube.com/watch?v=HKyRTRH98gc","localizado; visionado pendiente"
"BecomeElite","Cómo hacer un video de mejores jugadas de fútbol","https://www.youtube.com/watch?v=vYCbkCWgBvg","localizado; visionado pendiente"
"BecomeElite","DITL 20: My Game Highlights + Recovery Session","https://www.youtube.com/watch?v=gk6DJOs2nig","localizado; visionado pendiente"
"BecomeElite","5 Essential Speed and Agility Drills","https://www.youtube.com/watch?v=QyCWe-SIW6M","localizado; visionado pendiente"
"BecomeElite","DITL 19: How I Stay Motivated","https://www.youtube.com/watch?v=FWUCjj44YIg","localizado; visionado pendiente"
"BecomeElite","5 Essential Shooting Drills Every Player Should Master","https://www.youtube.com/watch?v=tcoRi1OxFmo","localizado; visionado pendiente"
"BecomeElite","DITL 18: My New Trial in California","https://www.youtube.com/watch?v=HXg8H8Oid6Y","localizado; visionado pendiente"
"BecomeElite","Full Training Session","https://www.youtube.com/watch?v=CG8p8HAnYkE","localizado; visionado pendiente"
"BecomeElite","Q+A | Will I play in the MLS? The Best Drill? How to be Confident?","https://www.youtube.com/watch?v=3hWfXsmdcJI","localizado; visionado pendiente"
"BecomeElite","DITL 17: Training in Venice, Italy (Part 3/3)","https://www.youtube.com/watch?v=SzEBGSoXGN4","localizado; visionado pendiente"
"BecomeElite","DITL 17: Training in Venice, Italy (Part 2/3)","https://www.youtube.com/watch?v=Wrpq52xWEVA","localizado; visionado pendiente"
"BecomeElite","DITL 17: Training in Venice, Italy (Part 1/3)","https://www.youtube.com/watch?v=EubY0vHoIdw","localizado; visionado pendiente"
"BecomeElite","Cómo hacer un ""back stall"" | 3 pasos sencillos","https://www.youtube.com/watch?v=An58q32clDw","localizado; visionado pendiente"
"BecomeElite","Brotherly Love: Lifting Competition | Me vs. My Brother","https://www.youtube.com/watch?v=egBaAuUpVCo","localizado; visionado pendiente"
"BecomeElite","DITL 16: Try-Out Update + Offseason Structure","https://www.youtube.com/watch?v=55g7ZHxUDoM","localizado; visionado pendiente"
"BecomeElite","DITL 15: Game Footage + Partner Training","https://www.youtube.com/watch?v=vkpG2AxjluM","localizado; visionado pendiente"
"BecomeElite","Cómo tener una prueba de fútbol exitosa","https://www.youtube.com/watch?v=1X8ciPi4SDc","localizado; visionado pendiente"
"BecomeElite","My Trial in Wolfsburg | Part 2","https://www.youtube.com/watch?v=apj4ewE3C0w","localizado; visionado pendiente"
"BecomeElite","My Trial in Wolfsburg | Part 1","https://www.youtube.com/watch?v=BoGKtwat6S4","localizado; visionado pendiente"
"BecomeElite","1,000 Juggles Every Day for 3 Months | My Results","https://www.youtube.com/watch?v=f8dcZevyP54","localizado; visionado pendiente"
"BecomeElite","Un día en la vida 13","https://www.youtube.com/watch?v=QIwN5LQTqfk","localizado; visionado pendiente"
"BecomeElite","Sesión completa de entrenamiento para convertirse en élite","https://www.youtube.com/watch?v=Kv-5nBsAAKM","localizado; visionado pendiente"
"BecomeElite","How to Dribble with Speed | 3 Step Guide","https://www.youtube.com/watch?v=LRW3UpQrgPQ","localizado; visionado pendiente"
"BecomeElite","Is it too Late for You to Become a Pro Soccer Player?","https://www.youtube.com/watch?v=ezLg6p481aA","localizado; visionado pendiente"
"BecomeElite","Day in the Life 12: Training and Q+A!","https://www.youtube.com/watch?v=TMH5HHY34nk","localizado; visionado pendiente"
"BecomeElite","Cómo hacer el arcoíris de Thiago (4 sencillos pasos)","https://www.youtube.com/watch?v=YwHjOicENH4","localizado; visionado pendiente"
"BecomeElite","Day in the Life 11: Cardio and Training Tips","https://www.youtube.com/watch?v=WkjEs7MEy14","localizado; visionado pendiente"
"BecomeElite","Soccer Meal Plan | My Full Day of Meals","https://www.youtube.com/watch?v=HpMAg3ZZ0NY","localizado; visionado pendiente"
"BecomeElite","Day in the Life 10","https://www.youtube.com/watch?v=90MFNVnGvvU","localizado; visionado pendiente"
"BecomeElite","Cómo hacer el movimiento de fútbol Elastico","https://www.youtube.com/watch?v=tkxPmQJow08","localizado; visionado pendiente"
"BecomeElite","Day in the Life: Recovering from a Fever Ep  9","https://www.youtube.com/watch?v=KnLk8JohrqU","localizado; visionado pendiente"
"BecomeElite","How I Became a Pro Soccer Player (Part 2) - My Story","https://www.youtube.com/watch?v=qqd7B1FOUKI","localizado; visionado pendiente"
"BecomeElite","How I Became a Pro Soccer Player - My Story","https://www.youtube.com/watch?v=ObpbKPI77j8","localizado; visionado pendiente"
"BecomeElite","Un día en la vida 8: Desafío de 100 dominadas y sobreentrenamiento","https://www.youtube.com/watch?v=CD81kZG1gXQ","localizado; visionado pendiente"
"BecomeElite","How to Learn to Shoot with Power","https://www.youtube.com/watch?v=GlcQGue4Vs0","localizado; visionado pendiente"
"BecomeElite","How to Shoot a Soccer Ball with Power","https://www.youtube.com/watch?v=fb72F-NMkhM","localizado; visionado pendiente"
"BecomeElite","Day in the Life 7: I Achieved My Goal!","https://www.youtube.com/watch?v=ga3H7O7D09c","localizado; visionado pendiente"
"BecomeElite","Can You Do This Soccer Challenge!?","https://www.youtube.com/watch?v=d7X6zatxkQo","localizado; visionado pendiente"
"BecomeElite","My Favorite Drills in the Blueprint","https://www.youtube.com/watch?v=MLzuM73G4lY","localizado; visionado pendiente"
"BecomeElite","Day in the Life: Ep 6 Training, Lift, Full Meals, and Q+A","https://www.youtube.com/watch?v=W7KRp59V_WU","localizado; visionado pendiente"
"BecomeElite","Cómo curvar un balón de fútbol","https://www.youtube.com/watch?v=7AEutM8rxwQ","localizado; visionado pendiente"
"BecomeElite","10,000 Touch Soccer/Football Workout","https://www.youtube.com/watch?v=wjFihKoBs24","localizado; visionado pendiente"
"BecomeElite","Day in the Life - EP. 5! 10k Touch Program, Chest Workout, Mentality","https://www.youtube.com/watch?v=7dwBanl6opU","localizado; visionado pendiente"
"BecomeElite","Sesión completa de entrenamiento de fútbol usando solo una pared","https://www.youtube.com/watch?v=LoJ5dsFz59s","localizado; visionado pendiente"
"BecomeElite","Day in the Life: Ep 4 GameDay Routine, Chest Workout, and Training","https://www.youtube.com/watch?v=xabpH5Ai75s","localizado; visionado pendiente"
"BecomeElite","How to Schedule your Training Sessions","https://www.youtube.com/watch?v=zGCCeL7iK4Q","localizado; visionado pendiente"
"BecomeElite","Day in the Life: Ep. 3 - Continued (Rest of Meal Plans, Training, Lift)","https://www.youtube.com/watch?v=vSVp332tn8s","localizado; visionado pendiente"
"BecomeElite","Day in the Life: Ep. 3 - Signed My First Contract!","https://www.youtube.com/watch?v=1y0IL0wG-Ys","localizado; visionado pendiente"
"BecomeElite","3 Easy Freestyle Soccer Tricks For Beginners","https://www.youtube.com/watch?v=X1HtCDhFWEc","localizado; visionado pendiente"
"BecomeElite","Path to Become Elite: Episode 2","https://www.youtube.com/watch?v=MZ8aacNmGUM","localizado; visionado pendiente"
"BecomeElite","Entrenamiento de fútbol completo en un espacio diminuto","https://www.youtube.com/watch?v=CgsymJy0RJk","localizado; visionado pendiente"
"BecomeElite","The Path to Become Elite: Episode 1","https://www.youtube.com/watch?v=yo7bh0MEb48","localizado; visionado pendiente"
"BecomeElite","At-Home Bodyweight Workout for Soccer Players","https://www.youtube.com/watch?v=oaKRqVW5XGc","localizado; visionado pendiente"
"BecomeElite","El ejercicio de fútbol n.º 1 que NECESITAS en tus entrenamientos","https://www.youtube.com/watch?v=Ys3qZRk21ac","localizado; visionado pendiente"
"BecomeElite","Cómo hacer un foot stall (truco de estilo libre de fútbol)","https://www.youtube.com/watch?v=C6xPIZdCML8","localizado; visionado pendiente"
"BecomeElite","Become Elite: Matt Sheldon's Real Game Highlights","https://www.youtube.com/watch?v=12AQtF4-6mI","localizado; visionado pendiente"
"BecomeElite","A Typical Become Elite Individual Training Session","https://www.youtube.com/watch?v=fflYS81-NGU","localizado; visionado pendiente"
"BecomeElite","¡5 trucos para ligar que todo freestyler de fútbol debería saber!","https://www.youtube.com/watch?v=3P8pvlDFnn8","localizado; visionado pendiente"
"BecomeElite","Cómo hacer un ""chest stall"" (Freestyle de fútbol)","https://www.youtube.com/watch?v=t4OLSQu2aGE","localizado; visionado pendiente"
"BecomeElite","How to Do the Around the World (Soccer/Football Freestyle Trick)","https://www.youtube.com/watch?v=lHy5-QofzP0","localizado; visionado pendiente"
"BecomeElite","Common Football/Soccer Q+A 2!","https://www.youtube.com/watch?v=huhA0hKBwe0","localizado; visionado pendiente"
"BecomeElite","Common Football/Soccer Questions and Answers!","https://www.youtube.com/watch?v=RwRBujPUdoA","localizado; visionado pendiente"
"BecomeElite","Cómo golpear un balón largo en fútbol","https://www.youtube.com/watch?v=E3sjcv0m1z4","localizado; visionado pendiente"
"BecomeElite","Cómo atar un balón de fútbol en el suelo","https://www.youtube.com/watch?v=vNsqMKT98Ms","localizado; visionado pendiente"
"BecomeElite","Become Elite","https://www.youtube.com/watch?v=quSaAYq8VzQ","localizado; visionado pendiente"
"BecomeElite","5 ejercicios esenciales de regate que todo jugador debería dominar","https://www.youtube.com/watch?v=jwIHc9rz7yo","localizado; visionado pendiente"
"BecomeElite","Cómo ser reclutado para jugar fútbol universitario: guía de 10 pasos","https://www.youtube.com/watch?v=lH90uihou7o","localizado; visionado pendiente"
"BecomeElite","Top 3 Soccer Dribbling Moves You Need to Know","https://www.youtube.com/watch?v=9N-sb8dmKoA","localizado; visionado pendiente"
"BecomeElite","El plan de entrenamiento de 1000 malabarismos","https://www.youtube.com/watch?v=rcUHPII18dg","localizado; visionado pendiente"
"BecomeElite","How to do a Rabona Kick","https://www.youtube.com/watch?v=uKNXfBk-Bdg","localizado; visionado pendiente"
"BecomeElite","Tutorial para principiantes de dominio de balón en fútbol","https://www.youtube.com/watch?v=AmUujhQR1Ag","localizado; visionado pendiente"
"BecomeElite","The Ultimate Knuckle Ball Tutorial","https://www.youtube.com/watch?v=lHJ42Yv7p8w","localizado; visionado pendiente"
"JonerFootball","Cómo defender contra jugadores rápidos","https://www.youtube.com/watch?v=P72INYbOJ1E","localizado; visionado pendiente"
"JonerFootball","Cómo entreno el regate a MÁXIMA velocidad","https://www.youtube.com/watch?v=EKclfr4Q3l8","localizado; visionado pendiente"
"JonerFootball","Todo lo que un entrenador de fútbol necesita, en un solo lugar","https://www.youtube.com/watch?v=GNJaD4mEU6M","localizado; visionado pendiente"
"JonerFootball","Muchos ejercicios de fútbol para JUGADORES PROFESIONALES","https://www.youtube.com/watch?v=_vEMHGvAsDc","localizado; visionado pendiente"
"JonerFootball","Por qué es imposible marcar a Bellingham y Messi | Joner Football","https://www.youtube.com/watch?v=IaLmH9JnVNc","localizado; visionado pendiente"
"JonerFootball","Por qué nadie puede detener a Kane y Mbappé en este momento (Análisis 3D)","https://www.youtube.com/watch?v=7U2aUHdjI_w","localizado; visionado pendiente"
"JonerFootball","Por qué incluso los profesionales fallan penales y cómo evitarlo","https://www.youtube.com/watch?v=FvVJcY1Z3Iw","localizado; visionado pendiente"
"JonerFootball","3 razones por las que no anotas más goles","https://www.youtube.com/watch?v=JT06KtX0jQQ","localizado; visionado pendiente"
"JonerFootball","Aprende la habilidad que lo cambia todo en el fútbol","https://www.youtube.com/watch?v=bmih3V54v6Y","localizado; visionado pendiente"
"JonerFootball","Lo que los ojeadores buscan realmente en los jugadores de fútbol americano","https://www.youtube.com/watch?v=oe3IsjPCE8Y","localizado; visionado pendiente"
"JonerFootball","Probamos ejercicios de fútbol virales para ver si funcionan.","https://www.youtube.com/watch?v=9sbA1vhWSlU","muestras observadas"
"JonerFootball","Estás entrenando mal. Aquí tienes 10 razones.","https://www.youtube.com/watch?v=RzYSKJg1uuY","localizado; visionado pendiente"
"JonerFootball","Cómo entreno a 7mlc","https://www.youtube.com/watch?v=D13QAvWlZWg","localizado; visionado pendiente"
"JonerFootball","Gran variedad de combinaciones de pases con visión de juego | Ejercicios de fútbol profesional","https://www.youtube.com/watch?v=1a1EOdqwF54","localizado; visionado pendiente"
"JonerFootball","5 ejercicios de fútbol que mejoran tu toque al instante (sin importar tu nivel)","https://www.youtube.com/watch?v=9aHmBjWdRIk","localizado; visionado pendiente"
"JonerFootball","¿Por qué el fútbol juvenil está perdiendo su mentalidad ganadora?","https://www.youtube.com/watch?v=zgmZrlCaCQ8","localizado; visionado pendiente"
"JonerFootball","Recopilación definitiva de ejercicios de fútbol americano 2025 | Joner Football","https://www.youtube.com/watch?v=P58hoxqtu8M","localizado; visionado pendiente"
"JonerFootball","Cómo desarrollar el pie débil en el fútbol","https://www.youtube.com/watch?v=5S02rLXFQJ8","localizado; visionado pendiente"
"JonerFootball","Cómo entreno el tackle (y quito el miedo a los jugadores)","https://www.youtube.com/watch?v=ROISoyqnBoU","localizado; visionado pendiente"
"JonerFootball","Cómo entreno a personas de diferentes edades con UNA SOLA CONFIGURACIÓN","https://www.youtube.com/watch?v=dcw7bayv3Ok","localizado; visionado pendiente"
"JonerFootball","5 habilidades que SIEMPRE FUNCIONAN en el fútbol","https://www.youtube.com/watch?v=cP_6W4XrXVw","localizado; visionado pendiente"
"JonerFootball","Cómo marcar goles desde ángulos cerrados | Ejercicios de fútbol","https://www.youtube.com/watch?v=y0VlPOOxClI","localizado; visionado pendiente"
"JonerFootball","Cómo se desarrolla un ejercicio | Plan de sesión para el lanzamiento","https://www.youtube.com/watch?v=azZFD7F0LC4","localizado; visionado pendiente"
"JonerFootball","Cómo entreno con SOLO 2 CONOS | Ejercicios de fútbol","https://www.youtube.com/watch?v=g4RpUYOq0L8","localizado; visionado pendiente"
"JonerFootball","Cómo entreno el primer toque bajo presión en el fútbol","https://www.youtube.com/watch?v=8xfWkNLdVYE","localizado; visionado pendiente"
"JonerFootball","Recopilación de los mejores ejercicios de fútbol de 2025 (hasta el momento)","https://www.youtube.com/watch?v=ud75QIC0b3A","localizado; visionado pendiente"
"JonerFootball","Ejercicios de regate, velocidad y agilidad en espacios reducidos para fútbol","https://www.youtube.com/watch?v=ns7I4SzidyQ","localizado; visionado pendiente"
"JonerFootball","Cómo entreno a delanteros para que sean más consistentes | Ejercicios de fútbol","https://www.youtube.com/watch?v=689XiBQtcCU","localizado; visionado pendiente"
"JonerFootball","Cómo entreno a los centrocampistas para SALIR DE ESPACIOS ESTRECHOS | Ejercicios de fútbol","https://www.youtube.com/watch?v=biqjMqIJGGo","localizado; visionado pendiente"
"JonerFootball","Cómo entreno a extremos para que sean más directos | Ejercicios de fútbol","https://www.youtube.com/watch?v=l5__i4F-l_I","localizado; visionado pendiente"
"JonerFootball","Cómo entreno a mis jugadores para que sean más físicos en el fútbol","https://www.youtube.com/watch?v=bpsnUbP0U8s","localizado; visionado pendiente"
"JonerFootball","Cómo entreno los atributos defensivos que todo futbolista necesita | Ejercicios de fútbol","https://www.youtube.com/watch?v=uBlSzlbvsvo","localizado; visionado pendiente"
"JonerFootball","Cómo entreno el movimiento para marcar más goles","https://www.youtube.com/watch?v=W-vhAXGeftg","localizado; visionado pendiente"
"JonerFootball","Cómo entreno a jugadores que entran en pánico bajo presión","https://www.youtube.com/watch?v=HVauEJkSwdI","localizado; visionado pendiente"
"JonerFootball","Entrenamiento rápido de fútbol de 15 minutos | Control del balón fácil","https://www.youtube.com/watch?v=nckkvbxgnUM","localizado; visionado pendiente"
"JonerFootball","Loads of Passing Drills for Soccer | Compilation","https://www.youtube.com/watch?v=2Tn5YLqwRsI","localizado; visionado pendiente"
"JonerFootball","3 Passing Drills Focusing on SCANNING ⚽️","https://www.youtube.com/watch?v=8UKHTnt38fg","localizado; visionado pendiente"
"JonerFootball","Cómo mejorar la precisión de los pases en fútbol","https://www.youtube.com/watch?v=Q40iC4wbMo0","localizado; visionado pendiente"
"JonerFootball","Cómo entreno a un increíble talento de 5 años 😳⚽️","https://www.youtube.com/watch?v=dzoFSaPSe8Q","localizado; visionado pendiente"
"JonerFootball","I Went To The Soccer Pitch With Just A Football⚽️👀","https://www.youtube.com/watch?v=MbgElMk39Yw","localizado; visionado pendiente"
"JonerFootball","Cómo entreno a los centrocampistas para que piensen más rápido | Ejercicios de fútbol","https://www.youtube.com/watch?v=MuTf56qU3oc","localizado; visionado pendiente"
"JonerFootball","How I Coach Confidence Into a Talented Young Player","https://www.youtube.com/watch?v=Mfd6LClYGBk","localizado; visionado pendiente"
"JonerFootball","I coached Adrian Segecic & Alex Robertson | Inside Training ⚽️","https://www.youtube.com/watch?v=6Lk7pztLhEw","localizado; visionado pendiente"
"JonerFootball","Cómo entreno esta técnica de FINALIZACIÓN | Entrenamiento de Fútbol","https://www.youtube.com/watch?v=X2Lb84oetsQ","localizado; visionado pendiente"
"JonerFootball","Primer toque bajo presión | Ejercicio 1 contra 2 | Entrenamiento en grupo","https://www.youtube.com/watch?v=Yi7Y5CV9P8Y","localizado; visionado pendiente"
"JonerFootball","Inside Training: BEHIND THE SCENES as Izzy Gomez Debuts For Australia","https://www.youtube.com/watch?v=0WyjwepmxW8","localizado; visionado pendiente"
"JonerFootball","6 ejercicios de velocidad y agilidad con las NUEVAS luces de reacción SKLZ 🚨⚽️","https://www.youtube.com/watch?v=Rhe9nHfRf9w","localizado; visionado pendiente"
"JonerFootball","IDEAS DE ENTRENAMIENTO DE FÚTBOL EN GRUPO | SESIÓN COMPLETA 🇺🇸⚽️","https://www.youtube.com/watch?v=eBFg7uovU1s","localizado; visionado pendiente"
"JonerFootball","Group Passing Drills for Soccer / Football ⚽️","https://www.youtube.com/watch?v=kgBjVKwZTlM","localizado; visionado pendiente"
"JonerFootball","Montones de combinaciones de pase y primer toque para fútbol","https://www.youtube.com/watch?v=-F6OecCUHLA","localizado; visionado pendiente"
"JonerFootball","Del sueño a la realidad: jugar con Ronaldinho y Tim Cahill","https://www.youtube.com/watch?v=axQYlKahQ58","localizado; visionado pendiente"
"JonerFootball","Técnica de remate de Harry Kane | Consejos y ejercicios","https://www.youtube.com/watch?v=cu73SU4be6g","localizado; visionado pendiente"
"JonerFootball","Nuevos ejercicios de pases para mejorar la velocidad y la precisión","https://www.youtube.com/watch?v=-V88Iy1X-is","localizado; visionado pendiente"
"JonerFootball","El arte del pase raso dirigido | Sección de entrenadores","https://www.youtube.com/watch?v=Es7tPw_IxzM","localizado; visionado pendiente"
"JonerFootball","New Passing Drills for TIGHT spaces!","https://www.youtube.com/watch?v=H5BBPnbQHG8","localizado; visionado pendiente"
"JonerFootball","Cómo mejorar los partidos uno contra uno de espaldas al arco en fútbol","https://www.youtube.com/watch?v=b6DRlIapEi4","localizado; visionado pendiente"
"JonerFootball","3 ejercicios avanzados de pases grupales para fútbol","https://www.youtube.com/watch?v=MT6sHMyedO0","localizado; visionado pendiente"
"JonerFootball","Ejercicios combinados de regate y pase ⚽️","https://www.youtube.com/watch?v=-y60mqjQw-k","localizado; visionado pendiente"
"JonerFootball","Mira cómo mejoré su primer toque | Ejercicios de pases para principiantes ⚽️","https://www.youtube.com/watch?v=S56z0rUKfMQ","localizado; visionado pendiente"
"JonerFootball","I turned my life around in 2025: Joner Wrap Up Ep5","https://www.youtube.com/watch?v=hstUv_y_J9o","localizado; visionado pendiente"
"JonerFootball","3 New Passing Drills for Soccer ⚽️ Team Training ✅","https://www.youtube.com/watch?v=fWmhFYrphEg","localizado; visionado pendiente"
"JonerFootball","The #1 Soccer Training APP | NEW Joner Football APP 📲⚽️","https://www.youtube.com/watch?v=vLw9e2A8zmU","localizado; visionado pendiente"
"JonerFootball","Cómo entreno a un grupo de PRINCIPIANTES❗️⚽️ Entrenamiento completo de fútbol","https://www.youtube.com/watch?v=A0rJxzjbWss","localizado; visionado pendiente"
"JonerFootball","4 EJERCICIO 1v1🔥 CONSEJOS para mejorar tu defensa y ataque❗️Fútbol Joner ⚽️","https://www.youtube.com/watch?v=Cq5J5BC73tY","localizado; visionado pendiente"
"JonerFootball","❗️MEJORES EJERCICIOS DE FÚTBOL 2024 | Joner Football⚽️","https://www.youtube.com/watch?v=aVfSZ8vyD7Y","localizado; visionado pendiente"
"JonerFootball","Muchos ejercicios de fútbol para principiantes: Parte 2 ⚽️ 👶 Joner Football","https://www.youtube.com/watch?v=pvFy2YJsrZ0","localizado; visionado pendiente"
"JonerFootball","Pro-Level Finishing Drill to Score Goals from Cutbacks ⚽️ 🥅","https://www.youtube.com/watch?v=zV90YrGOAWw","localizado; visionado pendiente"
"JonerFootball","Joner Match Highlights: Ronaldinho & Cahill Ep 4: Joner Wrap Up","https://www.youtube.com/watch?v=7jO8J-PU_eE","localizado; visionado pendiente"
"JonerFootball","LEARN THIS TECHNIQUE TO SCORE MORE GOALS ⚽️ 🥅","https://www.youtube.com/watch?v=5X7nWBsh4gg","localizado; visionado pendiente"
"JonerFootball","Vida de entrenador de fútbol ⚽️ | Resumen de Joner OCTUBRE","https://www.youtube.com/watch?v=8eAHFEzAQ_I","localizado; visionado pendiente"
"JonerFootball","Cómo dominar el primer toque | Joner Football ⚽️","https://www.youtube.com/watch?v=OgBcMesGvqw","localizado; visionado pendiente"
"JonerFootball","Ejercicio de pase y primer toque (AVANZADO) para fútbol ⚽️","https://www.youtube.com/watch?v=0kGgL_aglEE","localizado; visionado pendiente"
"JonerFootball","Meeting DOUGLAS COSTA 😮⚽️ EAFC25 Launch | Drill of the month | Joner Football Wrap-Up | September 📺","https://www.youtube.com/watch?v=6gelPSxWe4s","localizado; visionado pendiente"
"JonerFootball","4 EJERCICIOS DE FÚTBOL PARA ENTRENAMIENTO EN EQUIPO Y COMBINACIONES DE PASES ⚽️","https://www.youtube.com/watch?v=mJjDCtboCXM","localizado; visionado pendiente"
"JonerFootball","DRILL OF THE MONTH⚽️| Joner Football Wrap-Up | August","https://www.youtube.com/watch?v=I0REKgpDfpc","localizado; visionado pendiente"
"JonerFootball","Training Drills for Midfielders ⚽️ Full SOCCER training session","https://www.youtube.com/watch?v=oVrMcXv6qZQ","localizado; visionado pendiente"
"JonerFootball","HOW TO GET LEAN LIKE PRO FOOTBALLERS 💪🏻⚽️","https://www.youtube.com/watch?v=kx6ojLKrWTs","localizado; visionado pendiente"
"JonerFootball","LOS MEJORES EJERCICIOS DE PASE PARA 4 JUGADORES | ENTRENAMIENTO DE FÚTBOL ⚽️","https://www.youtube.com/watch?v=RLlgMarzfkQ","localizado; visionado pendiente"
"JonerFootball","TRAIN BY YOURSELF ⚽️ ZERO EQUIPMENT ❌","https://www.youtube.com/watch?v=6iGgznULia8","localizado; visionado pendiente"
"JonerFootball","PRUEBA ESTOS ejercicios de velocidad y agilidad para fútbol ⚽️","https://www.youtube.com/watch?v=pcdaXSUnSeg","localizado; visionado pendiente"
"JonerFootball","Cómo Lee 'Joner' Jones entrena 1 contra 1 ⚽️","https://www.youtube.com/watch?v=LbvFVCliauI","localizado; visionado pendiente"
"JonerFootball","FULL TRAINING SESSION FOR SOCCER ⚽️| Joner Football","https://www.youtube.com/watch?v=yEcxh0gEtjE","localizado; visionado pendiente"
"JonerFootball","TOP 3 SPEED & AGILITY DRILLS | SAVE THIS‼️","https://www.youtube.com/watch?v=qFS_kGB7DFA","localizado; visionado pendiente"
"JonerFootball","You’re training WRONG❌️ You're being BRAINWASHED‼️","https://www.youtube.com/watch?v=TXscTcuNNj0","localizado; visionado pendiente"
"JonerFootball","EXCLUSIVO PARA MIEMBROS: Sesión de entrenamiento completa con Jesse","https://www.youtube.com/watch?v=f0Gl0mj8adU","localizado; visionado pendiente"
"JonerFootball","¡Haz esto para MARCAR MÁS GOLES! ⚽️","https://www.youtube.com/watch?v=k9arpwcEoCE","localizado; visionado pendiente"
"JonerFootball","5 EJERCICIOS DE FÚTBOL CON BLAZEPOD CON UNA JUGADORA PROFESIONAL ⚽️ AIDEEN KEANE (SYDNEY FC)","https://www.youtube.com/watch?v=wbFlx3YV9fM","localizado; visionado pendiente"
"JonerFootball","3 EJERCICIOS DE PASE CON TRIÁNGULO | LOS EJERCICIOS FAVORITOS DE JONER EP 1","https://www.youtube.com/watch?v=XkOpMpYrrZU","localizado; visionado pendiente"
"JonerFootball","FULL MEMBER ACCESS: JONER'S TOP 4 PASSING DRILLS","https://www.youtube.com/watch?v=BqJSzzeSUyA","localizado; visionado pendiente"
"JonerFootball","3 EJERCICIOS DE PASE PARA FÚTBOL ⚽️ JONER FOOTBALL","https://www.youtube.com/watch?v=x0QY4NJfisE","localizado; visionado pendiente"
"JonerFootball","LOADS OF HEADING DRILLS FOR SOCCER ⚽️ FREE VIDEO","https://www.youtube.com/watch?v=joPXf3SrIGA","localizado; visionado pendiente"
"JonerFootball","Full Training Session | Footwork, Passing, Awareness and a dash of Shooting!","https://www.youtube.com/watch?v=kCdXXMvuH5g","localizado; visionado pendiente"
"JonerFootball","FULL TRAINING SESSION WITH PROFESSIONAL PLAYER ⚽️⚽️","https://www.youtube.com/watch?v=db6fzHXZTuQ","localizado; visionado pendiente"
"JonerFootball","EJERCICIO DE FINALIZACIÓN DE 3 TIROS PARA FÚTBOL⚽️Joner Football se ENFRENTA CARA A CARA 🤣","https://www.youtube.com/watch?v=GRNUhOMoupI","localizado; visionado pendiente"
"JonerFootball","FULL TRAINING SESSION  |  SPEED & AGILITY  |  FIRST-TOUCH  |  COMBINATION PASSING | THROUGH-BALL","https://www.youtube.com/watch?v=c89kofgiqgE","localizado; visionado pendiente"
"JonerFootball","GRAN VARIEDAD DE COMBINACIONES DE PASE PARA FÚTBOL ⚽️ ENTRENADORES JONER","https://www.youtube.com/watch?v=DcmEpPG6Sxc","localizado; visionado pendiente"
"JonerFootball","Entrenamiento completo de fútbol 1 contra 1 ⚽️ Sede de Joner Football","https://www.youtube.com/watch?v=eCmL9QiFtVk","localizado; visionado pendiente"
"JonerFootball","SESIÓN DE ENTRENAMIENTO COMPLETA CON UN JOVEN DE 16 AÑOS ⚽️ MIEMBROS DEL JONER FOOTBALL","https://www.youtube.com/watch?v=vBAFUDgn8Vc","localizado; visionado pendiente"
"JonerFootball","Post-Training/Post-Game Cool Down | Recovery","https://www.youtube.com/watch?v=PTqhJWwgSao","localizado; visionado pendiente"
"JonerFootball","Maximum Expansive Breathing | Fast Recovery","https://www.youtube.com/watch?v=W0fgLpOuSwM","localizado; visionado pendiente"
"JonerFootball","Hip Mobility - Follow Along | 90/90 | P.A.I.L.S","https://www.youtube.com/watch?v=6Wtefu-U_xY","localizado; visionado pendiente"
"JonerFootball","Pre Training or Game Activation | Follow Along CARS","https://www.youtube.com/watch?v=_1ZA6v7Hx68","localizado; visionado pendiente"
"JonerFootball","Introduction to Kinstretch Principles | DJH x Joner Football","https://www.youtube.com/watch?v=_ZWkZGX7xK4","localizado; visionado pendiente"
"JonerFootball","4 EJERCICIOS DE DRIBLING | CONTENIDO PREMIUM DE LA APP","https://www.youtube.com/watch?v=dSRFlcCUn4g","localizado; visionado pendiente"
"JonerFootball","CÓMO DEFENDERSE DE UNA SOBRECARGA | ENTRENAMIENTO EN EQUIPO","https://www.youtube.com/watch?v=o-nGTYKnuCg","localizado; visionado pendiente"
"JonerFootball","5 EJERCICIOS DE PASE PARA ENTRENAMIENTO EN EQUIPO ⚽️ | JONER FOOTBALL","https://www.youtube.com/watch?v=bev-srStVsQ","localizado; visionado pendiente"
"JonerFootball","5 EJERCICIOS DE VELOCIDAD Y AGILIDAD PARA FÚTBOL ⚽️","https://www.youtube.com/watch?v=ewfKzqMaK-I","localizado; visionado pendiente"
"JonerFootball","CÓMO HACER MALABARES CON LA PELOTA⚽️ GUÍA PASO A PASO PARA PRINCIPIANTES","https://www.youtube.com/watch?v=qFVREk1qEKQ","localizado; visionado pendiente"
"JonerFootball","EJERCICIOS DE VELOCIDAD Y AGILIDAD PARA TODO FUTBOLISTA ⚽️⭐️ | JONER FOOTBALL","https://www.youtube.com/watch?v=XIyWbQvLoFM","localizado; visionado pendiente"
"JonerFootball","EJERCICIOS BÁSICOS DE FINALIZACIÓN PARA FÚTBOL ⚽️ | JONER FOOTBALL","https://www.youtube.com/watch?v=tJcal8T_pyE","localizado; visionado pendiente"
"JonerFootball","5 ¡DESAFÍO DE DOMINIO AVANZADO DEL BALÓN! ⚽️ | FÚTBOL JONER","https://www.youtube.com/watch?v=hwptVukxKG0","localizado; visionado pendiente"
"JonerFootball","3 EJERCICIOS DE PASE QUE DEBES PROBAR | JONER FOOTBALL","https://www.youtube.com/watch?v=wqxRMvArEos","localizado; visionado pendiente"
"JonerFootball","EJERCICIO DE TIRO INCREÍBLE PARA FÚTBOL ⚽️🔥 | JONER FOOTBALL","https://www.youtube.com/watch?v=cJbJkFtY05A","localizado; visionado pendiente"
"JonerFootball","5 INDIVIDUAL SHOOTING DRILLS FOR SOCCER ⚽️ Joner Football","https://www.youtube.com/watch?v=asUpntB0L5I","localizado; visionado pendiente"
"JonerFootball","BASIC PASSING DRILLS YOU NEED TO MASTER ⚽️ | JONER FOOTBALL","https://www.youtube.com/watch?v=Mt5nJbaMRwc","localizado; visionado pendiente"
"JonerFootball","HILARIOUS Quick Fire Questions with The Joner Football Coaches 🤣🤣⚽️⚽️","https://www.youtube.com/watch?v=nWQYZbFzKC8","localizado; visionado pendiente"
"JonerFootball","⚽️Pro Finishing Drill | INSANE 3 Shot Shooting Drill | Joner Football 🔥","https://www.youtube.com/watch?v=uwkwKIL9r0c","localizado; visionado pendiente"
"JonerFootball","‼️ATTACKING PLAYERS MUST LEARN THIS‼️| Shooting Drills For Soccer","https://www.youtube.com/watch?v=ykCvff--h18","localizado; visionado pendiente"
"JonerFootball","Muchos ejercicios de pase para entrenamiento en grupos reducidos ⚽️ Joner Football","https://www.youtube.com/watch?v=bfTFYq2c8sk","localizado; visionado pendiente"
"JonerFootball","5 Ball Mastery Drills ⚽️ ❗️ Instagram Challenge | Joner Football","https://www.youtube.com/watch?v=IcQXkzMvvlQ","localizado; visionado pendiente"
"JonerFootball","Cómo marcar más goles ⚽️⚽️😎 | JONER FOOTBALL","https://www.youtube.com/watch?v=1srZfIGYiAI","localizado; visionado pendiente"
"JonerFootball","How I Coach A Variety Of 1st Touch Drills For Soccer ⚽️","https://www.youtube.com/watch?v=8t0S-QZmHIg","localizado; visionado pendiente"
"JonerFootball","5 HEADING DRILLS FOR SOCCER⚽️ | JONER FOOTBALL","https://www.youtube.com/watch?v=b4ncPynvbx8","localizado; visionado pendiente"
"JonerFootball","MUCHOS EJERCICIOS DE FÚTBOL PARA PRINCIPIANTES ⚽️ | JONER FOOTBALL","https://www.youtube.com/watch?v=FS1LrWzSSmQ","localizado; visionado pendiente"
"JonerFootball","5 HARD BALL MASTERY DRILLS ⚽️ | JONER FOOTBALL","https://www.youtube.com/watch?v=LEh08JCnUmQ","localizado; visionado pendiente"
"JonerFootball","Joner vs FC24 PRO😱🎮EA FC24 Official Launch⚽️ Sydney","https://www.youtube.com/watch?v=3A4euzNPYeQ","localizado; visionado pendiente"
"JonerFootball","3 ejercicios de equilibrio para fútbol ⚽️ Joner Football","https://www.youtube.com/watch?v=1PWxgFwqAfc","localizado; visionado pendiente"
"JonerFootball","5 EJERCICIOS DE PASE Y PRIMER TOQUE | ENTRENAMIENTO COMPLETO🔥⚽️","https://www.youtube.com/watch?v=pOHaeJepeGE","localizado; visionado pendiente"
"JonerFootball","LOADS OF SOCCER DRILLS FOR BEGINNERS ⚽️","https://www.youtube.com/watch?v=XEKssRTasmU","localizado; visionado pendiente"
"JonerFootball","Entrenando a la jugadora número 1 del ranking de fútbol femenino sub-18 de EE. UU.⚽️😱","https://www.youtube.com/watch?v=z8QVb5TOPMw","localizado; visionado pendiente"
"JonerFootball","JONER FOOTBALL OFF FIELD APPAREL 🔥📈","https://www.youtube.com/watch?v=MXOmAcuJCWg","localizado; visionado pendiente"
"JonerFootball","3 ejercicios de pase y primer toque para fútbol | 🚫AVANZADO🚫","https://www.youtube.com/watch?v=7fImgloRtko","localizado; visionado pendiente"
"JonerFootball","3 ejercicios de velocidad y agilidad para fútbol | Joner Football⚽️","https://www.youtube.com/watch?v=5IR4Ecfssyw","localizado; visionado pendiente"
"JonerFootball","COACHING TWO FEMALE PROFESSIONALS | Joner Football","https://www.youtube.com/watch?v=bDvP92IxnT0","localizado; visionado pendiente"
"JonerFootball","1v1 Transition Drill For Football / Soccer⚽️ | Team Training | Joner Football","https://www.youtube.com/watch?v=JNAug_qQ4lw","localizado; visionado pendiente"
"JonerFootball","TEXAS WE HAVE ARRIVED | Joner Football on Tour","https://www.youtube.com/watch?v=qMGJc6lHjCo","localizado; visionado pendiente"
"JonerFootball","🚫HOW TO CROSS THE BALL LIKE THE PROS🚫 | Joner Football ⚽️","https://www.youtube.com/watch?v=Ps_2YINhSC4","localizado; visionado pendiente"
"JonerFootball","4 EJERCICIOS DE PASE Y PRIMER TOQUE⚽️ | IDEAS DE FÚTBOL EN GRUPO | Joner Football","https://www.youtube.com/watch?v=q2hBd6O6Zss","localizado; visionado pendiente"
"JonerFootball","GROUP SOCCER TRAINING IDEAS⚽️ | Part 2 | Joner Football 🚫GIVEAWAY🚫","https://www.youtube.com/watch?v=CNMDC9zMiLA","localizado; visionado pendiente"
"JonerFootball","🚫ENTRENAMIENTO EN EQUIPO🚫JUEGO COMBINADO‼️Mejora tu pase y primer toque BAJO PRESIÓN ⚽️ Joner Foo...","https://www.youtube.com/watch?v=dWjhDa5_HHM","localizado; visionado pendiente"
"JonerFootball","🚫1st Touch Drill UNDER PRESSURE🚫 | Great For Midfielders⚽️ | Joner Football","https://www.youtube.com/watch?v=CAZZhArxMKQ","localizado; visionado pendiente"
"JonerFootball","Advanced Passing Drills (BALLERS ONLY) | Improve Your Touch | Joner Football","https://www.youtube.com/watch?v=AT1j1zVsX7o","localizado; visionado pendiente"
"JonerFootball","🚫FULL TRAINING SESSION🚫 (SMALL GROUP,  LOADS OF SOCCER DRILLS) Joner Football","https://www.youtube.com/watch?v=eym7Dl4VBis","localizado; visionado pendiente"
"JonerFootball","2 GOLES 🥅 2 PORTEROS 🧤 3 EJERCICIOS DE TIRO DIFERENTES PARA FÚTBOL | JONER VS SHANO | JONER FÚTBO...","https://www.youtube.com/watch?v=fW_kbVjpvNY","localizado; visionado pendiente"
"JonerFootball","WHAT WE THINK OF CANADIAN PLAYERS⁉️ & it happened AGAIN😭 🫣CANADA VLOG PART 1 | Joner Football","https://www.youtube.com/watch?v=u2OIvW0YmPs","localizado; visionado pendiente"
"JonerFootball","HOW WE PLAN OUR TRAINING SESSIONS 📚⚽️ | Coaching The Coaches | Joner Football","https://www.youtube.com/watch?v=EVqPZfNPW1A","localizado; visionado pendiente"
"JonerFootball","🚫THE BEST DRILL IN FOOTBALL🚫 Joner Football","https://www.youtube.com/watch?v=wFtfV2vaQOE","localizado; visionado pendiente"
"JonerFootball","How To Do A Warm Up For Football / Soccer","https://www.youtube.com/watch?v=rvQN_vNLQnQ","localizado; visionado pendiente"
"JonerFootball","⚽️4 EJERCICIOS AVANZADOS DE PASE PARA ENTRENAMIENTO EN EQUIPO Y GRUPOS PEQUEÑOS DE FÚTBOL | SOCCE...","https://www.youtube.com/watch?v=j1JlSZAOJz4","localizado; visionado pendiente"
"JonerFootball","🚫ENTRENAMIENTO EN EQUIPO🚫EJERCICIOS AVANZADOS DE PASE PARA FÚTBOL | Joner Football","https://www.youtube.com/watch?v=uHwFVr1SMb8","localizado; visionado pendiente"
"JonerFootball","SIMPLE SHOOTING DRILL FOR FOOTBALL / SOCCER | Joner Football","https://www.youtube.com/watch?v=IgthbsNcysU","localizado; visionado pendiente"
"JonerFootball","🚫GROUP SOCCER TRAINING IDEAS🚫Joner Football⚽️","https://www.youtube.com/watch?v=OkdWOkLv20E","localizado; visionado pendiente"
"JonerFootball","🚫SESIÓN COMPLETA🚫 CÓMO MEJORAR TU ESCANEO DE JUGADORES DE FÚTBOL 👀Joner Football ⚽️","https://www.youtube.com/watch?v=nyYjD4SVphA","localizado; visionado pendiente"
"JonerFootball","3 EJERCICIO DE EQUILIBRIO PARA FUTBOLISTAS | Joner Football","https://www.youtube.com/watch?v=p_qBAXAlO84","localizado; visionado pendiente"
"JonerFootball","How To Improve Your Passing & 1st Touch Using A Wall or Rebounder ⚽️","https://www.youtube.com/watch?v=LHSJbFE43Xg","localizado; visionado pendiente"
"JonerFootball","Cómo entrenar si eres delantero, mediapunta o extremo en fútbol.","https://www.youtube.com/watch?v=xBJy3M7Mf8E","localizado; visionado pendiente"
"JonerFootball","TEAM TRAINING | How To Create Space With Back To Goal ⚽️","https://www.youtube.com/watch?v=qVU6NyIWGXQ","localizado; visionado pendiente"
"JonerFootball","‼️CÓMO ENTRENAR POR TU CUENTA PARA FÚTBOL ⚽️","https://www.youtube.com/watch?v=54IZiVVzltI","localizado; visionado pendiente"
"JonerFootball","🚫TEAM TRAINING🚫 How To Score More Goals | Combination Play For Soccer","https://www.youtube.com/watch?v=qoA6sybsFZA","localizado; visionado pendiente"
"JonerFootball","‼️NIÑO DE 10 AÑOS AVANZADO‼️ SESIÓN COMPLETA DE ENTRENAMIENTO DE FÚTBOL","https://www.youtube.com/watch?v=l-vVDdbH_rw","localizado; visionado pendiente"
"JonerFootball","ASKING FOR YOUR HELP 🙏🏻 | JONER FOOTBALL","https://www.youtube.com/watch?v=81OeD-kCPCM","localizado; visionado pendiente"
"JonerFootball","THE FINAL USA VLOG | The boys hit Vegas👀, emotional speeches & final coaching days ⚽️ Part 4","https://www.youtube.com/watch?v=zJ7vLMmTU-Q","localizado; visionado pendiente"
"JonerFootball","Cómo definir con efecto inverso al estilo de Kylian Mbappé | Joner Football","https://www.youtube.com/watch?v=4yJYblzkYFg","localizado; visionado pendiente"
"JonerFootball","ENTRENANDO A ENTRENADORES 🧠⚽️ | EPISODIO 2 | FORMACIÓN DE ENTRENADORES | Joner Football","https://www.youtube.com/watch?v=TKepr7Cd4oc","localizado; visionado pendiente"
"JonerFootball","🚫Coutinho scans 9 times to touch the ball once🚫 Incredible assist | Joner Football","https://www.youtube.com/watch?v=rcP32uux1Bk","localizado; visionado pendiente"
"JonerFootball","ADVANCED 1V1 DRILL FOR FOOTBALL/SOCCER | BACK TO GOAL | SPEED & AGILITY | Joner Football","https://www.youtube.com/watch?v=yVmFmZI0jDY","localizado; visionado pendiente"
"JonerFootball","HOW TO IMPROVE YOUR DRIBBLING WITH LIMITED EQUIPMENT | Joner Football","https://www.youtube.com/watch?v=isPoQZRcHxY","localizado; visionado pendiente"
"JonerFootball","ENTRENANDO A ENTRENADORES | Formación de entrenadores | Ejercicios de pase, velocidad y agilidad ...","https://www.youtube.com/watch?v=W3HWYuipDMA","localizado; visionado pendiente"
"JonerFootball","Ejercicios AVANZADOS de pase, primer toque, velocidad y agilidad | SOLO PARA CRACKS | Joner Football","https://www.youtube.com/watch?v=YvpAwQ_svsQ","localizado; visionado pendiente"
"JonerFootball","3 BALL MASTERY DRILLS FOR SOCCER / FOOTBALL | Joner Football","https://www.youtube.com/watch?v=hlfXEpPGp7Q","localizado; visionado pendiente"
"JonerFootball","LOADS OF PASSING & 1ST TOUCH DRILLS | RAW TRAINING | Joner Football","https://www.youtube.com/watch?v=NHJTEAMi8dE","localizado; visionado pendiente"
"JonerFootball","LOADS OF DRIBBLING DRILLS FOR SOCCER / FOOTBALL | Joner Football","https://www.youtube.com/watch?v=P8cWZvAKT1c","localizado; visionado pendiente"
"JonerFootball","ADVANCED / PRO PASSING DRILLS FOR FOOTBALL WITH FEMALE PROS | Joner Football","https://www.youtube.com/watch?v=f-Pn50zTKnc","localizado; visionado pendiente"
"JonerFootball","MUCHOS EJERCICIOS DE PASE EN GRUPO PARA FÚTBOL | Joner Football","https://www.youtube.com/watch?v=M7dmKg5cTdM","localizado; visionado pendiente"
"JonerFootball","3 SHOT FINISHING DRILL + CROSS & FINISH FOR FOOTBALLERS  | Joner Football","https://www.youtube.com/watch?v=soY0B4eyA0s","localizado; visionado pendiente"
"JonerFootball","ENTRENAMIENTO COMPLETO CON JUGADORES PROFESIONALES⚽️ | Un montón de ejercicios de fútbol diferent...","https://www.youtube.com/watch?v=KvejYxikruE","localizado; visionado pendiente"
"JonerFootball","GOODBYE JULES | THANK YOU :(","https://www.youtube.com/watch?v=ruHFi41L8RQ","localizado; visionado pendiente"
"JonerFootball","Ejercicio de tiro del Crystal Palace | Joner Football","https://www.youtube.com/watch?v=IEz0GAcHeHg","localizado; visionado pendiente"
"JonerFootball","¡JONER FÚTBOL contra 2 SUSCRIPTORES! ¡UNA BATALLA DE TIROS INCREÍBLE!","https://www.youtube.com/watch?v=2NvksClmMAo","localizado; visionado pendiente"
"JonerFootball","Joner Football vs Olan Tekkers | INSANE SHOOTING CHALLENGE","https://www.youtube.com/watch?v=lPX2XD-__ss","localizado; visionado pendiente"
"JonerFootball","How To Pass Like Thiago | Reverse Pass Tutorial | Joner Football","https://www.youtube.com/watch?v=11N5i8pHr6o","localizado; visionado pendiente"
"JonerFootball","Loads of Passing & 1st Touch Drills | Includes Professionals | Joner Football","https://www.youtube.com/watch?v=6OacoDQIm6M","localizado; visionado pendiente"
"JonerFootball","SESIÓN DE ENTRENAMIENTO COMPLETA CON OLAN TEKKERS | Trabajando de espaldas al arco | Joner Football","https://www.youtube.com/watch?v=L5dmofsDej0","localizado; visionado pendiente"
"JonerFootball","Defiende como Virgil Van Dijk | Ejercicio de defensa simple pero efectivo | Joner Football","https://www.youtube.com/watch?v=-CIbGJ0VGH4","localizado; visionado pendiente"
"JonerFootball","🚫5 FINISHING DRILLS TO DO ON YOUR OWN🚫| Joner Football⚽️","https://www.youtube.com/watch?v=83u9WzRarhU","localizado; visionado pendiente"
"JonerFootball","Mejora tu pase y control con este ejercicio PRO | Joner Football","https://www.youtube.com/watch?v=363HXWfO1EQ","localizado; visionado pendiente"
"JonerFootball","We got challenged by Golden Boot Academy in Seattle | Part 3 USA Vlogs | Joner Football","https://www.youtube.com/watch?v=jzzY3_Wr5qM","localizado; visionado pendiente"
"JonerFootball","Coach Shane Live Training | Members Only","https://www.youtube.com/watch?v=D8IE9GAKZKc","localizado; visionado pendiente"
"JonerFootball","10 ejercicios de escalera para futbolistas | Joner Football","https://www.youtube.com/watch?v=pbhl4ddnGZ4","localizado; visionado pendiente"
"JonerFootball","Gran cantidad de pases y progresiones al primer toque | Solo para miembros","https://www.youtube.com/watch?v=ppWxhiWF9Lo","localizado; visionado pendiente"
"JonerFootball","3 EJERCICIOS DE FINALIZACIÓN PARA PRINCIPIANTES DE FÚTBOL | Joner Football","https://www.youtube.com/watch?v=aI36VFZtyg4","localizado; visionado pendiente"
"JonerFootball","EJERCICIO DE FINALIZACIÓN AVANZADO para fútbol | ENTRENA COMO LOS PROFESIONALES | Joner Football","https://www.youtube.com/watch?v=mbyZh6pb2c8","localizado; visionado pendiente"
"JonerFootball","JONER VLOGS | USA, Seattle PART 2 | Coaching Seattle Ballers on our CAMP | 2022 | Joner Football","https://www.youtube.com/watch?v=KfhC5UIgR6U","localizado; visionado pendiente"
"JonerFootball","5 ejercicios de pases para principiantes en fútbol americano | Joner Football","https://www.youtube.com/watch?v=rEXXlrsnKUo","localizado; visionado pendiente"
"JonerFootball","Acceso exclusivo | Formación completa, incluyendo cómo lo configuré | Solo para miembros","https://www.youtube.com/watch?v=T4ZqmpmKPDo","localizado; visionado pendiente"
"JonerFootball","3 ADVANCED Drills To Stay Sharp & IMPROVE Your Game | Joner Football Coaches Sessions ARE BACK!","https://www.youtube.com/watch?v=XZBRyUD-CDk","localizado; visionado pendiente"
"JonerFootball","How to be stronger on the ball & get out of tight situations for Football / Soccer players | Joner F","https://www.youtube.com/watch?v=Ca43QJ-9ZAc","localizado; visionado pendiente"
"JonerFootball","Joners HOW TO: Half Volley | Tips & Tutorials for Soccer/Football | Joner Football","https://www.youtube.com/watch?v=sPbNm63O1mM","localizado; visionado pendiente"
"JonerFootball","PROFESSIONAL WOMEN FOOTBALLERS FULL TRAINING SESSION | Including Man City Baller Alanna Kennedy","https://www.youtube.com/watch?v=ft-Kv6vcsiE","localizado; visionado pendiente"
"JonerFootball","UNAS CUANTAS ACTUALIZACIONES | Código promocional y qué esperar","https://www.youtube.com/watch?v=m-QLlg66jxg","localizado; visionado pendiente"
"JonerFootball","Go Pro: Players POV HIGH Intensity Technical Training | Full Training | Joner Football","https://www.youtube.com/watch?v=JB4HWJZHeKU","localizado; visionado pendiente"
"JonerFootball","3 ejercicios para mejorar el 1v1, el cambio de dirección, los amagues y la condición física | Jon...","https://www.youtube.com/watch?v=h0tOc1XgiZU","localizado; visionado pendiente"
"JonerFootball","I MISSED MY FLIGHT😳PLANNING 2 WORLD WIDE CAMPS & VISITING SEATTLE FOR THE 1ST TIME🇺🇸|Joner VLOGS!","https://www.youtube.com/watch?v=w9jvdaGFDmo","localizado; visionado pendiente"
"JonerFootball","Sesión COMPLETA de seguimiento para mejorar el PASE y PRIMER TOQUE de la APP de The Joner Footbal...","https://www.youtube.com/watch?v=U54fbBkLSLk","localizado; visionado pendiente"
"JonerFootball","Cómo entrenamos el juego de ataque combinado | Sesión de entrenamiento completa en EE. UU. | Jone...","https://www.youtube.com/watch?v=klnlA9obg4E","localizado; visionado pendiente"
"JonerFootball","⚽️ADVANCED Team Training PASSING Drill with Top Team in Seattle | Joner Football in USA 🇺🇸","https://www.youtube.com/watch?v=qEcU0KhBm70","localizado; visionado pendiente"
"JonerFootball","A Day In The Life Of A Joner Football Coach","https://www.youtube.com/watch?v=HPAEDni95JU","localizado; visionado pendiente"
"JonerFootball","Ejercicios de pase de simples a avanzados con el entrenador Shane | Solo para miembros","https://www.youtube.com/watch?v=3LPhRmnYQ6o","localizado; visionado pendiente"
"JonerFootball","Ejercicio básico de velocidad, agilidad y pase | Solo para miembros","https://www.youtube.com/watch?v=NRnM4fCCi4Y","localizado; visionado pendiente"
"JonerFootball","Entrenamientos completos del equipo en SEATTLE | Crossfire 2010 y 2011 | Joner Football","https://www.youtube.com/watch?v=NbpOo5KbXEQ","localizado; visionado pendiente"
"JonerFootball","Entrenamiento de jugadoras profesionales | Pases y primer toque | Combinaciones de pases | Solo p...","https://www.youtube.com/watch?v=cTHqFADU90g","localizado; visionado pendiente"
"JonerFootball","Ejercicios específicos para defensa central y MCD | Sesión de entrenamiento completa | Joner Foot...","https://www.youtube.com/watch?v=O6vDttzzNeA","localizado; visionado pendiente"
"JonerFootball","How I Coach Free Kicks | Insane Improvement | My Free Kick Routine | Joner Football","https://www.youtube.com/watch?v=4UNV8qw2yA0","localizado; visionado pendiente"
"JonerFootball","I TRANSFORMED MY HOUSE INTO A TRAINING AREA, LADS DEN & OFFICE | Joner Football","https://www.youtube.com/watch?v=od1ZrFXVK4k","localizado; visionado pendiente"
"JonerFootball","Entrenamiento grupal completo | Ejercicios avanzados de pases y primer toque | Fútbol Joner","https://www.youtube.com/watch?v=qTunaZGD0nQ","localizado; visionado pendiente"
"JonerFootball","🚨INCREÍBLE BATALLA DE TIROS LIBRES🤯🚨| Final loco | Joner contra Shano | Joner Fútbol⚽️","https://www.youtube.com/watch?v=0Hhy2KvOESs","localizado; visionado pendiente"
"JonerFootball","Live stream Training with coach Shano | Members Only","https://www.youtube.com/watch?v=dFzm9c0Cobo","localizado; visionado pendiente"
"JonerFootball","Live stream training | Members Only","https://www.youtube.com/watch?v=61AjlA45yEg","localizado; visionado pendiente"
"JonerFootball","F2, BILLY WINGROVE, JONER FOOTBALL, TOM IS MY NAME, G10 FUTBOL & OLAN TEKKERS BATTLE IT OUT🤯🚨⚽️","https://www.youtube.com/watch?v=BJuv95mgE74","localizado; visionado pendiente"
"JonerFootball","FULL SESSION | Loads of different football drills | Harry Kane Finishing Drill | Joner Football","https://www.youtube.com/watch?v=TNegPTMpa6s","localizado; visionado pendiente"
"JonerFootball","GO PRO - Two Talented Girls | Head strap view of training | Loads of Soccer Drills | Joner Football","https://www.youtube.com/watch?v=ILXWZbC-zC4","localizado; visionado pendiente"
"JonerFootball","Cómo entreno jugadores en un espacio reducido con muchos consejos tácticos | Solo para miembros","https://www.youtube.com/watch?v=1QSMhgjH6CI","localizado; visionado pendiente"
"JonerFootball","Compilation of Drills with Coach Shano","https://www.youtube.com/watch?v=2wNLuyuTrY4","localizado; visionado pendiente"
"JonerFootball","Pases y primer toque | También un pequeño ejercicio defensivo | Solo para miembros y APP","https://www.youtube.com/watch?v=XV418Z-0oMY","localizado; visionado pendiente"
"JonerFootball","YOUR Q&A?? COMMENT BELOW | Update | Coach Lee","https://www.youtube.com/watch?v=XMUIRpDFX4k","localizado; visionado pendiente"
"JonerFootball","HOW TO HEAD THE BALL & Drills to work on it | Extended version for APP & Members","https://www.youtube.com/watch?v=mI4TmsC9wPM","localizado; visionado pendiente"
"JonerFootball","SAQ | Pases y primer toque | Ejercicios de percepción | Solo para miembros y APP","https://www.youtube.com/watch?v=Wj2QSlmktRY","localizado; visionado pendiente"
"JonerFootball","Humiliate Your Opponent With This SKILL MOVE🔥| How To Fake Pass | Joner Football⚽️","https://www.youtube.com/watch?v=vE79Bpw9Cb8","localizado; visionado pendiente"
"JonerFootball","HOW TO: Head The ball Like Professional Footballers | Joner Football","https://www.youtube.com/watch?v=eoy5OfbemlY","localizado; visionado pendiente"
"JonerFootball","RAW SAQ DRILL | MEMBERS ONLY | Coach Joner","https://www.youtube.com/watch?v=9URMF72Z3uY","localizado; visionado pendiente"
"JonerFootball","Passing & 1st touch with Coach Shano","https://www.youtube.com/watch?v=ubNBfp7bDHM","localizado; visionado pendiente"
"JonerFootball","My 1st Ever Training Session At My House❗️⚽️| Joner Football","https://www.youtube.com/watch?v=GccprC3BgCk","localizado; visionado pendiente"
"JonerFootball","Full Joner Football Training Session | Loads of Soccer Ideas For Coaching","https://www.youtube.com/watch?v=fIpQ_Ftsi8U","localizado; visionado pendiente"
"JonerFootball","Probando una pantalla de simulador Nike de 40.000 dólares | ¿Has visto algo así antes? | Joner Fo...","https://www.youtube.com/watch?v=mX0Sb_t44p0","localizado; visionado pendiente"
"JonerFootball","GROUP PASSING, 1ST TOUCH & AWARENESS COMBINATIONS","https://www.youtube.com/watch?v=Sb_YEmmjkHI","localizado; visionado pendiente"
"JonerFootball","Cómo marcar centros y pases atrás | Joner Football","https://www.youtube.com/watch?v=W3AwbD6ELdg","localizado; visionado pendiente"
"JonerFootball","HUGE INSIDE ACCESS TO HOW WE RUN OUR ELITE CAMPS","https://www.youtube.com/watch?v=hzOc3JbFJJI","localizado; visionado pendiente"
"JonerFootball","FULL Technical Training Session At My Home | Dribbling | passing | 1st Touch | Joner Football","https://www.youtube.com/watch?v=JaEBVO701bQ","localizado; visionado pendiente"
"JonerFootball","How to improve your 1st touch | Joner Football","https://www.youtube.com/watch?v=Ln9VvKEj7g0","localizado; visionado pendiente"
"JonerFootball","Compilation of Soccer Training Drills With International Pro Alanna Kennedy | Joner Football","https://www.youtube.com/watch?v=b0R-OKJE4wA","localizado; visionado pendiente"
"JonerFootball","Trabajando la potencia explosiva | Ejercicios SAQ con y sin balón | Solo para miembros","https://www.youtube.com/watch?v=5Zwj9DnhHOo","localizado; visionado pendiente"
"JonerFootball","SIMPLE SPEED & AGILITY DRILLS | Members Only","https://www.youtube.com/watch?v=gxY8tPFmYa4","localizado; visionado pendiente"
"JonerFootball","Happy New Year Everyone | Please watch this | Members Only","https://www.youtube.com/watch?v=52yUMDWWBRU","localizado; visionado pendiente"
"JonerFootball","JONERS CÓMO: DENNIS BERGKAMP CHOP DENTRO / FUERA | Fútbol de Joner","https://www.youtube.com/watch?v=TxFaL0iHlBE","localizado; visionado pendiente"
"JonerFootball","BEST DRILLS, GOALS & MOMENTS OF 2021 | Joner Football","https://www.youtube.com/watch?v=EpRWZj_vJRI","localizado; visionado pendiente"
"JonerFootball","IMÁGENES PROFESIONALES INÉDITAS CON TODAS LAS SESIONES PROFESIONALES EN JONER FOOTBALL | Entrenam...","https://www.youtube.com/watch?v=vhdzxfNfscY","localizado; visionado pendiente"
"JonerFootball","Joners CÓMO HACER: STOP & GO de Luka Modric | Episodio 10 | Joner Football | Entrenamiento de fútbol","https://www.youtube.com/watch?v=rqj8-OdZthI","localizado; visionado pendiente"
"JonerFootball","We Got VIP ACCESS To The Brand New Ultra Football Store In Melbourne | Joner Vlogs","https://www.youtube.com/watch?v=NsOzBSJk7Ds","localizado; visionado pendiente"
"JonerFootball","Ejercicios de pase y primer toque | Solo para miembros","https://www.youtube.com/watch?v=JoPuJup4MFQ","localizado; visionado pendiente"
"JonerFootball","Team Training Drill | RAW FOOTAGE | Live Stream | Members Only | Platinum Only","https://www.youtube.com/watch?v=U7KYYHL2Ppk","localizado; visionado pendiente"
"JonerFootball","4 Shot Professional Shooting Drill with W-League Pro Player | Joner Football","https://www.youtube.com/watch?v=H_xBSEM7z-o","localizado; visionado pendiente"
"JonerFootball","15 ejercicios de fútbol para hacer solo ⚽️ | Joner Football","https://www.youtube.com/watch?v=IwjR67GFaqM","localizado; visionado pendiente"
"JonerFootball","HOW TO TRAIN AFTER A BAD INJURY! REHAB TRAINING | Members Only","https://www.youtube.com/watch?v=3rM8bG47fbg","localizado; visionado pendiente"
"JonerFootball","2 ejercicios de velocidad y agilidad | Cambio de dirección | Solo para miembros","https://www.youtube.com/watch?v=1Ixt3o7KUrU","localizado; visionado pendiente"
"JonerFootball","Passing & 1st touch drills | members only","https://www.youtube.com/watch?v=OKYW4lOwqiU","localizado; visionado pendiente"
"JonerFootball","Montón de ejercicios de entrenamiento de fútbol | Recopilación del contenido más viral de Joner F...","https://www.youtube.com/watch?v=jIn2fO1rjmQ","localizado; visionado pendiente"
"JonerFootball","A LITTLE UPDATE | Members only","https://www.youtube.com/watch?v=4L_fPRFVGXE","localizado; visionado pendiente"
"JonerFootball","COACH SHANE IS BACK | LIVE STREAM TRAINING | MEMBERS ONLY","https://www.youtube.com/watch?v=JTTRAp7hAYo","localizado; visionado pendiente"
"JonerFootball","TRANSMISIÓN EN VIVO DE ENTRENAMIENTO CON COACH JULES | Solo para miembros","https://www.youtube.com/watch?v=gS-6pOGSizg","localizado; visionado pendiente"
"JonerFootball","LOADS OF DIFFERENT SOCCER PASSING DRILLS, 1ST TOUCH & COMBINATIONS | Joner Football","https://www.youtube.com/watch?v=O48P7AM_2OE","localizado; visionado pendiente"
"JonerFootball","FINISH LIKE MO SALAH | 4 Shot Shooting Drill | Joner Football","https://www.youtube.com/watch?v=a6appv0BiR0","localizado; visionado pendiente"
"JonerFootball","Combinaciones de pase y tiro | Solo para miembros","https://www.youtube.com/watch?v=XHnCln0CUF0","localizado; visionado pendiente"
"JonerFootball","SESIÓN DE ENTRENAMIENTO COMPLETA EN GRUPO | Montones de ideas para entrenar fútbol | Joner Football","https://www.youtube.com/watch?v=art5mDfe9tE","localizado; visionado pendiente"
"JonerFootball","THE BEST FOOTBALL TRAINING APP 📲| FOR PLAYERS & COACHES | TRY IT TODAY | Joner Football","https://www.youtube.com/watch?v=kTZoTYCYavQ","localizado; visionado pendiente"
"JonerFootball","NEW OFFICE TOUR & UPDATES !!!!!","https://www.youtube.com/watch?v=IWl425Dz7Dg","localizado; visionado pendiente"
"JonerFootball","Breaking Down Mo Salah's 2 WORLD CLASS Goals | Study The Game | Joner Football | Liverpool FC","https://www.youtube.com/watch?v=s1xPhcWjZIg","localizado; visionado pendiente"
"JonerFootball","SAQ drill with Coach Joner | Members Only","https://www.youtube.com/watch?v=r8mv48SUenQ","localizado; visionado pendiente"
"JonerFootball","SESIÓN DE ENTRENAMIENTO TÉCNICO COMPLETO CON LA JOVEN PROMESA LUKA | Joner Football","https://www.youtube.com/watch?v=Q9XMkh-90Ek","localizado; visionado pendiente"
"JonerFootball","Mastering 1v1","https://www.youtube.com/watch?v=oCGOdQVnkis","localizado; visionado pendiente"
"JonerFootball","Shooting Drill | Coach Jules | Members only","https://www.youtube.com/watch?v=uJAoIFNBpFs","localizado; visionado pendiente"
"JonerFootball","Mastering 1v1. Loads of detail for coaches to use. | Members content","https://www.youtube.com/watch?v=revlS_e994s","localizado; visionado pendiente"
"JonerFootball","Mejora tu velocidad de pies en 7 días con estos ejercicios | Joner football","https://www.youtube.com/watch?v=5aadiJF7h0o","localizado; visionado pendiente"
"JonerFootball","Passing, 1st touch & awareness with less ability players | Members Only","https://www.youtube.com/watch?v=AmHqYMSzv2w","localizado; visionado pendiente"
"JonerFootball","LOADS OF TRAINING DRILLS FOR WINGERS | Joner Football","https://www.youtube.com/watch?v=eMdwRZTXM0E","localizado; visionado pendiente"
"JonerFootball","TRAIN LIKE MBAPPE, NEYMAR & SALAH 🔥| Loads Of Drills For Wingers | Joner Football⚽️","https://www.youtube.com/watch?v=ETe62BGnvyE","localizado; visionado pendiente"
"JonerFootball","APP VIDEO | Mastering 1v1 | Drills for defending and attacking","https://www.youtube.com/watch?v=iv67rkVQ9l4","localizado; visionado pendiente"
"JonerFootball","Live stream training with Joner & Jules | Platinum Members only","https://www.youtube.com/watch?v=1B3WEu4-tZU","localizado; visionado pendiente"
"JonerFootball","I answer your weekly questions | Members Only","https://www.youtube.com/watch?v=hQbRVEPVEA4","localizado; visionado pendiente"
"JonerFootball","Live stream training with coach jules | All members","https://www.youtube.com/watch?v=AaBqcSVmX44","localizado; visionado pendiente"
"JonerFootball","VOICE OVER SERIES 🎙 ⚽️| Centre Back Specific Drills For Football / Soccer | Joner Football","https://www.youtube.com/watch?v=aAX0Lb3hC2U","localizado; visionado pendiente"
"JonerFootball","RAW TRAINING | IVE STREAM | Coach Joner & Jules | Dribbling & awareness | Platinum only","https://www.youtube.com/watch?v=9Lr44yYOkr4","localizado; visionado pendiente"
"JonerFootball","4 EJERCICIOS DE ENTRENAMIENTO INDIVIDUAL ⚽️ | Fútbol Joner","https://www.youtube.com/watch?v=aV6IeLO04cU","localizado; visionado pendiente"
"JonerFootball","I answer your questions! Great questions this week! Members only","https://www.youtube.com/watch?v=oBs26HOgzpk","localizado; visionado pendiente"
"JonerFootball","SESIÓN DE ENTRENAMIENTO COMPLETA | AMPLIADA | SOLO PARA MIEMBROS","https://www.youtube.com/watch?v=9atbC6c5pPA","localizado; visionado pendiente"
"JonerFootball","Muchas ideas de entrenamiento individual y en pareja para fútbol | Joner Football","https://www.youtube.com/watch?v=b8_q6-gsTjc","localizado; visionado pendiente"
"JonerFootball","The basics, passing, 1st touch & awareness with Coach Jules | Members only","https://www.youtube.com/watch?v=q_8ZDg7PqqQ","localizado; visionado pendiente"
"JonerFootball","Speed & Agility Drills with & without resistance coach Joner | Members Only","https://www.youtube.com/watch?v=eCqWmfadOwQ","localizado; visionado pendiente"
"JonerFootball","Entrenamiento grupal completo | Muchas ideas para entrenar fútbol | Joner Football","https://www.youtube.com/watch?v=zMndDhHtTBA","localizado; visionado pendiente"
"JonerFootball","NIKE PHANTOM GT'S vs TIEMPOS BOOT REVIEW | Which ones are better? | Joner Football","https://www.youtube.com/watch?v=5L8qQhVAy7Y","localizado; visionado pendiente"
"JonerFootball","RAW, Unedited Live stream training Coach Joner & Jules | PLATINUM MEMBERS ONLY","https://www.youtube.com/watch?v=RZ_zxpL_zJY","localizado; visionado pendiente"
"JonerFootball","Coach Jules Finishing Drill with detail | Joner Football Members","https://www.youtube.com/watch?v=PGCAl9GLXzY","localizado; visionado pendiente"
"JonerFootball","Awareness, Fast feet, Weight of Pass & 1st touch drill | Members Only","https://www.youtube.com/watch?v=DXDSY8eoAbk","localizado; visionado pendiente"
"JonerFootball","Full PARTNER Training Session | Loads of Soccer/Football Drills |Joner Football | subtítulos español","https://www.youtube.com/watch?v=LyE3BGAYmoE","localizado; visionado pendiente"
"JonerFootball","LOADS Of Passing & 1st Touch Drills For Soccer | SPANISH SUBTITLES | Joner Football","https://www.youtube.com/watch?v=PpxfxthbSak","localizado; visionado pendiente"
"JonerFootball","Bobby Firmino Analysis & how we can train it | members only","https://www.youtube.com/watch?v=57GbAWujD5c","localizado; visionado pendiente"
"JonerFootball","I answer your questions | Members Only","https://www.youtube.com/watch?v=ILVrET4p1Dk","localizado; visionado pendiente"
"JonerFootball","BECOME A SMARTER FOOTBALLER🧠⚽️📲 | Joner Football","https://www.youtube.com/watch?v=udoUyU1XW04","localizado; visionado pendiente"
"JonerFootball","BEACH TRAINING IDEAS ON MANLY BEACH | Freezing 4 FIONN! | Joner Football","https://www.youtube.com/watch?v=RDSCZxymZfY","localizado; visionado pendiente"
"JonerFootball","⚽️PROFESSIONAL FINISHING DRILL WITH GOAL KEEPER🔥🔥| Joner Football","https://www.youtube.com/watch?v=B_r52PgsOL0","localizado; visionado pendiente"
"JonerFootball","Amazing Speed & Agility Drill | Coach Jules | All members","https://www.youtube.com/watch?v=Z3J5dbOoi30","localizado; visionado pendiente"
"JonerFootball","Had so much fun with this one | Members Only | RAW LIVE training / coaching","https://www.youtube.com/watch?v=RKpw84NuOJA","localizado; visionado pendiente"
"JonerFootball","Coaching Ball mastery | Coach Jules | Members Only | Live stream & raw training","https://www.youtube.com/watch?v=1OhuAc-HoE8","localizado; visionado pendiente"
"JonerFootball","Sharpen the brain as well as your technical ability with this drill | members Only | members only","https://www.youtube.com/watch?v=3Am4GyIEDtg","localizado; visionado pendiente"
"JonerFootball","simple SAQ drills using a hurdle | Members Only","https://www.youtube.com/watch?v=7Q5vZ9nKlMQ","localizado; visionado pendiente"
"JonerFootball","¡MONTÓN DE IDEAS PARA ENTRENAMIENTOS DE FÚTBOL EN GRUPO Y SORTEO! | Joner Football","https://www.youtube.com/watch?v=DfCYcrYQGVI","localizado; visionado pendiente"
"JonerFootball","I answer your questions - MEMBERS ONLY","https://www.youtube.com/watch?v=egCDJ_ieAlM","localizado; visionado pendiente"
"JonerFootball","LOADS OF PASSING & 1ST TOUCH DRILLS | Members Only","https://www.youtube.com/watch?v=ExhwkarBmro","localizado; visionado pendiente"
"JonerFootball","Team training passing drill | Old content | short video | members only","https://www.youtube.com/watch?v=GQtZYiXlmOM","localizado; visionado pendiente"
"JonerFootball","3 ejercicios de pase y primer toque | Joner Football","https://www.youtube.com/watch?v=ExuVBwcJ3DY","localizado; visionado pendiente"
"JonerFootball","Ejercicios de potencia explosiva y dominio del balón","https://www.youtube.com/watch?v=zZeZdfg78VE","localizado; visionado pendiente"
"JonerFootball","Pases y primer toque en grupos de 3 | solo para miembros","https://www.youtube.com/watch?v=vqIV1CpT8F0","localizado; visionado pendiente"
"JonerFootball","SESIÓN COMPLETA | Un montón de ejercicios de fútbol diferentes | ¡Aiden Mostofi ha mejorado! | Fú...","https://www.youtube.com/watch?v=dQXWb4an2bA","localizado; visionado pendiente"
"JonerFootball","IMPROVE YOUR GOAL SCORING WITH THESE SIMPLE DRILLS | Joner Football | #Shorts","https://www.youtube.com/watch?v=baDd0pmHgxA","localizado; visionado pendiente"
"JonerFootball","ADAM LE FONDRE SHOOTING DRILL & HE KILLS IT | Joner Football","https://www.youtube.com/watch?v=zts2Jr4G238","localizado; visionado pendiente"
"JonerFootball","11 AÑOS DE EDAD, DAMAS Y CABALLEROS | Joner Football","https://www.youtube.com/watch?v=eRrpO_uQYdU","localizado; visionado pendiente"
"JonerFootball","KILLER PASSING DRILL THAT HELPS WITH DECISION MAKING 🧠 ⚽️| Joner Football","https://www.youtube.com/watch?v=jfjT3skV-tM","localizado; visionado pendiente"
"JonerFootball","GREAT GROUP PASSING DRILL | Joner Football Members Only","https://www.youtube.com/watch?v=6j7cnz8uYdo","localizado; visionado pendiente"
"JonerFootball","JONER ENTRENA COMPLETAMENTE CON BALONCESTOS | Un montón de ideas para entrenar | Fútbol Joner","https://www.youtube.com/watch?v=RnPZUEiVnrg","localizado; visionado pendiente"
"JonerFootball","Possession drills | Coach Jules | 1v1's | 2v2s | Camp Footage | Members Only","https://www.youtube.com/watch?v=cQBDtf1MK0A","localizado; visionado pendiente"
"JonerFootball","Positional game | Passing drills & how you can take it straight into a game | Joner Camps footage","https://www.youtube.com/watch?v=dqb2gG0fikI","localizado; visionado pendiente"
"JonerFootball","OUTRAGEUS GROUP FINISHING DRILL | Soccer Training For Attackers | Joner Football","https://www.youtube.com/watch?v=R0rLlJuzWbM","localizado; visionado pendiente"
"JonerFootball","CÓMO HACER: PASE RASANTE | Joner Football","https://www.youtube.com/watch?v=HAUYDAgUgZk","localizado; visionado pendiente"
"JonerFootball","Shooting Drill for the APP","https://www.youtube.com/watch?v=XhoR8-XHGFI","localizado; visionado pendiente"
"JonerFootball","Sesión de entrenamiento completa con un joven profesional | Un montón de ideas para entrenar fútb...","https://www.youtube.com/watch?v=-XYATlmM0X8","localizado; visionado pendiente"
"JonerFootball","Live stream training with coach Joner | Members Only","https://www.youtube.com/watch?v=hLJ_V62spj8","localizado; visionado pendiente"
"JonerFootball","3 EJERCICIOS DE TIRO AVANZADOS PARA ATACANTES | Joner Football","https://www.youtube.com/watch?v=ejeNWTwdC6Y","localizado; visionado pendiente"
"JonerFootball","IS THIS THE BEST ASSIST YOU'VE EVER SEEN? | Joner Football | #Shorts","https://www.youtube.com/watch?v=xOb_4euJvxw","localizado; visionado pendiente"
"JonerFootball","ENTRENAMIENTO EN VIVO Con el Coach Joner | Solo para miembros | Joner Football","https://www.youtube.com/watch?v=yZUBespt_WQ","localizado; visionado pendiente"
"JonerFootball","Detrás de cámaras de OPTUS SPORT | HEMOS RECORRIDO UN LARGO CAMINO | Vlogs de Joner Football","https://www.youtube.com/watch?v=X4kFM-Dt-ZY","localizado; visionado pendiente"
"JonerFootball","FULL RAW TRAINING SESSION WITH 9 YEAR OLD | Loads of Training Drill IDEAS | Joner Football | Soccer","https://www.youtube.com/watch?v=DB9cPTqePlA","localizado; visionado pendiente"
"JonerFootball","Live stream training with coach Jules | Members Only","https://www.youtube.com/watch?v=BuSAZBhRnUw","localizado; visionado pendiente"
"JonerFootball","CÓMO PLANIFICO MIS SESIONES Y UN DÍA EN MI VIDA CON JONER | Joner Vlogs | Joner Football","https://www.youtube.com/watch?v=0cEVYRu3VSM","localizado; visionado pendiente"
"JonerFootball","3 ATTRIBUTES YOU SHOULD BE TRAINING | JONER FOOTBALL","https://www.youtube.com/watch?v=MMun_uUwmlQ","localizado; visionado pendiente"
"JonerFootball","Muchos ejercicios de pase | Entrenamiento grupal | Joner Football","https://www.youtube.com/watch?v=jjcgjVx6qYA","localizado; visionado pendiente"
"JonerFootball","Loads of different passing drills | Platinum members only","https://www.youtube.com/watch?v=vnxcuL3EO3Q","localizado; visionado pendiente"
"JonerFootball","Loads of Group Training Ideas | Old Content | Members Only","https://www.youtube.com/watch?v=toLbLcuR9MY","localizado; visionado pendiente"
"JonerFootball","A few updates | Members only","https://www.youtube.com/watch?v=lLjlNeEd4WY","localizado; visionado pendiente"
"JonerFootball","So Many Players Struggle With This! HOW TO: Deal With Making Mistakes | Joner Football","https://www.youtube.com/watch?v=iZ2IzfpFp5g","localizado; visionado pendiente"
"JonerFootball","Training Sessions | Joner Football","https://www.youtube.com/watch?v=yLc4fOC84Kw","localizado; visionado pendiente"
"JonerFootball","VOICE OVER & RAW Footage | Joner Football members only","https://www.youtube.com/watch?v=cQCCWjROXzA","localizado; visionado pendiente"
"JonerFootball","LA MEJOR JOVEN TALENTO FEMENINO QUE HE VISTO 😳 11 AÑOS | Entrenamiento completo | Fútbol Joner","https://www.youtube.com/watch?v=L-c2qPGuULU","localizado; visionado pendiente"
"JonerFootball","¡Esta chica es simplemente increíble! ¿Qué opinan, chicos? Solo para miembros","https://www.youtube.com/watch?v=sTkKy9GMaRw","localizado; visionado pendiente"
"JonerFootball","11 YEAR OLD CLAIRE 😳 SUB TO THE 2ND CHANNEL | Joner Football","https://www.youtube.com/watch?v=3C-qoeoJTcs","localizado; visionado pendiente"
"JonerFootball","I SCORED FROM THE HALFWAY LINE🚫| My Game Analysis⚽️ | Joner Football","https://www.youtube.com/watch?v=6VspeB7T6Uo","localizado; visionado pendiente"
"JonerFootball","Live stream drill with Coach Jules | Members Only","https://www.youtube.com/watch?v=e2kbiI86MbM","localizado; visionado pendiente"
"JonerFootball","Dribbling | Change of direction | Attacking & defending Drill | LIVE | RAW | Members Only","https://www.youtube.com/watch?v=gEyetTWyveU","localizado; visionado pendiente"
"JonerFootball","6 ejercicios avanzados de entrenamiento de fútbol | Mejora el primer toque, el pase, la atención ...","https://www.youtube.com/watch?v=DV_usDZr3pY","localizado; visionado pendiente"
"JonerFootball","POSITION SPECIFIC TRAINING | Joner Football Elite Camps | Outstanding","https://www.youtube.com/watch?v=Bvq6tKoWbRo","localizado; visionado pendiente"
"JonerFootball","Extended Version of our latest youtube video | Members Only","https://www.youtube.com/watch?v=555iAf6rZGM","localizado; visionado pendiente"
"JonerFootball","🚫11 YEARS OLD😱| WOW | FULL Session with Isaac Andrews | Joner Football","https://www.youtube.com/watch?v=7Vfx5RsUcpY","localizado; visionado pendiente"
"JonerFootball","Group session | Focusing on weight of touch & pass | Joner Football","https://www.youtube.com/watch?v=T093EeyndgE","localizado; visionado pendiente"
"JonerFootball","Unbelievable from young Isaac | Passing, 1st Touch & Shooting Drill | Coming soon | Joner Football","https://www.youtube.com/watch?v=cCtpJN0d1T0","localizado; visionado pendiente"
"JonerFootball","RAW footage | All members | Passing Drill","https://www.youtube.com/watch?v=yeY_Uw3JquM","localizado; visionado pendiente"
"JonerFootball","❗️JONER FOOTBALL APP IS FINALLY HERE📲 | TRAIN WITH US NOW | LINK IN DESCRIPTION⚽️📲","https://www.youtube.com/watch?v=CTonzkNU2G4","localizado; visionado pendiente"
"JonerFootball","A few updates guys! members content","https://www.youtube.com/watch?v=XG-54TMQuZg","localizado; visionado pendiente"
"JonerFootball","FULL TRAINING SESSION | Loads of different FOOTBALL ideas | Young Female athlete | Joner Football","https://www.youtube.com/watch?v=vpyxnbcbGIU","localizado; visionado pendiente"
"JonerFootball","Entrenamiento grupal completo | Aprende a enfrentarte a jugadores uno contra uno y muchísimas ide...","https://www.youtube.com/watch?v=LkSu2MqFk8M","localizado; visionado pendiente"
"JonerFootball","Ejercicios de pase | Ideas para entrenamiento de fútbol | Entrenamiento en equipo | Joner Football","https://www.youtube.com/watch?v=hQJMlG6MUTc","localizado; visionado pendiente"
"JonerFootball","COMPILATION of the BEST coaches sessions | TOP 10 DRILLS | Joner Football","https://www.youtube.com/watch?v=w0ybbwEZu3c","localizado; visionado pendiente"
"JonerFootball","COACHING TWO 9 YEAR OLDS❗️😱| Full Training Session⚽️ | Joner Football","https://www.youtube.com/watch?v=Hh3VQKaGATM","localizado; visionado pendiente"
"JonerFootball","Raw Footage | Passing, 1st touch, Awareness, weight of touch & passing | Members Only","https://www.youtube.com/watch?v=Fscyeo4ZWfU","localizado; visionado pendiente"
"JonerFootball","Update regarding the Joner Football app & The members area on YouTube","https://www.youtube.com/watch?v=vgQNfCUz_eQ","localizado; visionado pendiente"
"JonerFootball","Extended version of 3 change of direction drills | Members content only | Joner Football","https://www.youtube.com/watch?v=NuJoibvAAXA","localizado; visionado pendiente"
"JonerFootball","3 ejercicios de cambio de dirección para fútbol | Joner Football","https://www.youtube.com/watch?v=5chHNhbdrxE","localizado; visionado pendiente"
"JonerFootball","Bonus Drills | Online Training Program | Joner Football App","https://www.youtube.com/watch?v=BrBZGZ5A-4s","localizado; visionado pendiente"
"JonerFootball","Voice Over Series | Coach Jules | Members Only","https://www.youtube.com/watch?v=XqVRFX32PLo","localizado; visionado pendiente"
"JonerFootball","3 Habilidades Cognitivas para Dominar el Balón⚽️🧠 | Fútbol Joner","https://www.youtube.com/watch?v=HG_lqvkQjPc","localizado; visionado pendiente"
"JonerFootball","Early Access to IGTV drill | Joner Football","https://www.youtube.com/watch?v=HFdB3vAtygU","localizado; visionado pendiente"
"JonerFootball","Passing Drills combined with SAQ DRILL | Joner Football","https://www.youtube.com/watch?v=ThuE4XuW5S4","localizado; visionado pendiente"
"JonerFootball","3 Ejercicios de entrenamiento COGNITIVO 🧠 ⚽️| Desarrolla el pase y el primer toque | Joner Football","https://www.youtube.com/watch?v=oQ0Ldp4Pv_0","localizado; visionado pendiente"
"JonerFootball","A FULL Day In The Life of Lee Joner Jones | Behind the scenes | Team Training & MORE| Joner Football","https://www.youtube.com/watch?v=zx2gX9SyIrE","localizado; visionado pendiente"
"JonerFootball","COMPARISON | Coaches vs Players | The little details make HUGE Difference | Joner Football","https://www.youtube.com/watch?v=z-VdYuxUN3Q","localizado; visionado pendiente"
"JonerFootball","Voz en off de Coach Jules | Ejercicio de posesión | Solo para miembros","https://www.youtube.com/watch?v=gsU-EWYCg-Y","localizado; visionado pendiente"
"JonerFootball","10 ejercicios rápidos de pies (con y sin balón) | Joner Football","https://www.youtube.com/watch?v=7pkVKg7feyI","localizado; visionado pendiente"
"JonerFootball","Muchos ejercicios de pases, desde BÁSICOS hasta AVANZADOS | Fútbol Joner","https://www.youtube.com/watch?v=DuyjrnwSK2A","localizado; visionado pendiente"
"JonerFootball","Lo mejor de las sesiones profesionales en Joner Football | Recopilación","https://www.youtube.com/watch?v=4XvEIaHopX8","localizado; visionado pendiente"
"JonerFootball","⚽️MONTONES DE EJERCICIOS DE ENTRENAMIENTO DE FÚTBOL⚽️| IDEAS con Joner Football","https://www.youtube.com/watch?v=ar8gFp7dJUg","localizado; visionado pendiente"
"JonerFootball","Entrenamiento de fútbol completo en grupos pequeños | Muchas ideas de entrenamiento de fútbol | J...","https://www.youtube.com/watch?v=TfgP0Wdz4tg","localizado; visionado pendiente"
"JonerFootball","Reunión por Zoom del 14/01/2021 - por si te la perdiste.","https://www.youtube.com/watch?v=jpXJjYZqD0w","localizado; visionado pendiente"
"JonerFootball","SESIÓN de Entrenamiento Completa para Entrenadores | Ejercicio de Pase Matador | Gran Comienzo de...","https://www.youtube.com/watch?v=hNVb07pZkTI","localizado; visionado pendiente"
"JonerFootball","Voice Over Drill | Coach Jules","https://www.youtube.com/watch?v=NJH5oAMNxP4","localizado; visionado pendiente"
"JonerFootball","THANK YOU ALL!!!!!!","https://www.youtube.com/watch?v=1zLzhY8MNnI","localizado; visionado pendiente"
"JonerFootball","RIO FERDINAND FOLLOWS US😱 & WE ARE ON OPTUS SPORT🙏🏻 | The Best Moments of 2020 | Joner Football⚽️","https://www.youtube.com/watch?v=p4LjsR1sCgA","localizado; visionado pendiente"
"JonerFootball","Los mejores ejercicios de fútbol de 2020🔥❗️ | Joner Football⚽️⚽️","https://www.youtube.com/watch?v=E13Ed6fNr2E","localizado; visionado pendiente"
"JonerFootball","😱TOP 5 OUTRAGEOUS TECHNIQUE FROM 2020😱⚽️ | JONER FOOTBALL","https://www.youtube.com/watch?v=rrJE8kNhhBg","localizado; visionado pendiente"
"JonerFootball","❗️WE NOW OFFER GAME ANALYSIS❗️| JOIN NOW TO TAKE YOUR GAME TO THE NEXT LEVEL (link in bio)⚽️","https://www.youtube.com/watch?v=HzFqRBPFEfY","localizado; visionado pendiente"
"JonerFootball","Top 3 Training Sessions of 2020 | Joner Football","https://www.youtube.com/watch?v=U5qo8KX_l_g","localizado; visionado pendiente"
"JonerFootball","Loads of Advanced 1on1 Soccer Training Drills | Joner Football","https://www.youtube.com/watch?v=ioL17MBFU10","localizado; visionado pendiente"
"JonerFootball","Raw Footage | Joner Football","https://www.youtube.com/watch?v=Q8w2PmCFCpo","localizado; visionado pendiente"
"JonerFootball","GROUP SOCCER TRAINING IDEAS | Joner Football","https://www.youtube.com/watch?v=IUg_G2aOgbU","localizado; visionado pendiente"
"JonerFootball","⚽️MUCHAS IDEAS PARA ENTRENAMIENTO DE FÚTBOL⚽️ | Sesión de entrenamiento completa | Joner Football","https://www.youtube.com/watch?v=7YTEesYubg0","localizado; visionado pendiente"
"JonerFootball","FULL UNCUT TRAINING SESSION WITH PRO PLAYER ADAM PARKHOUSE | Members Only | Joner Football","https://www.youtube.com/watch?v=b66z4xqzthY","localizado; visionado pendiente"
"JonerFootball","LEARN HOW TO HIT A LONG BALL LIKE THE PROS | Joner Football","https://www.youtube.com/watch?v=STG0TCQX4ZQ","localizado; visionado pendiente"
"JonerFootball","Voice over series | Coach Jules","https://www.youtube.com/watch?v=_3jzxQpR9no","localizado; visionado pendiente"
"JonerFootball","TODOS LOS DELANTEROS DEBERÍAN HACER ESTO | Muchos ejercicios de tiro desde todos los ángulos | Fú...","https://www.youtube.com/watch?v=MDe6v-qwR3o","localizado; visionado pendiente"
"JonerFootball","50 HABILIDADES PARA DOMINAR EL BALÓN | Fútbol Joner","https://www.youtube.com/watch?v=rZ-_7DyDn2g","localizado; visionado pendiente"
"JonerFootball","Become a member of Joner Football to receive exclusive UNSEEN content","https://www.youtube.com/watch?v=DTtRaYV1S8c","localizado; visionado pendiente"
"JonerFootball","RAW FOOTAGE OF COACHING IN MELBOURNE | COACH LEE | ALL MEMBERS","https://www.youtube.com/watch?v=catUgrrc9jI","localizado; visionado pendiente"
"JonerFootball","I TRIED OUR TRAINING SESSIONS & WOW🤯| Coach Jules puts Joner through his paces😅| Joner Football⚽️","https://www.youtube.com/watch?v=vYqSiz0sQ5M","localizado; visionado pendiente"
"JonerFootball","VOICE OVER SERIES | COACH JULES","https://www.youtube.com/watch?v=IGJqJ7AtbOI","localizado; visionado pendiente"
"JonerFootball","NEW TIER OF MEMBERSHIP NOW AVAILABLE | PLEASE WATCH","https://www.youtube.com/watch?v=81qmsALXAak","localizado; visionado pendiente"
"JonerFootball","I TRIED OUR TRAINING SESSIONS & WOW 🤯⚽️| Coach Jules puts Joner through his paces | Joner Football","https://www.youtube.com/watch?v=rJFqxSCBs2o","localizado; visionado pendiente"
"JonerFootball","Unseen Footage | Joner Football members","https://www.youtube.com/watch?v=7KdU2toQxbQ","localizado; visionado pendiente"
"JonerFootball","❗️FULL INDIVIDUAL SOCCER TRAINING❗️| Part 2 with Georgia Yeoman-Dale | Joner Football ⚽️","https://www.youtube.com/watch?v=vPuNijMvoLM","localizado; visionado pendiente"
"JonerFootball","Ejercicios específicos para defensa central con la profesional Alanna Kennedy | Ideas de entrenam...","https://www.youtube.com/watch?v=O9ULpF2ZXi0","localizado; visionado pendiente"
"JonerFootball","Cracking group passing Drill","https://www.youtube.com/watch?v=aQP3kFvUO3o","localizado; visionado pendiente"
"JonerFootball","Voice over Series | Coach Jules","https://www.youtube.com/watch?v=xeSl0vkEzGs","localizado; visionado pendiente"
"JonerFootball","HOW TO DEAL WITH TRIALS & HOW TO DEAL WITH BEING RELEASED FROM A CLUB","https://www.youtube.com/watch?v=XuRI2vmEvSE","localizado; visionado pendiente"
"JonerFootball","Zoom meeting this morning","https://www.youtube.com/watch?v=gFB9SHKFtpk","localizado; visionado pendiente"
"JonerFootball","Train Like The Pros | Soccer Shooting Drills | Advanced | Joner Football","https://www.youtube.com/watch?v=wUpSsYS_hIY","localizado; visionado pendiente"
"JonerFootball","Raw footage | Members Only | Joner Football","https://www.youtube.com/watch?v=CDLhpsQf8HQ","localizado; visionado pendiente"
"JonerFootball","⚽️FULL PROFESSIONAL TRAINING SESSION😱 | Georgia Yeoman-Dale | Part 1 | Joner Football | IN 4K 🎥🖥","https://www.youtube.com/watch?v=axH7FWclDLo","localizado; visionado pendiente"
"JonerFootball","This is why we coach!","https://www.youtube.com/watch?v=syzbcGM--jM","localizado; visionado pendiente"
"JonerFootball","⚽️Entrenamiento grupal completo⚽️ | Ideas para entrenar en equipo | Fútbol Joner🔥","https://www.youtube.com/watch?v=MloUF2XvG9A","localizado; visionado pendiente"
"JonerFootball","Update on the details of the Zoom meeting next week","https://www.youtube.com/watch?v=cCQ9rTG9wyU","localizado; visionado pendiente"
"JonerFootball","⚽️5 ejercicios de primer toque⚽️ | Mejora tu toque | Fútbol Joner","https://www.youtube.com/watch?v=ysXfOyZ76_4","localizado; visionado pendiente"
"JonerFootball","😱FULL TRAINING SESSION With Young Nike Athlete Beckham Baker🔥😱 | Joner Football","https://www.youtube.com/watch?v=J8WCWu1OIhM","localizado; visionado pendiente"
"JonerFootball","Ejercicios de pase y primer toque | Entrenamiento cognitivo | Serie con voz en off | Joner Football","https://www.youtube.com/watch?v=Y45lAeSTlJo","localizado; visionado pendiente"
"JonerFootball","EXCLUSIVE UNSEEN FOOTAGE AT JONER FOOTBALL | Become a member now!","https://www.youtube.com/watch?v=tMm4mQVkPhI","localizado; visionado pendiente"
"JonerFootball","ARRANGING A ZOOM CALL WITH ALL PLATINUM MEMBERS & UPDATES FOR ALL NEW MEMBERS","https://www.youtube.com/watch?v=R9kynqlgYF0","localizado; visionado pendiente"
"JonerFootball","Voice over series | Coach Jules","https://www.youtube.com/watch?v=PdDj1662aLg","localizado; visionado pendiente"
"JonerFootball","5 ejercicios de velocidad y agilidad para mejorar tu juego | Joner Football","https://www.youtube.com/watch?v=GItfByG1RlI","localizado; visionado pendiente"
"JonerFootball","MESSAGE FROM COACH LEE | CAMPS THIS WEEK","https://www.youtube.com/watch?v=irR-qDMr-cA","localizado; visionado pendiente"
"JonerFootball","😂BEHIND THE SCENES OF OUR LOGO LAUNCH🤣 | Joner Football","https://www.youtube.com/watch?v=ttcbJruFVZU","localizado; visionado pendiente"
"JonerFootball","UPDATE| What is to come | Joner Football","https://www.youtube.com/watch?v=kBtp9cJsYxI","localizado; visionado pendiente"
"JonerFootball","THESE ARE THE BEST BOOTS I'VE SEEN IN A LONG TIME! | Nike Phantom GT review | Joner Football","https://www.youtube.com/watch?v=65IF6OjF_iY","localizado; visionado pendiente"
"JonerFootball","What does a Zoom session look like at Joner Football? | Train at home with us!","https://www.youtube.com/watch?v=O1chAJQ6RtY","localizado; visionado pendiente"
"JonerFootball","NAME CHANGE, LOGO CHANGE | WE ARE JONER FOOTBALL","https://www.youtube.com/watch?v=pgmd5KnJ0_0","localizado; visionado pendiente"
"JonerFootball","Muchos ejercicios diferentes de entrenamiento en pareja | Entrenamiento de fútbol de alta intensi...","https://www.youtube.com/watch?v=CqlOya9XPDU","localizado; visionado pendiente"
"JonerFootball","🚫THE MOST VIRAL CONTENT SINCE WE STARTED🚫⚽️ | Best Drills, Goals & Best Tehcnique | Joner Football","https://www.youtube.com/watch?v=JYl67E9_2WE","localizado; visionado pendiente"
"JonerFootball","Another unseen and voice over drill | Coach Lee | All members","https://www.youtube.com/watch?v=ZiLTzGwfm4M","localizado; visionado pendiente"
"JonerFootball","Unseen footage & voice over drill | Joner Football | All members","https://www.youtube.com/watch?v=XojxwNf5iac","localizado; visionado pendiente"
"JonerFootball","3 way passing combos | All members | Joner football","https://www.youtube.com/watch?v=WUTaq59WLw0","localizado; visionado pendiente"
"JonerFootball","Platinum members voice over drill | Coach Jules | Joner Football","https://www.youtube.com/watch?v=daIeRShdeLE","localizado; visionado pendiente"
"JonerFootball","HEAD TENNIS CHALLENGE & TENNIS CHALLENGE | Tekkers Tuesdays | Joner v Shano | Joner Football","https://www.youtube.com/watch?v=W5K7ViCzxvk","localizado; visionado pendiente"
"JonerFootball","Coaches vs The Players | Crossing & Finishing Drill | Joner Football","https://www.youtube.com/watch?v=vn1hxrviofI","localizado; visionado pendiente"
"JonerFootball","⚽️NUESTRA NUEVA SEDE‼️ | Montones de ejercicios diferentes de entrenamiento de fútbol | Joner Foo...","https://www.youtube.com/watch?v=HeihTjNsfw8","localizado; visionado pendiente"
"JonerFootball","Voice over drill | Coach Jules | All members","https://www.youtube.com/watch?v=6h-rsNU6z1g","localizado; visionado pendiente"
"JonerFootball","¡NO PUEDO CREER QUE ESTO HAYA PASADO! 😱 ¡Increíble cabezazo de Alanna Kennedy! ⚽️🔥 Joner Football","https://www.youtube.com/watch?v=kpAic9NbBhI","localizado; visionado pendiente"
"JonerFootball","Platinum members voice over series | Coach Jules | Joner Football","https://www.youtube.com/watch?v=emfVJMwUrmE","localizado; visionado pendiente"
"JonerFootball","Voice Over series | Coach Jules | All members","https://www.youtube.com/watch?v=aHZkmnh2Sow","localizado; visionado pendiente"
"JonerFootball","TIPS ON HOW TO GROW ONLINE / SOCIAL MEDIA | Joner Football","https://www.youtube.com/watch?v=JVHLOBh63M4","localizado; visionado pendiente"
"JonerFootball","Solution for not seeing all the posts on the members area!","https://www.youtube.com/watch?v=7KnxFtMzWVc","localizado; visionado pendiente"
"JonerFootball","Loads of different drills | Joner Football","https://www.youtube.com/watch?v=gf2giIfG_FA","localizado; visionado pendiente"
"JonerFootball","FULL / RAW defenders group training session (50 minute video) Platinum members only!","https://www.youtube.com/watch?v=isEnrIbTVfs","localizado; visionado pendiente"
"JonerFootball","FULL TRAINING SESSION WITH 2 PROS CHLOE LOGARZO & ALANNA KENNEDY | LOADS OF DIFFERENT DRILLS | JONER","https://www.youtube.com/watch?v=CoiCCBxp7Qk","localizado; visionado pendiente"
"JonerFootball","Voice over series | Platinum Members Only | Joner Football","https://www.youtube.com/watch?v=xpxcbHtK-R0","localizado; visionado pendiente"
"JonerFootball","MARTES DE TEKKERS | Ep 5 | BATALLA DE REFINACIÓN DEFINITIVA | Joner Football","https://www.youtube.com/watch?v=nbjPXeBAgfU","localizado; visionado pendiente"
"JonerFootball","HOW TO IMPROVE YOUR 1ST TOUCH | Joner Football","https://www.youtube.com/watch?v=TFbe-eB_ZlU","localizado; visionado pendiente"
"JonerFootball","Voice over series | Coach Jules | All members","https://www.youtube.com/watch?v=YL3BX_J2IWY","localizado; visionado pendiente"
"JonerFootball","THE BEST ONE YET🤣⚽️Joner & Shano go HEAD to HEAD in a Goal Keeper Challenge | Tekkers Tuesdays ep 4","https://www.youtube.com/watch?v=yT-9OIyYFKI","localizado; visionado pendiente"
"JonerFootball","THIS BALL IS INSANE 😱 | NEW Nike Flight MATCH BALL ⚽️🔥 | Joner Football","https://www.youtube.com/watch?v=QvpIrQSiGxI","localizado; visionado pendiente"
"JonerFootball","CENTRE BACK SPECIFIC DRILL | With international female Alanna kennedy | Joner Football","https://www.youtube.com/watch?v=KnA6M1r8FfA","localizado; visionado pendiente"
"JonerFootball","3 ESSENTIAL PASSING DRILLS / METHODS YOU SHOULD BE TRAINING | Joner Football","https://www.youtube.com/watch?v=V2BiXaDt_N8","localizado; visionado pendiente"
"JonerFootball","Voice over series | All members | Joner Football","https://www.youtube.com/watch?v=GKMg5ma8WTQ","localizado; visionado pendiente"
"JonerFootball","Joner vs Le Fondre | Crossing & Finishing Drill | Joner Football","https://www.youtube.com/watch?v=YOKNR_hDFTE","localizado; visionado pendiente"
"JonerFootball","Importance of 1st touch | Platinum members only | Joner Football","https://www.youtube.com/watch?v=I3tLBjt_YsQ","localizado; visionado pendiente"
"JonerFootball","Voice over series / unreleased footage | Joner football | Members only","https://www.youtube.com/watch?v=puGLfbxD-hs","localizado; visionado pendiente"
"JonerFootball","EXTREMELY HARD CHALLENGE THIS WEEK | TEKKERS TUESDAYS | EP 3 | JONER FOOTBALL","https://www.youtube.com/watch?v=1-CL-uanEgA","localizado; visionado pendiente"
"JonerFootball","Voice Over series | Coach Jules | All members | Joner Football","https://www.youtube.com/watch?v=uRiUVSRFuIg","localizado; visionado pendiente"
"JonerFootball","Members update | Joner Football","https://www.youtube.com/watch?v=EevPcLpCycQ","localizado; visionado pendiente"
"JonerFootball","ENTRENAMIENTO PROFESIONAL COMPLETO | Fútbol Joner","https://www.youtube.com/watch?v=QvB8s5e8bQs","localizado; visionado pendiente"
"JonerFootball","DESAFÍO ÉPICO DE TIRO AL BOTE | Martes de Tekkers | Episodio 2 | Joner Football","https://www.youtube.com/watch?v=zWuBpxiNjvE","localizado; visionado pendiente"
"JonerFootball","Coaches Training Session | Great Soccer Training For Strikers & Wingers | Joner Football","https://www.youtube.com/watch?v=4lcvzmoheGQ","localizado; visionado pendiente"
"JonerFootball","Voice over series | Coach Jules | Platinum members only | Joner football","https://www.youtube.com/watch?v=UhH-bf7G4Jc","localizado; visionado pendiente"
"JonerFootball","Voice over series | Coach Jules | Joner Football","https://www.youtube.com/watch?v=xjM9mxshbaQ","localizado; visionado pendiente"
"JonerFootball","TEKKERS TUESDAYS IS BACK | Featuring special guest Alanna Kennedy | VOLLEY CHALLENGE | JonerFootball","https://www.youtube.com/watch?v=DV9IywDMTWc","localizado; visionado pendiente"
"JonerFootball","Voice over series | Platinum members | Joner Football","https://www.youtube.com/watch?v=pXy8Rpx2btE","localizado; visionado pendiente"
"JonerFootball","AWARENESS TRAINING TOOL! | Joner Football","https://www.youtube.com/watch?v=7JUcTIPIknE","localizado; visionado pendiente"
"JonerFootball","Entrenando a la joven promesa del Sydney FC, Jordi Swibel | Muchos ejercicios de entrenamiento de...","https://www.youtube.com/watch?v=dMQTr_Nmdrc","localizado; visionado pendiente"
"JonerFootball","Young Sydney FC Pro Jordi Swibbel | Joner Football","https://www.youtube.com/watch?v=kDve_mYViEo","localizado; visionado pendiente"
"JonerFootball","🚫DEFINICIÓN ESCANDALOSA🚫 | Adam Le Fondre | Parte II | Joner Football","https://www.youtube.com/watch?v=rgGWkTJmmhA","localizado; visionado pendiente"
"JonerFootball","Voice over series | Coach Jules | All members","https://www.youtube.com/watch?v=GS4xTfLEiAM","localizado; visionado pendiente"
"JonerFootball","Voice over series | Pro session | Centre back / CDm drill | Joner Football","https://www.youtube.com/watch?v=1Dz6BRmHsUw","localizado; visionado pendiente"
"JonerFootball","SESIÓN DE ENTRENAMIENTO COMPLETA DE LA INTERNACIONAL AUSTRALIANA ALANNA KENNEDY | Joner Football","https://www.youtube.com/watch?v=_jem2d4dYUg","localizado; visionado pendiente"
"JonerFootball","Full training session with two female pros | RAW | Unedited | Platinum members Only | Joner Football","https://www.youtube.com/watch?v=aUBxUzXkb_w","localizado; visionado pendiente"
"JonerFootball","Breaking down Technique | Joner Football","https://www.youtube.com/watch?v=BaQZtEsVxsM","localizado; visionado pendiente"
"JonerFootball","Voice Over Drill with coach Jules | All members | Joner Football","https://www.youtube.com/watch?v=bgxKJFvkUM8","localizado; visionado pendiente"
"JonerFootball","VOICE OVER DRILL WITH ADAM LE FONDRE | PLATINUM MEMBERS","https://www.youtube.com/watch?v=g-zmsIoLWv0","localizado; visionado pendiente"
"JonerFootball","Raw footage | Clips with Alanna Kennedy | All members","https://www.youtube.com/watch?v=Y-6_FmvhY5g","localizado; visionado pendiente"
"JonerFootball","Adam Le Fondre | FULL TRAINING SESSION |Ex Premier League Striker & current A-League top goal scorer","https://www.youtube.com/watch?v=WqPaRKQXlts","localizado; visionado pendiente"
"JonerFootball","5 essential traits a player needs that does not require talent | Joner Football | Members Only","https://www.youtube.com/watch?v=zKS55fp1bY8","localizado; visionado pendiente"
"JonerFootball","FULL GROUP TRAINING SESSION WITH TWO PRO'S Chloe Logarzo & McKenzie Berryhill | Joner Football","https://www.youtube.com/watch?v=DUOURK7AiP8","localizado; visionado pendiente"
"JonerFootball","VOICE OVER SERIES | PLATINUM ONLY | PRO SESSION","https://www.youtube.com/watch?v=ZaANcycbSoc","localizado; visionado pendiente"
"JonerFootball","Voice over series | PRO session | Platinum members only | Joner Football","https://www.youtube.com/watch?v=Pie3-rdTDJg","localizado; visionado pendiente"
"JonerFootball","RAW FOOTAGE OF ADAM LE FONDRE | MEMBERS ONLY CONTENT","https://www.youtube.com/watch?v=r3n5KoA3xHA","localizado; visionado pendiente"
"JonerFootball","Advice for young players on scoring in the box with ADAM LE FONDRE | Joner Football","https://www.youtube.com/watch?v=j2lXXC5k6bQ","localizado; visionado pendiente"
"JonerFootball","Importance of giving a good demo | Member only | Joner Football","https://www.youtube.com/watch?v=Sfi44c6nHmU","localizado; visionado pendiente"
"JonerFootball","Voice over series | All members | SAQ, 1st touch & Passing","https://www.youtube.com/watch?v=-Z0LNA-TFVw","localizado; visionado pendiente"
"JonerFootball","ENTRENAMIENTO COMPLETO | EJERCICIOS DE FÚTBOL PARA CENTRALES Y DEFENSORES CENTRALES | JONER FOOTBALL","https://www.youtube.com/watch?v=mIr1dPA8U0k","localizado; visionado pendiente"
"JonerFootball","6 TIPS FOR RUNNING A FOOTBALL TRAINING BUSINESS | MEMBERS ONLY","https://www.youtube.com/watch?v=QcAjaIhlebQ","localizado; visionado pendiente"
"JonerFootball","Voice over series | Passing, 1st touch, ball skills & awareness | Joner Football","https://www.youtube.com/watch?v=cBhaFlesTRc","localizado; visionado pendiente"
"JonerFootball","please watch | message for all members","https://www.youtube.com/watch?v=gNTKWzl0Vxw","localizado; visionado pendiente"
"JonerFootball","Voice Over drill | Coach Jules | All members","https://www.youtube.com/watch?v=Uw7fPxsuDS4","localizado; visionado pendiente"
"JonerFootball","IDEAS PARA ENTRENAMIENTOS DE FÚTBOL EN GRUPO | Joner Football","https://www.youtube.com/watch?v=xE_fQGaC4vI","localizado; visionado pendiente"
"JonerFootball","Importance of vision | All members | Joner Football","https://www.youtube.com/watch?v=kKlsL2qgeG0","localizado; visionado pendiente"
"JonerFootball","RAW & Unreleased footage | Pro session | All members","https://www.youtube.com/watch?v=T7co7LOelL0","localizado; visionado pendiente"
"JonerFootball","""You need a lot of work, A little bit of talent & a HUGE amount of luck"" Gael Clichy Part 1 Podcast","https://www.youtube.com/watch?v=cls_6aCiHX4","localizado; visionado pendiente"
"JonerFootball","Great voice over drill for midfielders | Platinum members Only | Joner Football","https://www.youtube.com/watch?v=avOIQBlwrMs","localizado; visionado pendiente"
"JonerFootball","GAEL CLICHY PODCAST | ""Seeing Joner Football reminds me of my time with the Arsenal Invincibles""","https://www.youtube.com/watch?v=AXrKBNlMv4k","localizado; visionado pendiente"
"JonerFootball","Serie de Locución | Todos los miembros","https://www.youtube.com/watch?v=TQrlMUom5vc","localizado; visionado pendiente"
"JonerFootball","Group shooting Drill | All members | Joner Football","https://www.youtube.com/watch?v=MEHSjhw5Cro","localizado; visionado pendiente"
"JonerFootball","Message from Coach Lee | Platinum members | Links to private Live streams","https://www.youtube.com/watch?v=n4AqEra6uKQ","localizado; visionado pendiente"
"JonerFootball","ENTRENAMIENTO EN GRUPO COMPLETO | Entrenador Shane | Fútbol Joner","https://www.youtube.com/watch?v=krmUPX6AaMk","localizado; visionado pendiente"
"JonerFootball","Platinum Members only | unreleased footage | Voice Over","https://www.youtube.com/watch?v=S8cjP2icYHc","localizado; visionado pendiente"
"JonerFootball","Cognitive Training | Ball mastery | Voice over series | Members Only","https://www.youtube.com/watch?v=OdHK-hxeX1w","localizado; visionado pendiente"
"JonerFootball","¡¡¡Qué zurda para un niño de 9 años!!! Joner Football Training","https://www.youtube.com/watch?v=PwDbubnVlbY","localizado; visionado pendiente"
"JonerFootball","Members Only | Conditioning drill | Joner 1on1","https://www.youtube.com/watch?v=_ctiJRO6d1Q","localizado; visionado pendiente"
"JonerFootball","All members | Shooting Drill | Joner 1on1","https://www.youtube.com/watch?v=brwrhbPL7Y4","localizado; visionado pendiente"
"JonerFootball","Platinum members voice over series | 3 drills with progressions | Joner 1on1","https://www.youtube.com/watch?v=1tWg4Ph_-As","localizado; visionado pendiente"
"JonerFootball","Speed and Agility drills | Members Only","https://www.youtube.com/watch?v=vb0ELWHvB4k","localizado; visionado pendiente"
"JonerFootball","12 EJERCICIOS DE CUATRO CONOS PARA HACER EN CASA | ENTRENAMIENTO DURANTE EL CONFINAMIENTO | Fútbo...","https://www.youtube.com/watch?v=2GfJaJqOW7k","localizado; visionado pendiente"
"JonerFootball","Basic Passing Drill I use with my players | Members Only","https://www.youtube.com/watch?v=SSBTIUMZYlU","localizado; visionado pendiente"
"JonerFootball","5 BASIC WAYS TO IMPROVE 1ST TOUCH USING A WALL | TRAIN AT HOME | Joner 1on1 Football Training","https://www.youtube.com/watch?v=h8X-2FS8ibY","localizado; visionado pendiente"
"JonerFootball","Unreleased footage | All members","https://www.youtube.com/watch?v=cAcpiV70-98","localizado; visionado pendiente"
"JonerFootball","Quick message from coach Lee | Members Only","https://www.youtube.com/watch?v=bmw_WvEbJOA","localizado; visionado pendiente"
"JonerFootball","VOICE OVER SERIES | PLATINUM ONLY","https://www.youtube.com/watch?v=cclqoVRh5_M","localizado; visionado pendiente"
"JonerFootball","I COACHED 2 FEMALE PROFESSIONALS & THIS HAPPENED.... Joner Football","https://www.youtube.com/watch?v=rh_KuyMv5Jc","localizado; visionado pendiente"
"JonerFootball","FULL PROFESSIONAL TRAINING SESSION | ALL MEMBERS | JONER 1ON1","https://www.youtube.com/watch?v=QaxQ5UJnMUs","localizado; visionado pendiente"
"JonerFootball","FULL TRAINING SESSION IN ENGLISH & SPANISH FOR CENTRE BACKS | Joner Football","https://www.youtube.com/watch?v=7p2MWtVn0_4","localizado; visionado pendiente"
"JonerFootball","Members Only Content || voice over shooting drill || Platinum","https://www.youtube.com/watch?v=paoG1hKBkfE","localizado; visionado pendiente"
"JonerFootball","Early access to footage | Passing drill | Joner 1on1","https://www.youtube.com/watch?v=52g8uIX3EwA","localizado; visionado pendiente"
"JonerFootball","TEAM TRAINING SESSION | MEMBERS ONLY | JONER FOOTBALL","https://www.youtube.com/watch?v=Q2kCz2Z68MU","localizado; visionado pendiente"
"JonerFootball","MEJORA TU DEFINICIÓN DE GOLEO CON ESTE EJERCICIO | Joner Football","https://www.youtube.com/watch?v=dHSoezEbvhg","localizado; visionado pendiente"
"JonerFootball","Serie de voz en off | Solo para miembros | Ejercicio detallado","https://www.youtube.com/watch?v=ZTBvx56_zKg","localizado; visionado pendiente"
"JonerFootball","ENTRENAMIENTO DE DOS JUGADORAS PROFESIONALES | ENTRENAMIENTO COMPLETO | Chloe Logarzo y McKenzie ...","https://www.youtube.com/watch?v=q6LWlryE8f4","localizado; visionado pendiente"
"JonerFootball","FULL PROFESSIONAL SESSION | ALL MEMBERS | Joner 1on1","https://www.youtube.com/watch?v=s5BmOP-nIQ0","localizado; visionado pendiente"
"JonerFootball","Week 3 Online Training Program | 3 detailed training sessions | 3 detailed Gym sessions | Platinum","https://www.youtube.com/watch?v=XLCcReXadyI","localizado; visionado pendiente"
"JonerFootball","20 LADDER DRILLS | With & Without The Ball | Joner Football","https://www.youtube.com/watch?v=gf5zr92BBvc","localizado; visionado pendiente"
"JonerFootball","Voice over series | Members Only","https://www.youtube.com/watch?v=b5R3NhRtl0k","localizado; visionado pendiente"
"JonerFootball","WANT TO TRAIN WITH US IN USA? WATCH THIS!!","https://www.youtube.com/watch?v=eMMzy5rSd0c","localizado; visionado pendiente"
"JonerFootball","Platinum members only | Coach Jules Drill | Developing 1st touch, passing & awareness","https://www.youtube.com/watch?v=UnMBUu2MN6s","localizado; visionado pendiente"
"JonerFootball","Ejercicio de tiro avanzado (video antiguo) | Solo para miembros","https://www.youtube.com/watch?v=3a6mLL78nXc","localizado; visionado pendiente"
"JonerFootball","BASIC DRILLS TO DO WITH A TRAINING PARTNER | Joner Football","https://www.youtube.com/watch?v=A4yoJK3nLVA","localizado; visionado pendiente"
"JonerFootball","*IMÁGENES DEL JUEGO* | PREMIAMOS A NUESTROS MEJORES JUGADORES CON ESTO...","https://www.youtube.com/watch?v=XCm-mMK10B0","localizado; visionado pendiente"
"JonerFootball","Voice over drill | working with pro female players | Members only","https://www.youtube.com/watch?v=y-o7lbaty1A","localizado; visionado pendiente"
"JonerFootball","DOWNLOAD THE TRAINING TOOLS WE USE || FOR AWARENESS ETC","https://www.youtube.com/watch?v=5YK_W2j8BYE","localizado; visionado pendiente"
"JonerFootball","FULL TRAINING SESSION WITH INCREDIBLE 9 YEAR OLD TALENT SANTI | Joner Football","https://www.youtube.com/watch?v=yfMX3AwiiPI","localizado; visionado pendiente"
"JonerFootball","Platinum members Only | Full session voice over series","https://www.youtube.com/watch?v=_WXNpwQ1bWc","localizado; visionado pendiente"
"JonerFootball","Voice over series | All Joner members | Full video on the Platinum tier","https://www.youtube.com/watch?v=fHppKGc3Vhs","localizado; visionado pendiente"
"JonerFootball","WE BATTLED AGAINST FC ULTRA AND THIS HAPPENED .....👀😳😱","https://www.youtube.com/watch?v=ELnP1eRuvfs","localizado; visionado pendiente"
"JonerFootball","Full video coming soon to members only","https://www.youtube.com/watch?v=I53eMS1Z_ko","localizado; visionado pendiente"
"JonerFootball","A 15YO PLAYER WAS LUCKY ENOUGH TO JOIN THE COACHES TRAINING SESSION & HE DIDN'T DISAPPOINT","https://www.youtube.com/watch?v=yQGnGrz1C38","localizado; visionado pendiente"
"JonerFootball","Platinum members only || Voice over series || Joner 1on1","https://www.youtube.com/watch?v=_ciNhCXo-58","localizado; visionado pendiente"
"JonerFootball","All member announcement | When we will be posting etc | Joner 1on1","https://www.youtube.com/watch?v=WDMfDsnFAqA","localizado; visionado pendiente"
"JonerFootball","Advanced quick feet drills with and without the ball )Voice over) ALL MEMBERS","https://www.youtube.com/watch?v=EZ540PQZUtA","localizado; visionado pendiente"
"JonerFootball","Elite Training Camp | Private & Small Group Sessions | Coaches Seminar | Joner Football","https://www.youtube.com/watch?v=euAv6kBn2-0","localizado; visionado pendiente"
"JonerFootball","GRANDES EJERCICIOS DE ENTRENAMIENTO PARA EXTREMOS Y MEDIOCAMPISTAS OFENSIVOS | Joner Football","https://www.youtube.com/watch?v=XQCCdt7irBk","localizado; visionado pendiente"
"JonerFootball","A MUST SEE FOR ALL FOOTBALLERS | This is why we TRAIN | Joner Football","https://www.youtube.com/watch?v=py-Vjn0-Jes","localizado; visionado pendiente"
"JonerFootball","members only content || Unseen footage","https://www.youtube.com/watch?v=Vy6UC1JMcD8","localizado; visionado pendiente"
"JonerFootball","5 WAYS TO IMPROVE YOUR CONFIDENCE FOR FOOTBALL (soccer) | Joner Football","https://www.youtube.com/watch?v=qC2pLHbQKec","localizado; visionado pendiente"
"JonerFootball","MIS EJERCICIOS DE ENTRENAMIENTO FAVORITOS CON PROFESIONALES | Joner Football","https://www.youtube.com/watch?v=sns2jFcHECU","localizado; visionado pendiente"
"JonerFootball","UNA DE MIS SESIONES DE ENTRENAMIENTO FAVORITAS","https://www.youtube.com/watch?v=hcU8vW4cSBc","localizado; visionado pendiente"
"JonerFootball","One of my first videos on defending. 2011 !! With coaching points | members only","https://www.youtube.com/watch?v=bbMGHtsu-3E","localizado; visionado pendiente"
"JonerFootball","CAN YOU DO THIS? | Soccer Training Exercises To Do On Your Own | NO EQUIPMENT NEEDED | Joner 1on1","https://www.youtube.com/watch?v=DLMKc29zj4E","localizado; visionado pendiente"
"JonerFootball","Desarrollando la atención al recibir pases | Joner Football","https://www.youtube.com/watch?v=9fzfmwRqRd4","localizado; visionado pendiente"
"JonerFootball","Little drill for defenders | Members only extra footage","https://www.youtube.com/watch?v=d6FQsu4rqMM","localizado; visionado pendiente"
"JonerFootball","Loads of Football Training Drills to do with a PARTNER! | Joner Football","https://www.youtube.com/watch?v=SW8oDg_wtX8","localizado; visionado pendiente"
"JonerFootball","FULL Group Training at Joner 1on1 | 4 players | Technical Training Drills | Soccer | Football","https://www.youtube.com/watch?v=OxsxaQ_aWaA","localizado; visionado pendiente"
"JonerFootball","Unreleased footage, 4 players group session. Members Only","https://www.youtube.com/watch?v=WcrELevJFjM","localizado; visionado pendiente"
"JonerFootball","WHAT A START TO 2020 | Ultra Football Training Session | Joner Football","https://www.youtube.com/watch?v=pIaDsfW0z0k","localizado; visionado pendiente"
"JonerFootball","Ladder drills With & without the ball - Members Only (unreleased footage)","https://www.youtube.com/watch?v=YjbM2Nhipuw","localizado; visionado pendiente"
"JonerFootball","Joners Online Training Program Week 2 - Platinum Members Only","https://www.youtube.com/watch?v=7DSEmBxRnbI","localizado; visionado pendiente"
"JonerFootball","Training Drills With Voice Over Coaching Points | Platinum Members Only | Joner Football","https://www.youtube.com/watch?v=zF5FLI5zI9g","localizado; visionado pendiente"
"JonerFootball","Insane Technique / Goals of 2019 || Joner Football","https://www.youtube.com/watch?v=FMJxFZ0N2a8","localizado; visionado pendiente"
"JonerFootball","Top 10 training sessions of 2019","https://www.youtube.com/watch?v=nMa0mmnFuV0","localizado; visionado pendiente"
"JonerFootball","WHAT A YEAR | Best of 2019 | Joner Football","https://www.youtube.com/watch?v=T46cXpbJWWs","localizado; visionado pendiente"
"JonerFootball","Seriously, WHAT A SESSION😳😍🔥⚽️ | Group Training At Joner Football","https://www.youtube.com/watch?v=Jilooz5iaaM","localizado; visionado pendiente"
"JonerFootball","Sesión de entrenamiento completa con PUNTOS CLAVE | Increíble talento joven","https://www.youtube.com/watch?v=qXS2B_3X46A","localizado; visionado pendiente"
"JonerFootball","Compilation Of Dribbling Drills | Platinum Members","https://www.youtube.com/watch?v=4SPe143xEcM","localizado; visionado pendiente"
"JonerFootball","Advanced Passing Drill that focuses on awareness & decision making","https://www.youtube.com/watch?v=aDrsQzDbqQY","localizado; visionado pendiente"
"JonerFootball","1st EVER Tour of the office | ALL Members Only","https://www.youtube.com/watch?v=C1wRymsxNlY","localizado; visionado pendiente"
"JonerFootball","Welcome to MEMBERS ONLY at Joner FOOTBALL | EXCLUSIVE CONTENT","https://www.youtube.com/watch?v=Aaxgyp-KOwQ","localizado; visionado pendiente"
"JonerFootball","Killer passes | Break Lines - Added extra","https://www.youtube.com/watch?v=DsSQmnJJ5hg","localizado; visionado pendiente"
"JonerFootball","Voice Over Series (Advanced shooting drill) - All members","https://www.youtube.com/watch?v=n5buMxfYIPU","localizado; visionado pendiente"
"JonerFootball","Welcome to Joner 1on1 Members Only","https://www.youtube.com/watch?v=mBQpwcwa2WE","localizado; visionado pendiente"
"JonerFootball","Entrenamiento completo solo para defensas ⚽️🔥 | Joner Football","https://www.youtube.com/watch?v=ndaayfTrwCQ","localizado; visionado pendiente"
"JonerFootball","FULL TRAINING SESSION IN CALIFORNIA | Final Part Of Our Trip, Part 5 | Joner Football Training","https://www.youtube.com/watch?v=KbrnyVMWLdQ","localizado; visionado pendiente"
"JonerFootball","Train Like A Pro | 8 Drills That I Love To Use | Joner Football","https://www.youtube.com/watch?v=ArDWL7xU3dk","localizado; visionado pendiente"
"JonerFootball","""Technique above everything"" | GROUP TRAINING | Joner Football","https://www.youtube.com/watch?v=ataLsJczSd4","localizado; visionado pendiente"
"JonerFootball","HOW TO HIT A HALF VOLLEY CONSISTENTLY | Tutorial | Joner Football","https://www.youtube.com/watch?v=RzSAMkvUGFU","localizado; visionado pendiente"
"JonerFootball","WHAT I REALLY THINK OF THE NIKE BOOTS | Phantom Visions | VNM's & Mercurial review | Joner 1on1","https://www.youtube.com/watch?v=7ORemHdF-VQ","localizado; visionado pendiente"
"JonerFootball","Liverpool FC vs Man City | 3-1 | TACTICAL ANALYSIS | Episode 1 | Joner Football","https://www.youtube.com/watch?v=qmemA1ggShU","localizado; visionado pendiente"
"JonerFootball","MEJORA TU TÉCNICA DE PASE | Entrenamiento para Entrenadores | Fútbol Joner","https://www.youtube.com/watch?v=iO5vlmYPl2E","localizado; visionado pendiente"
"JonerFootball","ONE OF THE BEST YOUNG TALENTS IN AUSTRALIA | Full Session | Joner Football","https://www.youtube.com/watch?v=zkq56wMaMCg","localizado; visionado pendiente"
"JonerFootball","Loads of Football Training Drills for Passing & 1st Touch | Joner Football","https://www.youtube.com/watch?v=QhHqp4pleXU","localizado; visionado pendiente"
"JonerFootball","LOADS OF SOCCER TRAINING DRILLS | COACHES TRAINING SESSION | Joner Football","https://www.youtube.com/watch?v=LtvfiKoUU0c","localizado; visionado pendiente"
"JonerFootball","4 WAYS TO SCORE FROM A CROSS | Joner 1on1 Football Training | Coaching","https://www.youtube.com/watch?v=6QxMxvHxZEo","localizado; visionado pendiente"
"JonerFootball","Training in FOG | INSANE SOCCER COACHING | Joner Football","https://www.youtube.com/watch?v=JmwBVsec0ak","localizado; visionado pendiente"
"JonerFootball","TOP 10 Joner 1on1 Videos | 100K SUBS SPECIAL","https://www.youtube.com/watch?v=MOMpxb5BlPc","localizado; visionado pendiente"
"JonerFootball","Dos jóvenes talentosos | Muchos ejercicios de fútbol | Entrenamiento completo | Joner 1 contra 1","https://www.youtube.com/watch?v=dgrU2ocBjJg","localizado; visionado pendiente"
"JonerFootball","EXCLUSIVE ACCESS to the UFC Performance Institute  | Las Vegas | Joner 1on1","https://www.youtube.com/watch?v=9BKUJcf5YNE","localizado; visionado pendiente"
"JonerFootball","CAN YOU BEAT OUR SCORE⁉️😂 | Hilarious Joner Football Skills Challenge😂","https://www.youtube.com/watch?v=uo7PAQid1-o","localizado; visionado pendiente"
"JonerFootball","SESIÓN DE ENTRENAMIENTO COMPLETO ESPECÍFICA DE DEFENSA | Joner Football | Fútbol | Fútbol","https://www.youtube.com/watch?v=gKh3UwzVuYA","localizado; visionado pendiente"
"JonerFootball","HOW TO TAKE CORNER KICKS | Joner Football","https://www.youtube.com/watch?v=Cyba60f7syc","localizado; visionado pendiente"
"JonerFootball","JÓVENES BALONMANOS | Entrenamiento en grupo en Ultra Football | Un montón de ideas de entrenamien...","https://www.youtube.com/watch?v=aOa0_xjoCfM","localizado; visionado pendiente"
"JonerFootball","NEYMAR JNR'S NEW BOOT REVIEW | Vapor 13 Elite Chrome Red / Black | Joner Football","https://www.youtube.com/watch?v=1KVKvVlPxIs","localizado; visionado pendiente"
"JonerFootball","¡Esto fue increíble! 🙏🏻⚽️ | Entrenamientos privados de fútbol en California | Joner Football","https://www.youtube.com/watch?v=ooHXr0A9lP8","localizado; visionado pendiente"
"JonerFootball","Loads Of Soccer Training Ideas | Improve 1st touch & Passing | Joner Football","https://www.youtube.com/watch?v=UIwRLIXCc_o","localizado; visionado pendiente"
"JonerFootball","If this doesn't make you want to train then I don't know what will | Joner Football","https://www.youtube.com/watch?v=ERYOgPoi5Ig","localizado; visionado pendiente"
"JonerFootball","⚽️🌍WORLD RECOGNISED JONER FOOTBALL ELITE TRAINING CAMPS⚽️🔥","https://www.youtube.com/watch?v=g9YeDDkZkh4","localizado; visionado pendiente"
"JonerFootball","Full Training Session (RAW) For a Centre Back & Midfielder | Joner Football","https://www.youtube.com/watch?v=_SNOy_rv7UA","localizado; visionado pendiente"
"JonerFootball","Joner vs Estudiantes | Desafío de tiro con portero | ¿Quién gana? | Joner Football","https://www.youtube.com/watch?v=DsWT7X1ekN4","localizado; visionado pendiente"
"JonerFootball","❌HA VUELTO❌ ⚽️ 10 AÑOS | Entrenamiento de alta intensidad | Fútbol Joner","https://www.youtube.com/watch?v=6VpGMqmmvzc","localizado; visionado pendiente"
"JonerFootball","California Part 4 | ONE OF THE BEST PLACES WE HAVE COACHED | Joners V Logs","https://www.youtube.com/watch?v=t_iL3MAv8lk","localizado; visionado pendiente"
"JonerFootball","Cómo mejorar la precisión en los pases | Ejercicios de pase y primer toque | Joner Football","https://www.youtube.com/watch?v=ZEAlkFIzVQc","localizado; visionado pendiente"
"JonerFootball","EJERCICIO de posesión | SESIÓN DE ENTRENAMIENTO COMPLETA con el grupo joven | Joner Football","https://www.youtube.com/watch?v=CFfMw472pNM","localizado; visionado pendiente"
"JonerFootball","Central Attacking Midfielder (CAM) Drill | Joner Football","https://www.youtube.com/watch?v=8oNzMNa74PA","localizado; visionado pendiente"
"JonerFootball","⚽️🧠Improve Awareness & decision making drill🧠 | Joner 1on1 Football Training","https://www.youtube.com/watch?v=Q_I-72wzDws","localizado; visionado pendiente"
"JonerFootball","⚽️VOLLEY CHALLENGE⚽️ Joner Football","https://www.youtube.com/watch?v=wR0zHM6hEjQ","localizado; visionado pendiente"
"JonerFootball","Recopilación de los mejores EJERCICIOS DE ENTRENAMIENTO con Sheldon Tweedie | Entrenamiento de fú...","https://www.youtube.com/watch?v=eISQPRuh27s","localizado; visionado pendiente"
"JonerFootball","THE DIFFERENCE BETWEEN AMATEUR & PROFESSIONAL PLAYERS - Training with Sebastian Pasquali from Ajax!","https://www.youtube.com/watch?v=SGYBsfAVoyw","localizado; visionado pendiente"
"JonerFootball","SOCCER SHOOTING DRILLS - Joner 1on1 Football Training","https://www.youtube.com/watch?v=E5enqLuxkHQ","localizado; visionado pendiente"
"JonerFootball","2 FULL Professional Training Sessions - Brendan Hamill | Joner 1on1 Football Training","https://www.youtube.com/watch?v=4TvBoGcc2Yw","localizado; visionado pendiente"
"JonerFootball","Increíbles ejercicios de entrenamiento de fútbol con Joner Football 🔥⚽️⚽️","https://www.youtube.com/watch?v=OCFG2rEhJUQ","localizado; visionado pendiente"
"JonerFootball","10 MANERAS DE ENTRENAR POR TU CUENTA USANDO UNA PARED | Entrenamiento de Fútbol Individual Joner","https://www.youtube.com/watch?v=apTXJquY4RE","localizado; visionado pendiente"
"JonerFootball","ENTRENAMIENTO EN GRUPO en Elite Football Centre | Joner 1on1 | Clases particulares","https://www.youtube.com/watch?v=1dnsag-qN-k","localizado; visionado pendiente"
"JonerFootball","❗️🆘Announcement🆘❗️ Sydney | Melbourne | Miami | California LET'S GO!!!!","https://www.youtube.com/watch?v=kskAltaV0dg","localizado; visionado pendiente"
"JonerFootball","JONER MEGS LISA FREESTYLE | Day 1 of The Elite Camp | California 2019 | Part 3/5","https://www.youtube.com/watch?v=-ixU0BP9qkU","localizado; visionado pendiente"
"JonerFootball","10 maneras de mejorar el regate‼️⚽️ ¿Puedes hacerlas todas? | Entrenamiento de Fútbol Individual ...","https://www.youtube.com/watch?v=QuSJNer4pt8","localizado; visionado pendiente"
"JonerFootball","BEST OF INSTAGRAM | Joner 1on1 Football Training","https://www.youtube.com/watch?v=KM5QUYhJJrk","localizado; visionado pendiente"
"JonerFootball","Cómo defender centros | Joner 1on1 Football Training","https://www.youtube.com/watch?v=P7OUnmOviiA","localizado; visionado pendiente"
"JonerFootball","LAFC VIP ACCESS | CALIFORNIA PART 2 | Joner 1on1 Football Training on Tour 2019","https://www.youtube.com/watch?v=NKWc5u2BIVU","localizado; visionado pendiente"
"JonerFootball","GoPro | FULL PRIVATE FOOTBALL TRAINING | California 2019 | The best footage yet | Joner 1on1","https://www.youtube.com/watch?v=_rYPb2J5dYw","localizado; visionado pendiente"
"JonerFootball","California 2019 | Part 1/5 | Joner 1on1 on tour","https://www.youtube.com/watch?v=H4XLQ0Ymyfs","localizado; visionado pendiente"
"JonerFootball","FULL TRAINING SESSION with FNSW female star & Coach Jules | Passing Drills | Joner 1on1","https://www.youtube.com/watch?v=OlZUF8qUGgo","localizado; visionado pendiente"
"JonerFootball","Football / Soccer Drills |  BEST OF MARCH 2019 | Joner 1on1 Football Training","https://www.youtube.com/watch?v=tpNJPPQNLIM","localizado; visionado pendiente"
"JonerFootball","Professional 1on1 Training With International Star Chloe Logarzo | Joner 1on1","https://www.youtube.com/watch?v=C6pfpkptkt8","localizado; visionado pendiente"
"JonerFootball","DRONE SOCCER Combination Drills | 9, 10, 7 & 11 | Joner 1on1 Football Training","https://www.youtube.com/watch?v=xVc3zIuJS1U","localizado; visionado pendiente"
"JonerFootball","TAYE TRAVELS 4 HOURS TO TRAIN WITH US! FULL training session with Coach Shano | Joner 1on1","https://www.youtube.com/watch?v=bW1dNbTfjTA","localizado; visionado pendiente"
"JonerFootball","IMPORTANCE OF SCANNING👀 | GAME ANALYSIS | Joner 1on1 Football Training","https://www.youtube.com/watch?v=QKWu7Rh896o","localizado; visionado pendiente"
"JonerFootball","Every player & coach NEEDS this‼️ | Champ Tracker | Joner 1on1 Football Training","https://www.youtube.com/watch?v=OEa2jYDcElw","localizado; visionado pendiente"
"JonerFootball","BEST DRILLS | TEKKERS | SESSIONS OF FEB 2019 | Joner 1on1 Football Training","https://www.youtube.com/watch?v=iBUKFOjoePw","localizado; visionado pendiente"
"JonerFootball","MELBOURNE DOCUMENTARY | A Full Insight Into Joner 1on1","https://www.youtube.com/watch?v=UyYwMF31qpE","localizado; visionado pendiente"
"JonerFootball","Training a Young Cristian Volpato | Joner Football","https://www.youtube.com/watch?v=fgP1szQv2jw","localizado; visionado pendiente"
"JonerFootball","Passing & Finishing Combinations | Joner Football Training | Soccer","https://www.youtube.com/watch?v=Vxo7MH9cpe4","localizado; visionado pendiente"
"JonerFootball","3 formas de mejorar el primer toque y el peso del pase | Joner Football","https://www.youtube.com/watch?v=7Ak7yNXCAPE","localizado; visionado pendiente"
"JonerFootball","Joner v Shano FREE KICK BATTLE | Joner 1on1","https://www.youtube.com/watch?v=CvXWWr_wcAE","localizado; visionado pendiente"
"JonerFootball","ENTRENAMIENTO PARA NIKE FOOTBALL | Equipo del año de la NPL1 | Joner 1 contra 1","https://www.youtube.com/watch?v=Z6WfOgbNv8Y","localizado; visionado pendiente"
"JonerFootball","⚠️INSANE START TO 2019⚠️Best sessions / Drills / Tekkers of January 2019 | Joner 1on1","https://www.youtube.com/watch?v=zHeccmupxc4","localizado; visionado pendiente"
"JonerFootball","⚽️❗️CALIFORNIA WE ARE COMING❗️⚽️ Joner 1on1","https://www.youtube.com/watch?v=TE10Gdj0EWo","localizado; visionado pendiente"
"JonerFootball","TOP 10 TRAINING SESSIONS / DRILLS OF 2018 | Joner 1on1","https://www.youtube.com/watch?v=YgK7hsejhT8","localizado; visionado pendiente"
"JonerFootball","LOS MEJORES EJERCICIOS / ENTRENAMIENTOS DE FÚTBOL DE 2018 | Joner 1on1 Football Training","https://www.youtube.com/watch?v=Qe6DrjwTWTw","localizado; visionado pendiente"
"JonerFootball","Entrenamiento grupal completo para jóvenes | 4 jugadores, 2 entrenadores | Joner 1 contra 1","https://www.youtube.com/watch?v=BjGMdSPjYso","localizado; visionado pendiente"
"JonerFootball","Why we do what we do | Joner 1on1 Football Training | FIFA 19 SHOOT","https://www.youtube.com/watch?v=gWrVAJ2-SGo","localizado; visionado pendiente"
"JonerFootball","⚠️BEST SESSIONS FROM OCTOBER⚠️ | Joner 1on1 Football Training","https://www.youtube.com/watch?v=izRFBegdd5k","localizado; visionado pendiente"
"JonerFootball","15 REBOUNDER DRILLS FOR FOOTBALL | SOCCER | Joner 1on1 Football Training","https://www.youtube.com/watch?v=v9vR9zUD8zI","localizado; visionado pendiente"
"JonerFootball","HOW TO DEAL WITH PLAYING UNDER PRESSURE | Joner 1on1","https://www.youtube.com/watch?v=rI_8mZ8me0c","localizado; visionado pendiente"
"JonerFootball","SESIÓN PROFESIONAL COMPLETA 1vs1⚽️🔥 | Ideas de entrenamiento | Joner 1on1 Football Training","https://www.youtube.com/watch?v=q0KCXW5-8pU","localizado; visionado pendiente"
"JonerFootball","⚽️Elite Football Training Camp⚽️ | Sydney | Joner 1on1 Football Training","https://www.youtube.com/watch?v=RasYc7w4g28","localizado; visionado pendiente"
"JonerFootball","⚠️THE MOST VIRAL VIDEOS @ JONER 1ON1⚠️ | 50K GIVEAWAY","https://www.youtube.com/watch?v=CWjzvgusCdY","localizado; visionado pendiente"
"JonerFootball","JONER 1ON1 IS COMIN TO _________ NEXT⁉️⁉️","https://www.youtube.com/watch?v=tvlzvzzIZ9s","localizado; visionado pendiente"
"JonerFootball","PLAYR Smart Coach | FULL TRAINING SESSION (COACHES) | SOCCER DRILLS | Joner 1on1","https://www.youtube.com/watch?v=oOOwE3pAgm8","localizado; visionado pendiente"
"JonerFootball","BEST TRAINING SESSIONS FROM SEPTEMBER | Joner 1on1 Football Training | Drills | Soccer","https://www.youtube.com/watch?v=OvFlUz6NrmU","localizado; visionado pendiente"
"JonerFootball","MESSI, RONALDO, NEYMAR, ROONEY, MODRIC | Pro Players doing Individual training | Joner 1on1","https://www.youtube.com/watch?v=n1O_f6IKR1M","localizado; visionado pendiente"
"JonerFootball","COACHES TRAINING SESSION | Loads Of Different Drills | Lee, Shane & Jules | Joner 1on1","https://www.youtube.com/watch?v=EldSaBcTOOM","localizado; visionado pendiente"
"JonerFootball","FULL PRO FOOTBALL SESSION | England League 2 | Jim Oates | Joner 1on1","https://www.youtube.com/watch?v=F-6rvqlSVWQ","localizado; visionado pendiente"
"JonerFootball","‼️¡8 AÑOS!‼️ | SESIÓN COMPLETA | VOLÓ DESDE HONG KONG PARA ENTRENAR CON JONER FOOTBALL ⚽️","https://www.youtube.com/watch?v=6gjXwsPbaiE","localizado; visionado pendiente"
"JonerFootball","NIKE FOOTBALL TRAINING SESSION | Joner 1on1 | Melbourne","https://www.youtube.com/watch?v=VcWNfv1F-e4","localizado; visionado pendiente"
"JonerFootball","Recopilación de ejercicios de fútbol | Entrenamiento de fútbol individual de Joner","https://www.youtube.com/watch?v=iuRnBpic1QM","localizado; visionado pendiente"
"JonerFootball","TUTORIAL PARA UN FLICK Y VOLEA DE LOCURA | Joner 1on1","https://www.youtube.com/watch?v=Z05D1bZKUms","localizado; visionado pendiente"
"JonerFootball","INCREÍBLE EJERCICIO DE CONCIENCIA FUTBOLÍSTICA | Sesión de Rayan, parte 2 | Joner 1 contra 1","https://www.youtube.com/watch?v=7Fuc-vysEGQ","localizado; visionado pendiente"
"JonerFootball","Ejercicios de fútbol con Joner 1 contra 1 | Primer toque | Habilidad | Conciencia | Ejercicios de...","https://www.youtube.com/watch?v=5l6h6TtTEa8","localizado; visionado pendiente"
"JonerFootball","Entrenamiento de fútbol técnico 1 contra 1 | SESIÓN COMPLETA | Joner Football","https://www.youtube.com/watch?v=6HWvtbn5fwc","localizado; visionado pendiente"
"JonerFootball","Sesión de fútbol COMPLETA de Beckham de 9 años | Atleta de Nike | Joner Football","https://www.youtube.com/watch?v=qqxBLcppjrI","localizado; visionado pendiente"
"JonerFootball","'@Joner1on1FootballTraining | Tekkers | Football | Soccer | Coaching","https://www.youtube.com/watch?v=RBNJ2leRQys","localizado; visionado pendiente"
"JonerFootball","SESIÓN COMPLETA DE ENTRENAMIENTO DE FÚTBOL | Joner Football | #1","https://www.youtube.com/watch?v=hMsXklSOok0","localizado; visionado pendiente"
"JonerFootball","PASSING DRILLS | Joner Football","https://www.youtube.com/watch?v=VGTrzACxfdQ","localizado; visionado pendiente"
"JonerFootball","PRO SESSION | Soccer Training for Centre Back | Joner Football | Ryan Blumberg","https://www.youtube.com/watch?v=7Kq0Tei0oIE","localizado; visionado pendiente"
"JonerFootball","Soccer Training Ideas | Joner Football | Coach Jules","https://www.youtube.com/watch?v=t9TikfF26qM","localizado; visionado pendiente"
"JonerFootball","WOW‼️CAN YOU DO THIS?😱 | JONER FOOTBALL | Soccer | Football","https://www.youtube.com/watch?v=1jnzhCbNLzo","localizado; visionado pendiente"
"JonerFootball","CÓMO HACER PING | EPISODIO 3 | El ""CÓMO"" de Joner | Consejos de fútbol","https://www.youtube.com/watch?v=czBQ0dIlAnY","localizado; visionado pendiente"
"JonerFootball","COMPILATION OF SOCCER DRILLS | Joner 1on1","https://www.youtube.com/watch?v=vaRFhy2DH4A","localizado; visionado pendiente"
"JonerFootball","PRIMER TOQUE Y EJERCICIO DE FINALIZACIÓN CON PORTEROS EN PAREJAS | Joner 1 contra 1","https://www.youtube.com/watch?v=zF1pQ6CDtjM","localizado; visionado pendiente"
"JonerFootball","SOLO TRAINING | Joner 1on1 | POWAPASS  | SOCCER DRILLS","https://www.youtube.com/watch?v=4hfR6M7wvMs","localizado; visionado pendiente"
"JonerFootball","WESTFIELD MATILDA Alanna Kennedy Free Kicks | Joner 1on1","https://www.youtube.com/watch?v=pGlBzEaJmjc","localizado; visionado pendiente"
"JonerFootball","SOCCER DRILL | 1ST TOUCH | BODY POSITION | AWARENESS | PASSING & DRIBBLING | Joner 1on1","https://www.youtube.com/watch?v=NXfc8bqNQ_4","localizado; visionado pendiente"
"JonerFootball","ANNOUNCEMENT","https://www.youtube.com/watch?v=W6l_J7pwxh8","localizado; visionado pendiente"
"JonerFootball","Soccer Training like NEVER seen before | Best of PowaPass | Joner 1on1 Football","https://www.youtube.com/watch?v=jS54Mk1OZ9g","localizado; visionado pendiente"
"JonerFootball","DRIBBLING DRILLS | Running with the ball | Soccer | Football | Joner 1on1","https://www.youtube.com/watch?v=3uPWKu05UJQ","localizado; visionado pendiente"
"JonerFootball","FULL SESSION | Soccer Football Drills | Joner 1on1","https://www.youtube.com/watch?v=OI4rT0pi3W0","localizado; visionado pendiente"
"JonerFootball","Soccer Training Ideas FULL SESSION **OLD** | Joner 1on1","https://www.youtube.com/watch?v=xffCqzF6KGI","localizado; visionado pendiente"
"JonerFootball","IMPOSSIBLE football (soccer) DRILL | Try this | Joner 1on1","https://www.youtube.com/watch?v=-8eDMKHNoPI","localizado; visionado pendiente"
"JonerFootball","Cómo rematar con precisión | El tutorial de Joners, EPISODIO 2 | Joner 1 contra 1","https://www.youtube.com/watch?v=YG-tvjNBFgU","localizado; visionado pendiente"
"JonerFootball","Entrenamiento completo de fútbol con dos profesionales femeninas | Joner 1 contra 1","https://www.youtube.com/watch?v=Oa-nuf4WghI","localizado; visionado pendiente"
"JonerFootball","4 players | Passing | 1st Touch | Combinations | Awareness DRILL | Joner 1on1","https://www.youtube.com/watch?v=z0VvG6HqZ8o","localizado; visionado pendiente"
"JonerFootball","Joner 1on1 Online Training Program | Soccer specific","https://www.youtube.com/watch?v=H1eqDqwaFrE","localizado; visionado pendiente"
"JonerFootball","""Tienes que amarlo"" - Entrevista completa de Alanna Kennedy | Entrenamiento de fútbol individual ...","https://www.youtube.com/watch?v=7Yj3xA3NJ2U","localizado; visionado pendiente"
"JonerFootball","Joners ""CÓMO HACERLO"" Episodio 1 - GOLPE LIMPIO Y MÁS POTENCIA | Recreación de Gerrard | Fútbol |...","https://www.youtube.com/watch?v=UXRa4HKUmdY","localizado; visionado pendiente"
"JonerFootball","Soccer Drills with Joner 1on1 & SKLZ | Tekkers | Goals | Training Drills","https://www.youtube.com/watch?v=K4xzZ3YCiw4","localizado; visionado pendiente"
"JonerFootball","Passing, 1st touch, FINISHING & awareness Soccer DRILL | Joner 1on1","https://www.youtube.com/watch?v=BMM8NaqbybM","localizado; visionado pendiente"
"JonerFootball","Ejercicios de defensa | Sesión profesional | Fútbol | Lateral derecho | 2 | Joner 1 contra 1","https://www.youtube.com/watch?v=kjoJOLXonEo","localizado; visionado pendiente"
"JonerFootball","SHOOTING DRILLS using the PowaPass | Joner 1on1 Football Training","https://www.youtube.com/watch?v=JH8ecHAGCRQ","localizado; visionado pendiente"
"JonerFootball","Ejercicios de fútbol para pases | CONCIENCIA | Primer toque | Pies rápidos y ritmo de movimiento ...","https://www.youtube.com/watch?v=uW_xPvhW8K0","localizado; visionado pendiente"
"JonerFootball","Joner 1on1 v Alanna Kennedy | HEAD TENNIS | Who takes it? | The Matildas","https://www.youtube.com/watch?v=n5InpdeTEx4","localizado; visionado pendiente"
"JonerFootball","Joner 1on1 in MELBOURNE!","https://www.youtube.com/watch?v=qaBvkXt_drI","localizado; visionado pendiente"
"JonerFootball","BOOT REVIEW - Mizuno Morelia NEO II | 1st touch | passing | FINISHING | Joner 1on1","https://www.youtube.com/watch?v=3OvtI95c2IY","localizado; visionado pendiente"
"JonerFootball","Coaching 1v1's Attacking v Defending | 4 goals | 4 players | Joner 1on1 Football Training","https://www.youtube.com/watch?v=K5Iv3XsutF0","localizado; visionado pendiente"
"JonerFootball","4 ball passing, 1st touch & awareness DRILL using the PowaPass | Joner 1on1","https://www.youtube.com/watch?v=p0-QgInteuA","localizado; visionado pendiente"
"JonerFootball","TUTORIAL COMPLETO DE TIROS LIBRES | Joner 1on1","https://www.youtube.com/watch?v=Xj4BoDY2Yjg","localizado; visionado pendiente"
"JonerFootball","Joner 1on1 Elite Training Camp 2 | Sydney | Australia","https://www.youtube.com/watch?v=YShh3xkC1_A","localizado; visionado pendiente"
"JonerFootball","Free kick challenge | Left footers v Right footers! | Joner 1on1","https://www.youtube.com/watch?v=D6Tcqk5lJso","localizado; visionado pendiente"
"JonerFootball","MUST WATCH!! Louis Suarez incredible movement |m Joner 1on1","https://www.youtube.com/watch?v=UNTqZjIyheE","localizado; visionado pendiente"
"JonerFootball","Ejercicio de pase, visión de juego y primer toque en Facebook LIVE | Joner 1on1","https://www.youtube.com/watch?v=S1dvkejquSM","localizado; visionado pendiente"
"JonerFootball","DIFFICULT Ball Mastery | 4 NEW skills | Joner 1on1","https://www.youtube.com/watch?v=n73uNAo8wnY","localizado; visionado pendiente"
"JonerFootball","MUST WATCH! How to create space featuring Kevin De Bruyne | Joner 1on1","https://www.youtube.com/watch?v=Ch6l7N0Epeg","localizado; visionado pendiente"
"JonerFootball","4 player Passing & 1st touch combos | Joner 1on1","https://www.youtube.com/watch?v=5bD4LfYIWfU","localizado; visionado pendiente"
"JonerFootball","Los mejores ejercicios de fútbol de 2017 | Joner Football","https://www.youtube.com/watch?v=2R8FYEb5HX0","localizado; visionado pendiente"
"JonerFootball","Shooting drill | Individual Soccer Training | Joner 1on1","https://www.youtube.com/watch?v=k3fzvVTYq6U","localizado; visionado pendiente"
"JonerFootball","Incredible 2on1 Soccer Training | Skills | Passing Combos | FULL SESSION | Joner 1on1","https://www.youtube.com/watch?v=CWE_MjNFB98","localizado; visionado pendiente"
"JonerFootball","FOOTBALL training drills | Joner 1on1 Football Training","https://www.youtube.com/watch?v=F6lleovJh8k","localizado; visionado pendiente"
"JonerFootball","FULL PRO SESSION with international baller Chloe Logarzo | Joner 1on1 Football Training","https://www.youtube.com/watch?v=ZjLZtNPwxsU","localizado; visionado pendiente"
"JonerFootball","How to beat the offside trap | Game analysis | Soccer | Joner 1on1","https://www.youtube.com/watch?v=rHzNVEIvBgY","localizado; visionado pendiente"
"JonerFootball","FULL soccer training session with young baller Aidyn | Joner 1on1 football training | Drills","https://www.youtube.com/watch?v=Ks4A5JRtan0","localizado; visionado pendiente"
"JonerFootball","FULL training session with PREMIER LEAGUE youngster Alex Robertson | Joner 1on1 Football Training","https://www.youtube.com/watch?v=jF0xLwol3zY","localizado; visionado pendiente"
"JonerFootball","Passing Combo | 1st touch | Dribbling | Joner 1on1 | Soccer Drills","https://www.youtube.com/watch?v=lxkgugeOkOM","localizado; visionado pendiente"
"JonerFootball","Tutorial de ZIDANE | Aprende el REVERSE SHOT | Joner 1on1 Football Training","https://www.youtube.com/watch?v=7v6u15heYuY","localizado; visionado pendiente"
"JonerFootball","SESIÓN COMPLETA | Muchos ejercicios de fútbol diferentes | Joner Football","https://www.youtube.com/watch?v=MB27cIRGNTI","localizado; visionado pendiente"
"JonerFootball","Improve your 1st touch with this simple drill | Joner 1on1 | Soccer","https://www.youtube.com/watch?v=8KOibI_ofX8","localizado; visionado pendiente"
"JonerFootball","Passing & Shooting combos 2 | Soccer | Joner 1on1","https://www.youtube.com/watch?v=F0LozYcSohk","localizado; visionado pendiente"
"JonerFootball","INSANE BEACH SOCCER TRAINING‼️⚽️🏖 | Joner 1on1","https://www.youtube.com/watch?v=vKLZh1fbCYE","localizado; visionado pendiente"
"JonerFootball","Hilarious Goal Keeper session😂🤣 | Lee & Shane Tekkers Tuesdays | Joner 1on1","https://www.youtube.com/watch?v=hQNkitwsGsw","localizado; visionado pendiente"
"JonerFootball","FULL training session | Speed & agility | 1st touch & passing | Shooting | Joner 1on1","https://www.youtube.com/watch?v=xJnlszi-E8k","localizado; visionado pendiente"
"JonerFootball","Best shooting drill in football | Soccer | 1st touch & finish with Goal Keeper | Joner 1on1","https://www.youtube.com/watch?v=zwc0GplYTvU","localizado; visionado pendiente"
"JonerFootball","Joner 1on1 Elite camp | Unique Football training camp for ballers only","https://www.youtube.com/watch?v=hw0j55L_ltQ","localizado; visionado pendiente"
"JonerFootball","Improve your 1st touch with this Soccer Drill | Awareness | brain training | Joner 1on1","https://www.youtube.com/watch?v=zOlQJuP9pV4","localizado; visionado pendiente"
"JonerFootball","A Joner 1on1 Training Day with all coaches⚽️ | Goal keeper drills | Soccer Drills | Football","https://www.youtube.com/watch?v=GSalxizqSGY","localizado; visionado pendiente"
"JonerFootball","⚽️Ejercicios de tiro⚽️ | Diferentes combinaciones con porteros | Fútbol | Fútbol americano | Jone...","https://www.youtube.com/watch?v=-XSA8-Ul2SU","localizado; visionado pendiente"
"JonerFootball","Beach training drills | Soccer | Speed & Agility | Joner 1on1 Football","https://www.youtube.com/watch?v=Eq28C8V2bSI","localizado; visionado pendiente"
"JonerFootball","PRO SESSION IN 4K | INTERNATIONAL player Georgia YD | Joner 1on1","https://www.youtube.com/watch?v=e2iNarfscqI","localizado; visionado pendiente"
"JonerFootball","Dink challenge | Goal Keeper challenge | Joner 1on1 | Tekkers Tuesdays","https://www.youtube.com/watch?v=xLdgc_adpmI","localizado; visionado pendiente"
"JonerFootball","TEKKERS TUESDAYS | Shooting challenge | Joner 1on1","https://www.youtube.com/watch?v=_TSED1Oehp0","localizado; visionado pendiente"
"JonerFootball","FULL training session | Head coach Lee Joner Jones & Jordy Bazz | Joner 1on1","https://www.youtube.com/watch?v=s6iT7j-TXMw","localizado; visionado pendiente"
"JonerFootball","4 jugadores | 2 entrenadores | Pases | Primer toque | Regate | Conciencia | Ejercicios de fútbol ...","https://www.youtube.com/watch?v=MuOp_wM6zYI","localizado; visionado pendiente"
"JonerFootball","Máxima velocidad y agilidad | 2 entrenadores | 4 jugadores - Joner 1 contra 1","https://www.youtube.com/watch?v=Pdikv22PyQ0","localizado; visionado pendiente"
"JonerFootball","Individual Football Training | Joner 1on1","https://www.youtube.com/watch?v=LRkJ6uMlRQk","localizado; visionado pendiente"
"JonerFootball","ENTRENAMIENTO de pase, primer toque y percepción | Joner 1on1 | Fútbol | Soccer","https://www.youtube.com/watch?v=0H1lqwe_2Yg","localizado; visionado pendiente"
"JonerFootball","Compilation of all sessions in PERTH | Joner 1on1","https://www.youtube.com/watch?v=C38142_LNpg","localizado; visionado pendiente"
"JonerFootball","You won't believe this | Soccer | Shooting | Tekkers - Joner 1on1","https://www.youtube.com/watch?v=M2j2Rj6iAUA","localizado; visionado pendiente"
"JonerFootball","INTENSE Soccer Training | Joner 1on1 | Number 1 Private Training in Australia","https://www.youtube.com/watch?v=Xse55Od7N8o","localizado; visionado pendiente"
"JonerFootball","Training in the UK | Philly Lloyd | Elite session | Joner 1on1","https://www.youtube.com/watch?v=08Q4lsyMxzQ","localizado; visionado pendiente"
"JonerFootball","They make it look EASY | PRO session | Joner 1on1","https://www.youtube.com/watch?v=bn9Xm9tf6aI","localizado; visionado pendiente"
"JonerFootball","1 Ball | 1 Cone | INSANE SKILLS!! | Joner 1on1","https://www.youtube.com/watch?v=z7QsKr85nmA","localizado; visionado pendiente"
"JonerFootball","Soccer drills with the apprentice Jordy Bazza | Joner 1on1","https://www.youtube.com/watch?v=c9obTXlwL9s","localizado; visionado pendiente"
"JonerFootball","""I've failed over and over and over again in my life, and that is why I succeed"" - Michael Jordan","https://www.youtube.com/watch?v=9D_1gGIq6Gs","localizado; visionado pendiente"
"JonerFootball","Fitness & SAQ session with coaching detail | Joner 1on1","https://www.youtube.com/watch?v=DTpa0otJg0Y","localizado; visionado pendiente"
"JonerFootball","Dribbling | Awareness | Reactions | Skill | Head up - Jones 1on1","https://www.youtube.com/watch?v=-MR_hncA8Jw","localizado; visionado pendiente"
"JonerFootball","Learn this Sadio Mane Finish - Joner 1on1","https://www.youtube.com/watch?v=5SwhtsSoVbg","localizado; visionado pendiente"
"JonerFootball","RECOPILACIÓN de Remy Siemsen: La estrella emergente de Sídney - Joven Matilda - Joner 1 a 1","https://www.youtube.com/watch?v=hsWskEHi6_E","localizado; visionado pendiente"
"JonerFootball","Passing combinations in 3's using a box - Joner 1on1","https://www.youtube.com/watch?v=VPuuMkCzVL0","localizado; visionado pendiente"
"JonerFootball","Learn the Daniel Sturridge skill (Tutorial) - FAKE PASS - Joner 1on1","https://www.youtube.com/watch?v=dyHfSO_zhn8","localizado; visionado pendiente"
"JonerFootball","2 coaches / 4 players / 1 GK / AMAZING shooting drill - Joner 1on1","https://www.youtube.com/watch?v=S_vi257ytnQ","localizado; visionado pendiente"
"JonerFootball","Full speed and agility drills with Pro players - Joner 1on1","https://www.youtube.com/watch?v=wrG199iU9-0","localizado; visionado pendiente"
"JonerFootball","¡Aprende el pase de Paul Pogba! Tutorial de golpeo de balón - Joner 1on1","https://www.youtube.com/watch?v=2MTko6qscy8","localizado; visionado pendiente"
"JonerFootball","Charlton Athletic Professional Ryan Blumberg - Full video coming soon!","https://www.youtube.com/watch?v=X7fZzyvnnfw","localizado; visionado pendiente"
"JonerFootball","Compilation of some of the best sessions - WE ARE JONER 1on1","https://www.youtube.com/watch?v=XYVqWB4bbuo","localizado; visionado pendiente"
"JonerFootball","The most intense soccer session with Pro players Emilio Martinez & Josh De Silva - Joner 1on1","https://www.youtube.com/watch?v=gW3-i5BeDGo","localizado; visionado pendiente"
"JonerFootball","A very effective passing & 1st touch drill - Joner Football","https://www.youtube.com/watch?v=7xXq6MMrLWw","localizado; visionado pendiente"
"JonerFootball","BLOOPERS - FAIL!!! - This is gold! Not everything is perfect in our sessions","https://www.youtube.com/watch?v=kiJM5DJGk-w","localizado; visionado pendiente"
"JonerFootball","AMAZING 3on1 soccer session with PRO ballers - Joner Football","https://www.youtube.com/watch?v=Uv6vF81Wwhw","localizado; visionado pendiente"
"JonerFootball","SPEED & AGILITY with two coaches - Joner Football","https://www.youtube.com/watch?v=_JAYTHz0FGs","localizado; visionado pendiente"
"JonerFootball","A-League Pro Mitch Austin session with Joner 1on1","https://www.youtube.com/watch?v=VXVs5Jf67Jk","localizado; visionado pendiente"
"JonerFootball","Entrenamiento de fútbol COMPLETO con el jugador profesional Josh Da Silva - Joner 1on1","https://www.youtube.com/watch?v=gObnEqkX-3U","localizado; visionado pendiente"
"JonerFootball","Training Young Pros Andy & Rafa - MUST SEE - Joner1on1","https://www.youtube.com/watch?v=urWFCN3xam0","localizado; visionado pendiente"
"JonerFootball","Insane 5 shot shooting drill using the PowaPass! - Joner 1on1","https://www.youtube.com/watch?v=cuIG0Mo3zGk","localizado; visionado pendiente"
"JonerFootball","Joner 1on1 football training sessions in Perth - Soccer Drills","https://www.youtube.com/watch?v=1UVAM6U-QLg","localizado; visionado pendiente"
"JonerFootball","Loads of passing & 1st touch combinations - Joner 1on1","https://www.youtube.com/watch?v=7QR-n-ZTako","localizado; visionado pendiente"
"JonerFootball","Amazing soccer session with two international players Ash & Monique - Joner1on1","https://www.youtube.com/watch?v=ZHWL6NZS2FM","localizado; visionado pendiente"
"JonerFootball","Professional Highlights Reel - Joner1on1 Football Training Media Packages","https://www.youtube.com/watch?v=6YsU2FpKcG0","localizado; visionado pendiente"
"JonerFootball","Incredible Soccer training with Young Professional Alex Pappas - Joner 1on1","https://www.youtube.com/watch?v=rDcrpgcB9aA","localizado; visionado pendiente"
"JonerFootball","The Joner 1on1 Online Training Program - Become that skilled athlete","https://www.youtube.com/watch?v=We5gjtDTWbE","localizado; visionado pendiente"
"JonerFootball","Intense training like never before - Joner 1on1","https://www.youtube.com/watch?v=IG7YzunhB_s","localizado; visionado pendiente"
"JonerFootball","2 Private coaches, 2 players. Unreal soccer training. - Joner 1on1","https://www.youtube.com/watch?v=EliP97ejS2U","localizado; visionado pendiente"
"JonerFootball","W-League players Ash Brodigan & Young player of the year Remy Siemsen - Joner 1on1","https://www.youtube.com/watch?v=DkcGVtCgXoA","localizado; visionado pendiente"
"JonerFootball","INCREDIBLE young talent! Just turned 9! Ashton Hawkett - Joner 1on1","https://www.youtube.com/watch?v=fJm1VPD1FT4","localizado; visionado pendiente"
"JonerFootball","Download our training drills!! Soccer Drills / Coaching points / Click the link below","https://www.youtube.com/watch?v=8MdaGm3GEK4","localizado; visionado pendiente"
"JonerFootball","Group Training at Joner 1on1 - Soccer Drills","https://www.youtube.com/watch?v=VWhtFeDePNg","localizado; visionado pendiente"
"JonerFootball","Soccer drills - Difficult awareness drill !! - Joner Football","https://www.youtube.com/watch?v=ns0hMvEYBWo","localizado; visionado pendiente"
"JonerFootball","HOW'S THIS FOR CONSISTENCY!? - Joner Football","https://www.youtube.com/watch?v=CUciRCE5VAQ","localizado; visionado pendiente"
"JonerFootball","Training a group of talented players - Joner Football (defensive work)","https://www.youtube.com/watch?v=YNyzvKi0yHg","localizado; visionado pendiente"
"JonerFootball","Entrenamiento completo con el jugador de la WPL Ash Brodigan - Ejercicios de fútbol - Joner Football","https://www.youtube.com/watch?v=Yqm-549Ofso","localizado; visionado pendiente"
"JonerFootball","Joner Football in a real game! - IN GAME FOOTAGE of head coach Lee Jones","https://www.youtube.com/watch?v=3osWHyELVhQ","localizado; visionado pendiente"
"JonerFootball","Amazing ELITE shooting drill for STRIKERS! Watch till the end - Joner Football","https://www.youtube.com/watch?v=uqkMF2Q3Zis","localizado; visionado pendiente"
"JonerFootball","GOAL MACHINE - MVP & top goal scorer for NPL2 Peter Cejka at Joner Football","https://www.youtube.com/watch?v=z_a1q41VhAI","localizado; visionado pendiente"
"JonerFootball","ASOLUTE TEKKERS - The ""Best Of"" Joner & Shano!! - Joner Football","https://www.youtube.com/watch?v=DjN5odbtoHY","localizado; visionado pendiente"
"JonerFootball","Soccer 4 cone drill BREAKDOWN - GIVE IT A TRY - Joner Football","https://www.youtube.com/watch?v=Q5TK7z5Iga0","localizado; visionado pendiente"
"JonerFootball","FULL SESSION with Ozzy international superstars Alanna Kennedy & Kyah Simon - Joner Football","https://www.youtube.com/watch?v=oGov5-NQfIM","localizado; visionado pendiente"
"JonerFootball","Want to improve your 1st touch in soccer - Try these drills! - Joner Football","https://www.youtube.com/watch?v=JKIOkAFVD8M","localizado; visionado pendiente"
"JonerFootball","Amazing shooting drill. Touch, awareness, FINISH - Joner Football","https://www.youtube.com/watch?v=V4sRKnxe8nw","localizado; visionado pendiente"
"JonerFootball","Best of Joner & Shano | Tekkers level 100 | Joner Football","https://www.youtube.com/watch?v=EDrpdiviS30","localizado; visionado pendiente"
"JonerFootball","ESTE NIÑO PUEDE JUGAR - SESIÓN COMPLETA DE FÚTBOL JONER","https://www.youtube.com/watch?v=Sf_RdAeYhTU","localizado; visionado pendiente"
"JonerFootball","This is why we train & practice !!! TRAIN LIKE YOU PLAY! - Joner Football","https://www.youtube.com/watch?v=UlujtOX_IrM","localizado; visionado pendiente"
"JonerFootball","4 players, 4 coloured boxes, loads of different drills - Joner Football","https://www.youtube.com/watch?v=kw2BdxW-p1U","localizado; visionado pendiente"
"JonerFootball","¡Ejercicios de tiro básicos y avanzados! ¡Con portero! Joner Football","https://www.youtube.com/watch?v=aCtTpXVJlmA","localizado; visionado pendiente"
"JonerFootball","SPEED & AGILITY part 2 with resistance - Joner Football","https://www.youtube.com/watch?v=WccpjskHq1s","localizado; visionado pendiente"
"JonerFootball","SPEED & AGILITY with resistance using SKLZ recoil 360 - Joner Football","https://www.youtube.com/watch?v=ua8XZ88R8Aw","localizado; visionado pendiente"
"JonerFootball","This is why we practice!!! Check out the Ending of this video! - Joner Football","https://www.youtube.com/watch?v=pDYde6Q3--w","localizado; visionado pendiente"
"JonerFootball","Advanced shooting drill with NPL1 player Aleks Leko - Joner Football","https://www.youtube.com/watch?v=TOHybEwnPuM","localizado; visionado pendiente"
"JonerFootball","Teaching the 25 Ball Mastery skills to Pro Player Georgia - Joner Football","https://www.youtube.com/watch?v=1yTxBC2PAVA","localizado; visionado pendiente"
"JonerFootball","Motivational video! Be the BEST. RAISE YOUR STANDARDS! Joner Football","https://www.youtube.com/watch?v=4oMIBTQ9ljI","localizado; visionado pendiente"
"JonerFootball","Loads of different soccer drills that work on 1st touch & passing","https://www.youtube.com/watch?v=us7Gfb_CsQQ","localizado; visionado pendiente"
"JonerFootball","Soccer training like you've never seen before!! Joner Football","https://www.youtube.com/watch?v=Vhu4TznK5dI","localizado; visionado pendiente"
"JonerFootball","Ejercicios básicos de tiro, parte 1 - Joner Football","https://www.youtube.com/watch?v=F6CcMoofgKI","localizado; visionado pendiente"
"JonerFootball","RAW footage - Soccer session on awareness - Joner Football","https://www.youtube.com/watch?v=1HTFV5lpXtI","localizado; visionado pendiente"
"JonerFootball","FULL soccer session in New York! - Truly incredible!! - Joner Football","https://www.youtube.com/watch?v=wF0qyTL9MV4","localizado; visionado pendiente"
"JonerFootball","Full video! Soccer drills, Tekkers and laughter with all coaches - Joner Football","https://www.youtube.com/watch?v=VdMwp3TGDYs","localizado; visionado pendiente"
"JonerFootball","Want to play at the highest level? - WATCH THIS. JOIN NOW! - Joner Football","https://www.youtube.com/watch?v=08IHn8ydxpQ","localizado; visionado pendiente"
"JonerFootball","HOW'S YOUR TOUCH??? - Ridiculous 1st touches from the coaches at Joner Football","https://www.youtube.com/watch?v=36tfygXwOB4","localizado; visionado pendiente"
"JonerFootball","Amazing SHOOTING Drill with coaching points! - Joner Football","https://www.youtube.com/watch?v=O012Dm-nq6M","localizado; visionado pendiente"
"JonerFootball","Working on 1st touch - Different drills on 1st touch - Joner Football","https://www.youtube.com/watch?v=JlUL6eETMOs","localizado; visionado pendiente"
"JonerFootball","Speed, Agility, balance, ball mastery & quick feet with and without the ball - Joner Football","https://www.youtube.com/watch?v=MpoCaCgOygE","localizado; visionado pendiente"
"JonerFootball","WINNER of Nike Academy Australia - Jacob Sullivan undergoes training with Lee at Joner Football","https://www.youtube.com/watch?v=tsd-0MiuXkw","localizado; visionado pendiente"
"JonerFootball","Lo mejor de Georgia Yeoman-Dale, del Sydney FC y actual jugadora de las Matildas!! - Joner Football","https://www.youtube.com/watch?v=eX60McXYCNA","localizado; visionado pendiente"
"JonerFootball","Luke Giverin who played for Manchester UTD for 13 years. Played with Pogba & Lingard!","https://www.youtube.com/watch?v=N8Uquww7w48","localizado; visionado pendiente"
"JonerFootball","INTENSE SESSION with Italian player Judah Cleur - Joner Football","https://www.youtube.com/watch?v=FUvDrM9t73c","localizado; visionado pendiente"
"JonerFootball","MITCH AUSTIN - A-League sensation!! - 1st session at Joner Football","https://www.youtube.com/watch?v=1J0zaZ0AJ90","localizado; visionado pendiente"
"JonerFootball","AMAZING TALENT - Gabe Marzano (Sydney FC) - TEKKERS - Joner Football","https://www.youtube.com/watch?v=XW0qx09sFow","localizado; visionado pendiente"
"JonerFootball","TALENT ALERT - 12 year old BALLER Aaron Ho - Training and in game footage  - Joner Football","https://www.youtube.com/watch?v=YsC9m8nz970","localizado; visionado pendiente"
"JonerFootball","The BEST 14 year old girl in Australia. - Joner Football","https://www.youtube.com/watch?v=T84_7IRETGc","localizado; visionado pendiente"
"JonerFootball","YOUNG TALENT - Incredible for an 8 year old!!!!! - 1st touch - Joner Football","https://www.youtube.com/watch?v=OeVsd3MhytM","localizado; visionado pendiente"
"JonerFootball","Different ladder drills - Joner Football","https://www.youtube.com/watch?v=AtgHmvC4uFM","localizado; visionado pendiente"
"JonerFootball","25 Ball Mastery Skills | Joner Football","https://www.youtube.com/watch?v=_2JKRAQdR2Q","localizado; visionado pendiente"
"JonerFootball","The best of Coach Joner - LOADS OF SOCCER DRILLS with some big names in Australia - JONER FOOTBALL","https://www.youtube.com/watch?v=7Q48SnW-kwM","localizado; visionado pendiente"
"JonerFootball","INSANE 4 cone drills. Amazing skill & Quick Feet. - Joner Football","https://www.youtube.com/watch?v=eP_R5yODi0U","localizado; visionado pendiente"
"JonerFootball","Insane Soccer Training | Joner Football","https://www.youtube.com/watch?v=jx1Oz4F_6xY","localizado; visionado pendiente"
"JonerFootball","Soccer dills and ideas with Coach Blake - Joner Football","https://www.youtube.com/watch?v=F6NTTJPXgaI","localizado; visionado pendiente"
"JonerFootball","INSANE 10 SOCCER BALL MASTERY SKILLS!!  - Joner Football","https://www.youtube.com/watch?v=Q0gcIpXosTM","localizado; visionado pendiente"
"JonerFootball","Passing / quick feet / change of direction drill - Joner Football","https://www.youtube.com/watch?v=r8xGq4gkOr4","localizado; visionado pendiente"
"JonerFootball","Soccer DRILLS & ideas with coach Jules at Joner Football","https://www.youtube.com/watch?v=Rq_Hdy-C-z8","localizado; visionado pendiente"
"JonerFootball","Soccer drills & ideas with Coach Shane at Joner Football","https://www.youtube.com/watch?v=273F7Zaj8Ew","localizado; visionado pendiente"
"JonerFootball","Insane footwork / Intense training - Joner Football","https://www.youtube.com/watch?v=gLBvFGV7xBw","localizado; visionado pendiente"
"JonerFootball","How to purchase Joner Football training drills via the website","https://www.youtube.com/watch?v=GdcypFa_L9c","localizado; visionado pendiente"
"MyPersonalFootballCoachcom","Tres ejercicios para delanteros que les permitirán ser descubiertos por una academia de la Premie...","https://www.youtube.com/watch?v=zvSeGry9PUE","localizado; visionado pendiente"
"MyPersonalFootballCoachcom","Entrena solo como un jugador de la Premier League.","https://www.youtube.com/watch?v=X_mfj5a8oxw","localizado; visionado pendiente"
"MyPersonalFootballCoachcom","How To Get Scouted For a Premier League Academy | Train & Stand Out","https://www.youtube.com/watch?v=IJYVKr2qb7E","localizado; visionado pendiente"
"MyPersonalFootballCoachcom","Los mejores ejercicios de fútbol para jugadores sub-8, sub-9 y sub-10 | Probados en academias","https://www.youtube.com/watch?v=rBh_EUxTKPc","localizado; visionado pendiente"
"MyPersonalFootballCoachcom","How To Train Your Weak Foot (The Right Way)","https://www.youtube.com/watch?v=6zXip_JMDRk","localizado; visionado pendiente"
"MyPersonalFootballCoachcom","If you could only do one ball mastery drill — make it this one.","https://www.youtube.com/watch?v=IHvJwtUNU0w","localizado; visionado pendiente"
"MyPersonalFootballCoachcom","3 Secrets Wingers Use to Beat Fullbacks | First Touch + 1v1 Soccer Drills (Saul Isaksson-Hurst)","https://www.youtube.com/watch?v=E24XzLAlcRk","localizado; visionado pendiente"
"MyPersonalFootballCoachcom","3 hábitos de mediocampista que te hacen imparable | Entrenamiento de primer toque + Ejercicios de...","https://www.youtube.com/watch?v=SwFSyXnv4gA","localizado; visionado pendiente"
"MyPersonalFootballCoachcom","3 errores de primer toque que debes evitar | Entrenamiento de fútbol con Saul Isaksson-Hurst","https://www.youtube.com/watch?v=_1CMXhIE7LA","localizado; visionado pendiente"
"MyPersonalFootballCoachcom","5 consejos clave para disparar como un profesional y marcar más goles | Entrenamiento de fútbol c...","https://www.youtube.com/watch?v=w-HdKoWxeUs","localizado; visionado pendiente"
"MyPersonalFootballCoachcom","Ejercicios de tiro y finalización CON HSTIKKYTOKKY","https://www.youtube.com/watch?v=2amRxffRe78","localizado; visionado pendiente"
"MyPersonalFootballCoachcom","Shooting and Finishing drills with Antoine Semenyo","https://www.youtube.com/watch?v=fOSg5j_9rb8","localizado; visionado pendiente"
"MyPersonalFootballCoachcom","Top Tip / Drill For CDM's to Play Like a Pro  | Professional Soccer Training & Skills","https://www.youtube.com/watch?v=C_Ck7hyxMlw","localizado; visionado pendiente"
"MyPersonalFootballCoachcom","Top Tip For Strikers To Score More Goals  | Professional Soccer Training & Skills","https://www.youtube.com/watch?v=1h9htASiDy0","localizado; visionado pendiente"
"MyPersonalFootballCoachcom","Folarin Balogun, AS Monaco & USA  | Individual Striker Drills Soccer Training Session","https://www.youtube.com/watch?v=r9Oj_R39lP8","localizado; visionado pendiente"
"MyPersonalFootballCoachcom","Max Aarons, AFC Bournemouth & England | Individual Soccer Training Session","https://www.youtube.com/watch?v=wI1VgOg4pgA","localizado; visionado pendiente"
"MyPersonalFootballCoachcom","Jon Russell, Jamaica National Team & Barnsley FC  |  Individual Soccer Training Session","https://www.youtube.com/watch?v=Itf2aORl_l0","localizado; visionado pendiente"
"MyPersonalFootballCoachcom","Erion Zabeli, Brentford FC  |  Individual Soccer Training Session","https://www.youtube.com/watch?v=u1RIzNn08bU","localizado; visionado pendiente"
"MyPersonalFootballCoachcom","Soccer Drills For Kids: Episode 4 - Dribbling & Turning","https://www.youtube.com/watch?v=gok7qPAv7BQ","localizado; visionado pendiente"
"MyPersonalFootballCoachcom","Soccer Drills For Kids: Episode 3 - Fast Feet For Football","https://www.youtube.com/watch?v=btvHkYA38eQ","localizado; visionado pendiente"
"MyPersonalFootballCoachcom","Ejercicios de fútbol para niños: Episodio 2 - Cómo regatear a los defensas","https://www.youtube.com/watch?v=ye8XVl1qKiU","localizado; visionado pendiente"
"MyPersonalFootballCoachcom","Soccer Drills For Kids: Episode 1 - Improve Dribbling & Control","https://www.youtube.com/watch?v=mjH6OGFiei0","localizado; visionado pendiente"
"MyPersonalFootballCoachcom","FC Groningen Player Cyril Ngonge | Football Training Session","https://www.youtube.com/watch?v=FV1ASQ9VsJo","localizado; visionado pendiente"
"MyPersonalFootballCoachcom","Chelsea F.C. Player Noni Madueke | Football Training Session","https://www.youtube.com/watch?v=DrhHtdHW_5k","localizado; visionado pendiente"
"MyPersonalFootballCoachcom","Arsenal FC Player Folarin Balogun | Football Training Session","https://www.youtube.com/watch?v=mxN62XpT3-Q","localizado; visionado pendiente"
"MyPersonalFootballCoachcom","Chelsea FC Player Omari Hutchinson | Football Training","https://www.youtube.com/watch?v=2CjD0uwQrJE","localizado; visionado pendiente"
"MyPersonalFootballCoachcom","Los mejores ejercicios de entrenamiento de fútbol para jugar como Salah","https://www.youtube.com/watch?v=blaqE5DqFK0","localizado; visionado pendiente"
"MyPersonalFootballCoachcom","Play Like Jude Bellingham - U12, U13, U14 Kids Soccer Training Drills","https://www.youtube.com/watch?v=1oZp8T03X-8","localizado; visionado pendiente"
"MyPersonalFootballCoachcom","Finish Like R9!!","https://www.youtube.com/watch?v=C4kv9eP6QZc","localizado; visionado pendiente"
"MyPersonalFootballCoachcom","1 Skill Guaranteed To Beat Defenders And Score More Goals","https://www.youtube.com/watch?v=O6ERGtFMvsY","localizado; visionado pendiente"
"MyPersonalFootballCoachcom","Inside The Virtual Academy","https://www.youtube.com/watch?v=4U9alHnEbj4","localizado; visionado pendiente"
"MyPersonalFootballCoachcom","Behind The Scenes at Brondby - Inside The Academy Shoot","https://www.youtube.com/watch?v=Fbl5RmYFFG0","localizado; visionado pendiente"
"MyPersonalFootballCoachcom","GET QUICK FEET FOR SOCCER","https://www.youtube.com/watch?v=oSgqbtlLJSw","localizado; visionado pendiente"
"MyPersonalFootballCoachcom","Train like a pro - PLAY LIKE JADON SANCHO","https://www.youtube.com/watch?v=bhZNQTwYXYM","localizado; visionado pendiente"
"MyPersonalFootballCoachcom","Behind the Scenes with Romeo Jozak & Kuwait National Team - #MasterTheBallVlog Episode 13","https://www.youtube.com/watch?v=k-EQUOgZBTY","localizado; visionado pendiente"
"MyPersonalFootballCoachcom","Barcelona Pro Baller and Wales International Female Pros Training! - #MasterTheBallVlog Episode 12","https://www.youtube.com/watch?v=VrAEBo8evPI","localizado; visionado pendiente"
"MyPersonalFootballCoachcom","Saul Trains Premier League Pros! #MasterTheBallVlog - Episode 11","https://www.youtube.com/watch?v=ALUcxmxIdGU","localizado; visionado pendiente"
"MyPersonalFootballCoachcom","Train Like A Pro - Play Like Sadio Mane!","https://www.youtube.com/watch?v=oO-6FiMY3bs","localizado; visionado pendiente"
"MyPersonalFootballCoachcom","Behind The Scenes At REBEL FC! w/ a World Class Football Coach - #MasterTheBallVlog Episode 9","https://www.youtube.com/watch?v=sIi8BY5x3pw","localizado; visionado pendiente"
"MyPersonalFootballCoachcom","Train Like A Pro! - SHOOT LIKE MO SALAH","https://www.youtube.com/watch?v=I2wSHx4bt2k","localizado; visionado pendiente"
"MyPersonalFootballCoachcom","Saul Coaching In Singapore! - MasterTheBall Vlog Episode 8","https://www.youtube.com/watch?v=EAhbLQkhA2Y","localizado; visionado pendiente"
"MyPersonalFootballCoachcom","Train Like a Pro - PLAY LIKE ISCO","https://www.youtube.com/watch?v=FdBjYoGilGU","localizado; visionado pendiente"
"MyPersonalFootballCoachcom","Technical Training Secrets to Train Like a Pro with The MyPersonalFootballCoach App!","https://www.youtube.com/watch?v=6hT_m7WJ6AA","localizado; visionado pendiente"
"MyPersonalFootballCoachcom","Working With Aspiring Pro Players! - #MasterTheBallVlog Episode 7","https://www.youtube.com/watch?v=gL5muy4Lxz8","localizado; visionado pendiente"
"MyPersonalFootballCoachcom","Train Like a Pro - Turn Like De Jong!","https://www.youtube.com/watch?v=tCQ9zZCh0xE","localizado; visionado pendiente"
"MyPersonalFootballCoachcom","Train Like A Pro - Dribble Like Mbappe!","https://www.youtube.com/watch?v=z4bEq1y-NMk","localizado; visionado pendiente"
"MyPersonalFootballCoachcom","Technical training secrets to train like a pro soccer player with the MyPersonalFootballCoach app!","https://www.youtube.com/watch?v=W4Dm8qT9Ruw","localizado; visionado pendiente"
"MyPersonalFootballCoachcom","Train Like A Pro - Cut Like Ousmane Dembele!","https://www.youtube.com/watch?v=N58v2ZG6av4","localizado; visionado pendiente"
"MyPersonalFootballCoachcom","Saul Visits Wolverhampton Wanderers Academy | #MasterTheBall Vlog - Episode 6","https://www.youtube.com/watch?v=Jhip2zuS8Qs","localizado; visionado pendiente"
"MyPersonalFootballCoachcom","MPFC Road to The Wembley Cup - Episode 2","https://www.youtube.com/watch?v=F4AUQ0OqyeQ","localizado; visionado pendiente"
"MyPersonalFootballCoachcom","Get More Power On Your Shots In Soccer & Score More Goals!","https://www.youtube.com/watch?v=nJ6XKWImIaU","localizado; visionado pendiente"
"MyPersonalFootballCoachcom","ROAD TO THE WEMBLEY CUP EP. 1 - PEP GUARDIOLA TACTICS??","https://www.youtube.com/watch?v=FQy6cs3tjOk","localizado; visionado pendiente"
"MyPersonalFootballCoachcom","JÓVENES JUGADORES DE BALONCESTO ENTRENAN DURANTE 2 AÑOS CON ESTA APLICACIÓN: MIRA SU PROGRESO","https://www.youtube.com/watch?v=c7jdCqPzuYE","localizado; visionado pendiente"
"MyPersonalFootballCoachcom","REBEL FC FOOTBALL TRAINING VLOG WITH CALFREEZY AND SV2","https://www.youtube.com/watch?v=j34K_4fCN7A","localizado; visionado pendiente"
"MyPersonalFootballCoachcom","Train Like The Pro's - Tottenham Hotspur & England's Jonathan Dinzeyi","https://www.youtube.com/watch?v=tQ4oZf0uEIo","localizado; visionado pendiente"
"MyPersonalFootballCoachcom","Train Like A Professional Soccer Player - Get The My Personal Football Coach App","https://www.youtube.com/watch?v=y5pd7_TilQY","localizado; visionado pendiente"
"MyPersonalFootballCoachcom","Train Like The Pro's - Wolverhampton Wanderers' Joseph Joseph","https://www.youtube.com/watch?v=YkS3NTR6Ms4","localizado; visionado pendiente"
"MyPersonalFootballCoachcom","Train Like The Pro's - Norwich City's Max Aarons","https://www.youtube.com/watch?v=0m6fyk1ADNM","localizado; visionado pendiente"
"MyPersonalFootballCoachcom","Soccer Training - Zig Zag Shooting Practice For Wingers and Forwards","https://www.youtube.com/watch?v=2Ypaf-nAvaU","localizado; visionado pendiente"
"MyPersonalFootballCoachcom","Train Like The Pro's - Watford & Wales' Helen Ward","https://www.youtube.com/watch?v=QDcIk3oNF10","localizado; visionado pendiente"
"MyPersonalFootballCoachcom","Entrenamiento de fútbol: cómo driblar eficazmente en el fútbol","https://www.youtube.com/watch?v=vmwEeOGp7qs","localizado; visionado pendiente"
"MyPersonalFootballCoachcom","Soccer Training - 5 Stages Ball Mastery Ladder To Beat Your Defender","https://www.youtube.com/watch?v=vOiP0_c6JUc","localizado; visionado pendiente"
"MyPersonalFootballCoachcom","MPFC Youth Soccer Development Podcast Episode 24 Marc Campbell","https://www.youtube.com/watch?v=_zum-Yqb7G0","localizado; visionado pendiente"
"MyPersonalFootballCoachcom","MPFC Youth Soccer Player Development Episode 23 Miguel Rios","https://www.youtube.com/watch?v=LrUN1PuCkFo","localizado; visionado pendiente"
"MyPersonalFootballCoachcom","Soccer Training - Improve Your Soccer Technique and Explosive Movement","https://www.youtube.com/watch?v=fYna0h6bGCk","localizado; visionado pendiente"
"MyPersonalFootballCoachcom","Training with Salford City the Class Of 92's football team - #MasterTheBall Vlog 3","https://www.youtube.com/watch?v=l-BsqqyZ58g","localizado; visionado pendiente"
"MyPersonalFootballCoachcom","MPFC Youth Soccer Development Podcast Episode 22 Tony Carr","https://www.youtube.com/watch?v=hN6OJkq8l1g","localizado; visionado pendiente"
"MyPersonalFootballCoachcom","Rebel FC Training VLOG FT Calfreezy | #MasterTheBall Vlog 2","https://www.youtube.com/watch?v=_gFsMGc76EA","localizado; visionado pendiente"
"MyPersonalFootballCoachcom","MPFC Youth Soccer Development Podcast Episode 21 Ian Barker","https://www.youtube.com/watch?v=8nBfmyFCtHc","localizado; visionado pendiente"
"MyPersonalFootballCoachcom","Entrenamiento de fútbol: Los 5 mejores consejos para jugar como lateral o carrilero como Kyle Wal...","https://www.youtube.com/watch?v=CrCxQ_v07OE","localizado; visionado pendiente"
"MyPersonalFootballCoachcom","MPFC Youth Soccer Player Development Podcast Episode 20 Chris Ramsey","https://www.youtube.com/watch?v=saXJXUvfGHs","localizado; visionado pendiente"
"MyPersonalFootballCoachcom","Soccer Training - Top 5 Tips To Play As Striker Like Kane and Morata","https://www.youtube.com/watch?v=3yUPTTn3NmE","localizado; visionado pendiente"
"MyPersonalFootballCoachcom","MPFC Youth Soccer Development Podcast Episode 19 Jess Ibrom","https://www.youtube.com/watch?v=HEWqZcao8A0","localizado; visionado pendiente"
"MyPersonalFootballCoachcom","HOW TO ELASTICO AND NUTMEG YOUR SOCCER OPPONENT WITH REBEL FC WINGER LDN MOVEMENTS","https://www.youtube.com/watch?v=JSKLnsrp1vI","localizado; visionado pendiente"
"MyPersonalFootballCoachcom","FROM THE PARK TO PRO FOOTBALL IN 2 YEARS! | #MasterTheBall Weekly Vlog 1","https://www.youtube.com/watch?v=JryNGyk3Y90","localizado; visionado pendiente"
"MyPersonalFootballCoachcom","Improve Your Speed - Be Faster In Soccer","https://www.youtube.com/watch?v=FiolLPxzR_w","localizado; visionado pendiente"
"MyPersonalFootballCoachcom","Top 5 Attributes To Be A Professional Soccer Player","https://www.youtube.com/watch?v=n_Sy1o3nBME","localizado; visionado pendiente"
"MyPersonalFootballCoachcom","MPFC Youth Soccer Player Development Podcast Episode 17Danny Searle","https://www.youtube.com/watch?v=aaXkqlsU9yM","localizado; visionado pendiente"
"MyPersonalFootballCoachcom","MPFC Club Partnership - Improve The Technical Ability Of Your Club's Players Today!","https://www.youtube.com/watch?v=NWFIEQ9GwG8","localizado; visionado pendiente"
"MyPersonalFootballCoachcom","Train Like A Professional Soccer Player With The Dynamic Ball Mastery Programme  Today","https://www.youtube.com/watch?v=YDnmxW5qkYc","localizado; visionado pendiente"
"MyPersonalFootballCoachcom","Cómo driblar como Christian Pulisic para principiantes","https://www.youtube.com/watch?v=BcoCjzpaKK0","localizado; visionado pendiente"
"MyPersonalFootballCoachcom","Rebel FC V Omonia FC Selection Headache for Coach Saul","https://www.youtube.com/watch?v=mnRDEbFs-Qc","localizado; visionado pendiente"
"MyPersonalFootballCoachcom","MPFC Youth Soccer Player Development Podcast Episode 16 Dermot Drummy","https://www.youtube.com/watch?v=Q9HKwkuRAl8","localizado; visionado pendiente"
"MyPersonalFootballCoachcom","Rebel FC Player Ratings  from CRAZY LATE DRAMA! -  VS SHEFFIELD FC","https://www.youtube.com/watch?v=vvmWtElH614","localizado; visionado pendiente"
"MyPersonalFootballCoachcom","MPFC Youth Soccer Development Podcast Episode 15 Willem Weiss","https://www.youtube.com/watch?v=uB628V4QPLo","localizado; visionado pendiente"
"MyPersonalFootballCoachcom","1on1 Football Training London with Nya Kirby, England and Crystal Palace pro Baller","https://www.youtube.com/watch?v=912u3-AHXWI","localizado; visionado pendiente"
"MyPersonalFootballCoachcom","Podcast de desarrollo de fútbol juvenil de MPFC, episodio 14: Pregúntale a los expertos 2","https://www.youtube.com/watch?v=U2_pB3Uox68","localizado; visionado pendiente"
"MyPersonalFootballCoachcom","MPFC Youth Soccer Development Podcast Episode 13 Ask The Experts","https://www.youtube.com/watch?v=LoCgpcrC7S4","localizado; visionado pendiente"
"MyPersonalFootballCoachcom","REBEL FC vs CORAL - GOAL CRAZY GAME + PLAYER RATINGS!!!","https://www.youtube.com/watch?v=1FXbo_W4MfU","localizado; visionado pendiente"
"MyPersonalFootballCoachcom","Soccer Training - Top 5 Tips To Play As A Winger Or Wide Forward Like Ronaldo & Hazard","https://www.youtube.com/watch?v=sWfkSzwI6II","localizado; visionado pendiente"
"MyPersonalFootballCoachcom","Train Like The Pro's - Arsenal & England's Marcus McGuane","https://www.youtube.com/watch?v=E75sZPt0qHY","localizado; visionado pendiente"
"MyPersonalFootballCoachcom","Entrenamiento de fútbol: Los 5 mejores consejos para jugar de MCD como N'Golo Kante","https://www.youtube.com/watch?v=JhjuVOJoerg","localizado; visionado pendiente"
"MyPersonalFootballCoachcom","Soccer Player Development Podcast Episode 12 - With Rasmus Ankersen","https://www.youtube.com/watch?v=S0iHetgqQpE","localizado; visionado pendiente"
"MyPersonalFootballCoachcom","U6-U9 Soccer Training - 5 Stage Footwork Practice - Get Fast Feet!","https://www.youtube.com/watch?v=jafoYszB-Uw","localizado; visionado pendiente"
"MyPersonalFootballCoachcom","Soccer Player Development Podcast Episode 11 - With Tim Lees","https://www.youtube.com/watch?v=xyx5qUJ4NSs","localizado; visionado pendiente"
"MyPersonalFootballCoachcom","Podcast de desarrollo de jugadores de fútbol, episodio 10: Con Michael Beale","https://www.youtube.com/watch?v=WukaAX69TbY","localizado; visionado pendiente"
"MyPersonalFootballCoachcom","Entrenamiento de fútbol: Los 5 mejores consejos para defender en situaciones de uno contra uno","https://www.youtube.com/watch?v=oYjvvQ7RWMM","localizado; visionado pendiente"
"MyPersonalFootballCoachcom","Soccer Player Development Podcast Episode 9 - With Kris Van Der Haegen","https://www.youtube.com/watch?v=Xck46K1q9Hc","localizado; visionado pendiente"
"MyPersonalFootballCoachcom","Las 5 mejores habilidades para dominar el balón de fútbol","https://www.youtube.com/watch?v=UNBW2Q2tLTc","localizado; visionado pendiente"
"MyPersonalFootballCoachcom","Entrenamiento individual de fútbol: Magia en las bandas al estilo de Draxler y Robben","https://www.youtube.com/watch?v=t8oUdNj3s7U","localizado; visionado pendiente"
"MyPersonalFootballCoachcom","Podcast de desarrollo de futbolistas, episodio 8: con Stephen Constantine","https://www.youtube.com/watch?v=IkgpeQG7OFM","localizado; visionado pendiente"
"MyPersonalFootballCoachcom","Entrenamiento individual de fútbol - Combinación V Work Zig Zag","https://www.youtube.com/watch?v=8F37JfwAFYM","localizado; visionado pendiente"
"MyPersonalFootballCoachcom","Soccer Player Development Podcast Episode 7 - With Tom Byer","https://www.youtube.com/watch?v=tXhdpW4MO2I","localizado; visionado pendiente"
"MyPersonalFootballCoachcom","Top 5 Soccer Skills To Beat The Defender","https://www.youtube.com/watch?v=UgesEQPuEgw","localizado; visionado pendiente"
"MyPersonalFootballCoachcom","Soccer Player Development Podcast Episode 6 - With Romeo Jozak","https://www.youtube.com/watch?v=p76s-jxETyg","localizado; visionado pendiente"
"MyPersonalFootballCoachcom","Entrenamiento individual de fútbol: entrenamiento de dominio del balón y tiro en 3 etapas.","https://www.youtube.com/watch?v=O6SCJWl3yGA","localizado; visionado pendiente"
"MyPersonalFootballCoachcom","Podcast sobre el desarrollo de jugadores de fútbol, ​​episodio 5 - Con Albert Capellas","https://www.youtube.com/watch?v=crRvlY97niY","localizado; visionado pendiente"
"MyPersonalFootballCoachcom","Soccer Player Development Podcast Episode 4 - With NickGrantham","https://www.youtube.com/watch?v=z9Lj_ylm7k8","localizado; visionado pendiente"
"MyPersonalFootballCoachcom","Individual Soccer Training - 4 explosive turns to play like Ronaldo","https://www.youtube.com/watch?v=T1CjPmEyd50","localizado; visionado pendiente"
"MyPersonalFootballCoachcom","Soccer Player Development Podcast Episode 3 - With Danny Buck","https://www.youtube.com/watch?v=KLagrj8uNV0","localizado; visionado pendiente"
"MyPersonalFootballCoachcom","Soccer Player Development Podcast Episode 2 - With Lee Johnson","https://www.youtube.com/watch?v=0Vp_LCrQxoU","localizado; visionado pendiente"
"MyPersonalFootballCoachcom","Speed Agility & Quickness Soccer Training","https://www.youtube.com/watch?v=F-JD6TqSDGU","localizado; visionado pendiente"
"MyPersonalFootballCoachcom","Soccer Aerial Control Challenge Part 3 - Touch through the gates","https://www.youtube.com/watch?v=em_wmPwjW8A","localizado; visionado pendiente"
"MyPersonalFootballCoachcom","Soccer Aerial Control Challenge Part 2 - Control & Dribble","https://www.youtube.com/watch?v=uik872Vs92w","localizado; visionado pendiente"
"MyPersonalFootballCoachcom","Individual Soccer Training - Fast Feet Speed Agility Combo","https://www.youtube.com/watch?v=yHaPNs_CL7k","localizado; visionado pendiente"
"MyPersonalFootballCoachcom","Soccer drills for all including U5, U6, U7 & U8 - Soccer Specific Movements","https://www.youtube.com/watch?v=s5a9g1aIHmQ","localizado; visionado pendiente"
"MyPersonalFootballCoachcom","Entrenamiento de fútbol online individual: Desafío de control aéreo","https://www.youtube.com/watch?v=RoF7JCcMJGg","localizado; visionado pendiente"
"MyPersonalFootballCoachcom","Online Soccer Training - Dynamic Ball Mastery Soccer Warm Up","https://www.youtube.com/watch?v=3Hgnqt5Lt4Y","localizado; visionado pendiente"
"MyPersonalFootballCoachcom","1v1 Soccer Drills - Opposed Buddy Attack & Defend Practice","https://www.youtube.com/watch?v=fatWWf2Q4LY","muestras observadas"
"MyPersonalFootballCoachcom","Ejercicio de regate de fútbol infantil - Laberinto de conos técnico para niños de 8 a 12 años","https://www.youtube.com/watch?v=XCoSPAADfXE","localizado; visionado pendiente"
"MyPersonalFootballCoachcom","Individual Soccer Midfielder Drill - 5 Skill Agility & Explosive Movement Combo","https://www.youtube.com/watch?v=FNS2lU1fblA","localizado; visionado pendiente"
"MyPersonalFootballCoachcom","Soccer Ball Mastery Drills - Ultimate Ball Mastery Ladder used by the pros","https://www.youtube.com/watch?v=o_L0lVIGtpw","localizado; visionado pendiente"
"MyPersonalFootballCoachcom","Entrenamiento de fútbol individual: ¿Con qué frecuencia debo entrenar?","https://www.youtube.com/watch?v=5O_syLAvBns","localizado; visionado pendiente"
"MyPersonalFootballCoachcom","What is the Soccer Coach's Pass? - Elite Soccer Coaching Material","https://www.youtube.com/watch?v=X5x6qlKPISQ","localizado; visionado pendiente"
"MyPersonalFootballCoachcom","Individual Soccer Training - Technical Excellence Cycle Explained","https://www.youtube.com/watch?v=_pAiwv0FNcM","localizado; visionado pendiente"
"MyPersonalFootballCoachcom","Soccer Shooting Technique - Master the perfect shot trailer","https://www.youtube.com/watch?v=uBR6Hu5INog","localizado; visionado pendiente"
"MyPersonalFootballCoachcom","Weak Foot Soccer Training - Is it important?","https://www.youtube.com/watch?v=yRCNWe69afY","localizado; visionado pendiente"
"MyPersonalFootballCoachcom","Individual Soccer Training Techniques - Fake to receive with outside cuts","https://www.youtube.com/watch?v=OJezhnSexk8","localizado; visionado pendiente"
"MyPersonalFootballCoachcom","Practice Soccer Skills At Home - Working Side To Side","https://www.youtube.com/watch?v=j7AgY6q9-bw","localizado; visionado pendiente"
"MyPersonalFootballCoachcom","Soccer coaching tips - Master The Cruyff Turn Taster","https://www.youtube.com/watch?v=C_G5jFjAV64","localizado; visionado pendiente"
"MyPersonalFootballCoachcom","Football Juggling Skills - Inside Juggle Like A Pro","https://www.youtube.com/watch?v=o_GB--U6oLg","localizado; visionado pendiente"
"MyPersonalFootballCoachcom","Soccer Dribbling Drills For Kids - Explosive Dribble & Turn","https://www.youtube.com/watch?v=TiQrdVjT-xw","localizado; visionado pendiente"
"MyPersonalFootballCoachcom","Soccer Passing Drill Using A Wall - Wonderwall Part 2","https://www.youtube.com/watch?v=qQ6caAty7VI","localizado; visionado pendiente"
"MyPersonalFootballCoachcom","Soccer Skills Technical Challenge - Aguero Shooting Practice","https://www.youtube.com/watch?v=zOuBLJpQkCo","localizado; visionado pendiente"
"MyPersonalFootballCoachcom","Soccer Juggling Skills - Around The Body With 3 Surfaces","https://www.youtube.com/watch?v=TQKMI0EVu4E","localizado; visionado pendiente"
"MyPersonalFootballCoachcom","Individual Soccer Dribbling Drills - 4 in 1 soccer practice","https://www.youtube.com/watch?v=4qdEWs6MwPw","localizado; visionado pendiente"
"MyPersonalFootballCoachcom","U6, U7, U8 Soccer Training Drill  - Dribble Turn Explode","https://www.youtube.com/watch?v=O32wHarDd-U","localizado; visionado pendiente"
"MyPersonalFootballCoachcom","Individual Soccer Training Drill - Explosive 8 Skill Combination","https://www.youtube.com/watch?v=VNtVWaotw1o","localizado; visionado pendiente"
"MyPersonalFootballCoachcom","U6, U7, U8 Soccer Training Drill - Turn Square With 1v1 Skills","https://www.youtube.com/watch?v=E-myaim_oj0","localizado; visionado pendiente"
"MyPersonalFootballCoachcom","Technical Soccer Warm Up - Four Essential Footwork Skills","https://www.youtube.com/watch?v=tDqIOzj_x2A","localizado; visionado pendiente"
"MyPersonalFootballCoachcom","Technical Soccer Training - Working Across The Line","https://www.youtube.com/watch?v=Xtev9CoEGQk","localizado; visionado pendiente"
"MyPersonalFootballCoachcom","Showcase your soccer skills with MyPersonalFootballCoach.com","https://www.youtube.com/watch?v=pUVR5kHpMDU","localizado; visionado pendiente"
"MyPersonalFootballCoachcom","Soccer Juggling Skills Challenge -Inside Laces Outside","https://www.youtube.com/watch?v=ouOY2vZaFtg","localizado; visionado pendiente"
"MyPersonalFootballCoachcom","Soccer Juggling Skills Challenge - Juggle 4 And Hold","https://www.youtube.com/watch?v=RYvaz3Voo3Y","localizado; visionado pendiente"
"MyPersonalFootballCoachcom","Soccer Juggling Skills Challenge - Outside Kick Juggle","https://www.youtube.com/watch?v=ETnIVoOchk8","localizado; visionado pendiente"
"MyPersonalFootballCoachcom","Soccer Skills Technical Challenge – Up in the air - Aerial Ball Control","https://www.youtube.com/watch?v=SNDvOoMlGbU","localizado; visionado pendiente"
"MyPersonalFootballCoachcom","Individual Soccer Shooting Drills U7, U8, U9 - Shooting Box","https://www.youtube.com/watch?v=zikFAfFP5TQ","localizado; visionado pendiente"
"MyPersonalFootballCoachcom","Develop Fast Feet for Soccer - The outcome","https://www.youtube.com/watch?v=pX4M5I_Hg3E","localizado; visionado pendiente"
"MyPersonalFootballCoachcom","Practising Soccer during Canadian Winter","https://www.youtube.com/watch?v=mtj5JI_ON14","localizado; visionado pendiente"
"MyPersonalFootballCoachcom","Soccer Skills Technical Challenge - Deulofeu Dribble","https://www.youtube.com/watch?v=eUOL9GJ5tMY","localizado; visionado pendiente"
"MyPersonalFootballCoachcom","Dynamic Ball Mastery - What people say and watch players practice & play","https://www.youtube.com/watch?v=pNs_ET9ZCtI","localizado; visionado pendiente"
"MyPersonalFootballCoachcom","Individual Soccer Training - Midfield Maestro ""Xavi""","https://www.youtube.com/watch?v=EWnOaW0IP3Q","localizado; visionado pendiente"
"MyPersonalFootballCoachcom","""Dynamic Ball Mastery"" Onine Soccer Programme - How it works","https://www.youtube.com/watch?v=ISH96kB-M_A","localizado; visionado pendiente"
"MyPersonalFootballCoachcom","Technical football secrets to be like a pro - Master the Ball...Master the Game","https://www.youtube.com/watch?v=TdHXmyGtMro","localizado; visionado pendiente"
"MyPersonalFootballCoachcom","Soccer Skills Technical Challenge - Cazorla's Dynamic Midfield","https://www.youtube.com/watch?v=aLl1nU2h6HY","localizado; visionado pendiente"
"MyPersonalFootballCoachcom","Soccer Skills Technical Challenge - Xabi Alonso Deep Lying Midfield","https://www.youtube.com/watch?v=QukXiGu6o8A","localizado; visionado pendiente"
"MyPersonalFootballCoachcom","Soccer Skills Technical Challenge - 3 Cone Passing Practice","https://www.youtube.com/watch?v=IcRXb7OdyVk","localizado; visionado pendiente"
"MyPersonalFootballCoachcom","Eden Hazard Dribbling Practice","https://www.youtube.com/watch?v=S5dyeliQyls","localizado; visionado pendiente"
"unisport","Preparo la mochila PERFECTA para el día del partido: ¡costó $X,XXX!","https://www.youtube.com/watch?v=QKojsZjb9II","localizado; visionado pendiente"
"unisport","3 habilidades de control cercano para hacer LLORAR a los defensas","https://www.youtube.com/watch?v=6X847C7frDo","localizado; visionado pendiente"
"unisport","LOS 5 MEJORES BALONES DE FÚTBOL de 2026","https://www.youtube.com/watch?v=EhhFguN6Sfo","localizado; visionado pendiente"
"unisport","Construí una cancha de fútbol (es más difícil de lo que parece)","https://www.youtube.com/watch?v=C2ocIwRpK0k","localizado; visionado pendiente"
"unisport","Lleva tu definición al SIGUIENTE nivel en 5 minutos","https://www.youtube.com/watch?v=tvt74RuNhns","localizado; visionado pendiente"
"unisport","¡Probé y califiqué botas de fútbol de 1970 a 2026!","https://www.youtube.com/watch?v=bUXbQyGiIbs","localizado; visionado pendiente"
"unisport","Tu pierna mala NO es el problema, ¡el problema eres TÚ!","https://www.youtube.com/watch?v=vk1JLYkuowQ","localizado; visionado pendiente"
"unisport","Las 10 mejores ZAPATILLAS DE TURF de 2026","https://www.youtube.com/watch?v=CNOaSr3dFoU","localizado; visionado pendiente"
"unisport","Mejora tu regate más que el 90% de los mediocampistas","https://www.youtube.com/watch?v=G3Tce1rFfbo","localizado; visionado pendiente"
"unisport","Probé el truco viral SIN CORDONES de VITINHA, ¡y...!","https://www.youtube.com/watch?v=QL1Uu15hSPs","localizado; visionado pendiente"
"unisport","¿Por qué todo el mundo anda caminando?","https://www.youtube.com/watch?v=Tg7BbTmZihI","localizado; visionado pendiente"
"unisport","¡Probé TODAS LAS BOTAS para encontrar el mejor ajuste en 2026!","https://www.youtube.com/watch?v=qCwLhSBA0e0","localizado; visionado pendiente"
"unisport","5 variaciones de zigzag con conos","https://www.youtube.com/watch?v=WjlmGvi-fww","localizado; visionado pendiente"
"unisport","Las MEJORES botas de fútbol para pies ANCHOS en 2026","https://www.youtube.com/watch?v=-6NjMT7SVbk","localizado; visionado pendiente"
"unisport","¡Cómo mejorar REALMENTE tu PRIMER TOQUE!","https://www.youtube.com/watch?v=id7s4yf3us0","localizado; visionado pendiente"
"unisport","Las MEJORES botas para cada posición en 2026 son...","https://www.youtube.com/watch?v=K6Jk6geZ28I","localizado; visionado pendiente"
"unisport","5 cosas que hacen los defensas PRO que TÚ no estás haciendo","https://www.youtube.com/watch?v=YEb9I5KYME0","localizado; visionado pendiente"
"unisport","Cómo obtener un TIRO MÁS POTENTE en unos pocos pasos sencillos","https://www.youtube.com/watch?v=NGXfk-a0ZVc","localizado; visionado pendiente"
"unisport","Qué hacer si tus botas son DEMASIADO GRANDES o DEMASIADO PEQUEÑAS","https://www.youtube.com/watch?v=ejC_IgSP764","localizado; visionado pendiente"
"unisport","Derrota a defensores LOCOS SIN usar habilidades","https://www.youtube.com/watch?v=dP6zdmJ0XE4","localizado; visionado pendiente"
"unisport","Clasifico las mejores botas para CÉSPED ARTIFICIAL en 2026","https://www.youtube.com/watch?v=A2AM0u2q2Wc","localizado; visionado pendiente"
"unisport","3 habilidades de regate de mediocampista que los defensas temen","https://www.youtube.com/watch?v=2UpKcNuSSO0","localizado; visionado pendiente"
"unisport","¿Adidas hizo la MEJOR bota de turf de 2026?","https://www.youtube.com/watch?v=LpQZHl7ZBVc","localizado; visionado pendiente"
"unisport","Clasifico las 10 MEJORES botas Nike de 2026","https://www.youtube.com/watch?v=YVsG9pqAcIQ","localizado; visionado pendiente"
"unisport","Si te cansas fácilmente HAZ ESTO para mejorar tu RESISTENCIA","https://www.youtube.com/watch?v=D-Egrpb8AcU","localizado; visionado pendiente"
"unisport","Probé 10 TRUCOS VIRALES para el MAL OLOR de las botas de fútbol y...","https://www.youtube.com/watch?v=lsHXZbvn_D4","localizado; visionado pendiente"
"unisport","Probé las versiones de PIEL de las F50 y Predator","https://www.youtube.com/watch?v=ezfqQ9DfC7Y","localizado; visionado pendiente"
"unisport","Entrena como un profesional. Juega como un profesional.","https://www.youtube.com/watch?v=PBrp0wNz-tQ","localizado; visionado pendiente"
"unisport","La MEJOR tecnología en botas de 2026","https://www.youtube.com/watch?v=ixY99CResL0","localizado; visionado pendiente"
"unisport","Clasifico las 5 MEJORES botas de velocidad en 2026","https://www.youtube.com/watch?v=utckYXk0ZWY","localizado; visionado pendiente"
"unisport","Probé mis botas personalizadas impresas en 3D","https://www.youtube.com/watch?v=OnsrWHUAeQY","localizado; visionado pendiente"
"unisport","El secreto para el rainbow flick perfecto","https://www.youtube.com/watch?v=4V1-hGCfm0U","localizado; visionado pendiente"
"unisport","Haz ESTO para superar a cualquier portero","https://www.youtube.com/watch?v=m--qwaoHAzo","localizado; visionado pendiente"
"unisport","¡Me hicieron botas PERSONALIZADAS impresas en 3D!","https://www.youtube.com/watch?v=yP29hBF9fdo","localizado; visionado pendiente"
"unisport","¡Adidas SOLUCIONÓ este problema que no sabías que existía!","https://www.youtube.com/watch?v=QstrY3hmRrk","localizado; visionado pendiente"
"unisport","Aprende 10 pases INCREÍBLES que impresionarán a tu equipo","https://www.youtube.com/watch?v=lEAU9-dJS2k","localizado; visionado pendiente"
"unisport","Demasiado ROSA, ¿demasiadas botas o PERFECTAS?","https://www.youtube.com/watch?v=MZ5Dn3vs9-M","localizado; visionado pendiente"
"unisport","Aprende a DOMINAR el balón en ESPACIOS REDUCIDOS","https://www.youtube.com/watch?v=pHFmBmV4JzU","localizado; visionado pendiente"
"unisport","RESEÑA DE LOS PUMA ULTRA 7: ¿por fin volvieron a ser buenos?","https://www.youtube.com/watch?v=63Z1Ne9OYrY","localizado; visionado pendiente"
"unisport","CLASIFICO LAS 10 MEJORES botas de Adidas en 2026","https://www.youtube.com/watch?v=zHvHkMr-bAo","localizado; visionado pendiente"
"unisport","Have Nike JUST made the BEST Turf shoe in 2026?","https://www.youtube.com/watch?v=aXtz4WCn1XE","localizado; visionado pendiente"
"unisport","Este tiro es UN CÓDIGO DE TRUCOS: así es como se hace","https://www.youtube.com/watch?v=simkysfSqi0","localizado; visionado pendiente"
"unisport","Probé las botas MÁS BARATAS de todas las marcas","https://www.youtube.com/watch?v=55c3mQKKp1Q","localizado; visionado pendiente"
"unisport","Probé el entrenamiento de pies rápidos de CR7 durante una semana y...","https://www.youtube.com/watch?v=IkAqyup1Hfw","localizado; visionado pendiente"
"unisport","¡Mira esto antes de tu próximo partido!","https://www.youtube.com/watch?v=TWublSckDrI","localizado; visionado pendiente"
"unisport","3 ejercicios para un control cercano imparable (pegado a tus pies)","https://www.youtube.com/watch?v=F_aMnlrzeHw","localizado; visionado pendiente"
"unisport","¡¿Drogba era un NERD DE LAS BOTAS?!","https://www.youtube.com/watch?v=Hq_zpiB2i2A","localizado; visionado pendiente"
"unisport","No iba a reseñar esto, pero luego lo probé","https://www.youtube.com/watch?v=TOmEk7mjSwQ","localizado; visionado pendiente"
"unisport","LE REGALÉ BOTAS NUEVAS A MBAPPÉ y su reacción fue ___!","https://www.youtube.com/watch?v=FGYBbIlCcws","localizado; visionado pendiente"
"unisport","PROBÉ todas las BOTAS DE ADIDAS PARA LA COPA MUNDIAL DE 2010 A 2026","https://www.youtube.com/watch?v=xzvZBXdPOX0","localizado; visionado pendiente"
"unisport","Haz esto CADA SEMANA y conviértete en un monstruo goleador","https://www.youtube.com/watch?v=kpm9nvTAiqY","localizado; visionado pendiente"
"unisport","¿SEGUROS o PELIGROSOS? Puse a prueba los botines Nike Mercurial AG","https://www.youtube.com/watch?v=QwUHCqMGde4","localizado; visionado pendiente"
"unisport","Probé TODAS las botas Nike de la Copa Mundial 2010-2026","https://www.youtube.com/watch?v=UFP8Mat8fRM","localizado; visionado pendiente"
"unisport","Lo que hacen los defensas PROFESIONALES que tú no haces","https://www.youtube.com/watch?v=xqz7plFJG1o","localizado; visionado pendiente"
"unisport","Vi TODAS las botas personalizadas SECRETAS de Messi","https://www.youtube.com/watch?v=4_EriT5ODe0","localizado; visionado pendiente"
"unisport","Zlatan ha hablado","https://www.youtube.com/watch?v=bD6-Tj1ur-0","localizado; visionado pendiente"
"unisport","¡Entré al laboratorio de innovación SECRETO de adidas!","https://www.youtube.com/watch?v=A_RcPUsZDfs","localizado; visionado pendiente"
"unisport","Creamos un nuevo experto en botas: ¿mejor que JayMike?","https://www.youtube.com/watch?v=9FswAWmZi5o","localizado; visionado pendiente"
"unisport","MEJOR pero también MÁS CAROS... RESEÑA de las Sokito Scudetta Kaizen","https://www.youtube.com/watch?v=fywZTdZ3s9s","localizado; visionado pendiente"
"unisport","¿QUÉ BOTA 'PRO' ES LA MEJOR? adidas F50 vs Nike Mercurial","https://www.youtube.com/watch?v=5p8DyfkAN0s","localizado; visionado pendiente"
"unisport","¡adidas F50 Hyperfast: BARATAS vs. CARAS explicadas!","https://www.youtube.com/watch?v=30ktlTzzXvs","localizado; visionado pendiente"
"unisport","Comparativa entre las Nike Mercurial Superfly 11 y Vapor 17: Baratas vs. Caras.","https://www.youtube.com/watch?v=h0wl-wZBXOs","localizado; visionado pendiente"
"unisport","Análisis de la Mizuno Morelia Neo V Beta en Japón: ¿LA MEJOR?","https://www.youtube.com/watch?v=JqHHTlQp7n0","localizado; visionado pendiente"
"unisport","Reseña de los adidas F50 Messi: ¿dignos del GOAT?","https://www.youtube.com/watch?v=_XMocNsU2-U","localizado; visionado pendiente"
"unisport","ADIDAS o NIKE: ¿quién tendrá la MEJOR bota de velocidad en 2026?","https://www.youtube.com/watch?v=tqLaFe42A4g","localizado; visionado pendiente"
"unisport","REVIEW de las New Balance Furon v9: ¿la sorpresa para ser la mejor bota de velocidad?","https://www.youtube.com/watch?v=NN8TFXRHF1g","localizado; visionado pendiente"
"unisport","Hablamos con el hombre detrás de los nuevos Mercurials durante 45 minutos seguidos y...","https://www.youtube.com/watch?v=h25I9g3yzWQ","localizado; visionado pendiente"
"unisport","SUPERFLY 11 vs VAPOR 17 - ¿CÓMO ELEGIR?","https://www.youtube.com/watch?v=hEVam1CaBLI","localizado; visionado pendiente"
"unisport","Toda la tecnología increíble de los nuevos Mercurial Superfly 11 y Vapor 17","https://www.youtube.com/watch?v=28tdyBd6DYg","localizado; visionado pendiente"
"unisport","¿Es ESTA la bota de velocidad que deberías comprar este verano? (ANÁLISIS DE LA RAZOR 2)","https://www.youtube.com/watch?v=aTMgkyU44LM","localizado; visionado pendiente"
"unisport","RESEÑA DE LAS NIKE MERCURIAL SUPERFLY 11: ¿mejores que NUNCA?","https://www.youtube.com/watch?v=yu4XecZWFuE","localizado; visionado pendiente"
"unisport","NIKE MERCURIAL VAPOR 17: ¿sus botas MÁS LIGERAS de la historia?","https://www.youtube.com/watch?v=LGW4AdeNxYM","localizado; visionado pendiente"
"unisport","¡Fui al archivo de adidas y vi TODAS las botas de VELOCIDAD de adidas!","https://www.youtube.com/watch?v=8dsxqawZY2I","localizado; visionado pendiente"
"unisport","Probé las 5 MEJORES ZAPATILLAS DE FÚTBOL CALLEJERO DE 2026.","https://www.youtube.com/watch?v=G5wEMmhrS3A","localizado; visionado pendiente"
"unisport","Probé 7 TRUCOS virales para las CORDONES de TikTok","https://www.youtube.com/watch?v=nNjyqO4qbac","localizado; visionado pendiente"
"unisport","Dame 3 minutos y arreglaré tu primer toque para siempre","https://www.youtube.com/watch?v=MAVjhxdSfmg","localizado; visionado pendiente"
"unisport","Todos los sueños comienzan en algún lugar...","https://www.youtube.com/watch?v=SGqe4ms1WcA","localizado; visionado pendiente"
"unisport","ELITE vs EVO: ¿qué F50 Hyperfast deberías elegir?","https://www.youtube.com/watch?v=zJwSWyG4YnM","localizado; visionado pendiente"
"unisport","CÓMO se fabricaron las nuevas adidas F50 Hyperfast (conversación técnica para entendidos)","https://www.youtube.com/watch?v=LzfuSkwgzb0","localizado; visionado pendiente"
"unisport","Deja de jugar al fútbol de compromiso: ¡serás 10 veces mejor!","https://www.youtube.com/watch?v=FoesFEbQVTs","localizado; visionado pendiente"
"unisport","ANÁLISIS DE LAS ADIDAS F50 HYPERFAST EVO","https://www.youtube.com/watch?v=QSDNMKDEbIU","localizado; visionado pendiente"
"unisport","RESEÑA de los adidas F50 Hyperfast Elite: ¿cerca de la perfección?","https://www.youtube.com/watch?v=lRzZe8S3tww","localizado; visionado pendiente"
"unisport","¡Dame 8 minutos y te convertiré en un portero 10 veces mejor!","https://www.youtube.com/watch?v=vbtGG9Kiqmc","localizado; visionado pendiente"
"unisport","Probé un balón de fútbol que te hace DISPARAR CON MÁS FUERZA (o eso dice...).","https://www.youtube.com/watch?v=_-4jMrIN2_o","localizado; visionado pendiente"
"unisport","¿Por qué no estás alcanzando tus objetivos (y cómo solucionarlo)?","https://www.youtube.com/watch?v=G4IUxr5CllE","localizado; visionado pendiente"
"unisport","I tested and rated EVERY World Cup ball from 1978-2026","https://www.youtube.com/watch?v=tmf7jqK6FrU","localizado; visionado pendiente"
"unisport","Busting 10 football boot MYTHS that aren't true","https://www.youtube.com/watch?v=a23-O9JuShY","localizado; visionado pendiente"
"unisport","Las 5 MEJORES botas por MENOS de 150 €","https://www.youtube.com/watch?v=QHrdPAHd4F4","localizado; visionado pendiente"
"unisport","¿Qué pasó con el lanzamiento de nudillos?","https://www.youtube.com/watch?v=L0ptvf-vqnk","localizado; visionado pendiente"
"unisport","Este toque especial de MESSI te da una ventaja.","https://www.youtube.com/watch?v=zDgnSrukAl4","localizado; visionado pendiente"
"unisport","Probé botas de fútbol con calificación de 1 estrella para ver si REALMENTE son malas.","https://www.youtube.com/watch?v=nlLWJFzMGi4","localizado; visionado pendiente"
"unisport","ANÁLISIS DE LAS Nike Mercurial Superfly 1 RGN: ¿son discretamente las mejores?","https://www.youtube.com/watch?v=uEzqgBNqwxo","localizado; visionado pendiente"
"unisport","Cómo jugar sin MIEDO (no tengas miedo en el campo)","https://www.youtube.com/watch?v=FF5WxciDCyk","localizado; visionado pendiente"
"unisport","¿El mejor calzado discreto del año? - Reseña de Sokito Scudetta BioTouch","https://www.youtube.com/watch?v=snPQrmPwUEM","localizado; visionado pendiente"
"unisport","¡5 habilidades tan FÁCILES que SIEMPRE funcionan!","https://www.youtube.com/watch?v=7dCvJWw6onY","localizado; visionado pendiente"
"unisport","Por favor, mira esto si juegas en césped artificial (elige la suela CORRECTA).","https://www.youtube.com/watch?v=oVD4pCpbIL4","localizado; visionado pendiente"
"unisport","Si no haces esto, seguirás perdiendo la pelota.","https://www.youtube.com/watch?v=HyPh0ANuhc8","localizado; visionado pendiente"
"unisport","Los 5 IMPRESCINDIBLES para la bolsa de fútbol que resolverán tus mayores problemas","https://www.youtube.com/watch?v=3IDGq4OpExM","localizado; visionado pendiente"
"unisport","5 maneras de controlar el balón en el aire SIEMPRE","https://www.youtube.com/watch?v=6mhb4ymOMNs","localizado; visionado pendiente"
"unisport","¿Adidas acaba de mejorar estas botas de 32 años?","https://www.youtube.com/watch?v=i-_DlxYm9Og","localizado; visionado pendiente"
"unisport","Las 5 MEJORES botas para comprar AHORA MISMO para la nueva temporada.","https://www.youtube.com/watch?v=-X-yBbMlv0o","localizado; visionado pendiente"
"unisport","Todos los verdaderos delanteros hacen estas tres cosas. ¿TÚ las haces?","https://www.youtube.com/watch?v=FAlXLa0Tul4","localizado; visionado pendiente"
"unisport","El SECRETO de un buen primer toque","https://www.youtube.com/watch?v=5qew4TnpFgM","localizado; visionado pendiente"
"unisport","3 consejos que me hubiera gustado que me hubieran dicho cuando era niño, antes de volverme profes...","https://www.youtube.com/watch?v=WteWm9nH17g","localizado; visionado pendiente"
"unisport","ERRORES QUE DEBES EVITAR AL COMPRAR BOTAS","https://www.youtube.com/watch?v=L6s6gs-jd7o","localizado; visionado pendiente"
"unisport","¿Nike fabricó la MEJOR zapatilla para césped en 2026?","https://www.youtube.com/watch?v=d41Hbrb2R7g","localizado; visionado pendiente"
"unisport","Probé 5 botas que los jugadores de fútbol odiaban","https://www.youtube.com/watch?v=devJVGiYvsE","localizado; visionado pendiente"
"unisport","El ATAJO para ganar CADA tackle","https://www.youtube.com/watch?v=EoHoXcbI8FE","localizado; visionado pendiente"
"unisport","Conseguí que VINI JR calificara sus botas MERCURIAL favoritas","https://www.youtube.com/watch?v=9Umc452Bix4","localizado; visionado pendiente"
"unisport","¡Probé TODOS los balones de fútbol para ver a cuáles temen MÁS los porteros!","https://www.youtube.com/watch?v=S_FlSnd90fw","localizado; visionado pendiente"
"unisport","4 essential DIVING techniques that will make you save like the pros","https://www.youtube.com/watch?v=MRKgjlRiLok","localizado; visionado pendiente"
"unisport","Cómo mejorar en el fútbol sin siquiera entrenar.","https://www.youtube.com/watch?v=3ElOXSJqCJQ","localizado; visionado pendiente"
"unisport","CHEAP vs EXPENSIVE Nike Tiempo Maestro & Ligera explained","https://www.youtube.com/watch?v=gNSMzeTfBYA","localizado; visionado pendiente"
"unisport","¡Dame 10 minutos y mejoraré tu ACABADO 30x!","https://www.youtube.com/watch?v=94ixaQVtJ3Y","localizado; visionado pendiente"
"unisport","Destruye a CUALQUIER defensor con estas habilidades (¡parecerá FÁCIL!)","https://www.youtube.com/watch?v=mWqpsugyL-0","localizado; visionado pendiente"
"unisport","COPA ICON 2 vs TIEMPO LIGERA PRO - which is better?","https://www.youtube.com/watch?v=VCGHY4bdv0A","localizado; visionado pendiente"
"unisport","ADIDAS o NIKE: ¿quién tiene la alineación más fuerte en 2026?","https://www.youtube.com/watch?v=CDRb7_KJ7p0","localizado; visionado pendiente"
"unisport","Cómo dominar el SLIDE TACKLE (¡sin cometer faltas!)","https://www.youtube.com/watch?v=mQbkDn20fOg","localizado; visionado pendiente"
"unisport","MAESTRO vs LIGERA ¿Qué bota elegir?","https://www.youtube.com/watch?v=g19OeF-fCg8","localizado; visionado pendiente"
"unisport","30 consejos de ATAQUE de jugadores PROFESIONALES","https://www.youtube.com/watch?v=wWBuUJfnha0","localizado; visionado pendiente"
"unisport","Estas son unas de las MEJORES botas que he usado (aquí está el por qué)","https://www.youtube.com/watch?v=K2r6usRQL4M","localizado; visionado pendiente"
"unisport","Ranking de las 10 MEJORES botas PUMA en 2026","https://www.youtube.com/watch?v=2ZdBG0IB9Oo","localizado; visionado pendiente"
"unisport","5 hábitos que te hacen ser PEOR jugador (y cómo solucionarlos)","https://www.youtube.com/watch?v=p4QwFzsCm6U","localizado; visionado pendiente"
"unisport","El ÚNICO pase que NO pueden defender","https://www.youtube.com/watch?v=vBNZX8XojVw","localizado; visionado pendiente"
"unisport","Significativamente más baratas, pero... ¿también mejores? (Análisis de las Mizuno Alpha III Elite)","https://www.youtube.com/watch?v=RXREWxSm_Bo","localizado; visionado pendiente"
"unisport","No es bonito, pero a veces hay que hacerlo (faltas profesionales)","https://www.youtube.com/watch?v=BGdf4ibO1kA","localizado; visionado pendiente"
"unisport","adidas Copa Pure IV Elite REVIEW - ¿es... lo MISMO?","https://www.youtube.com/watch?v=UNKAmQ7egpA","localizado; visionado pendiente"
"unisport","Tecnología de botas de fútbol que REALMENTE CUMPLE: ¡SIN trucos!","https://www.youtube.com/watch?v=MCkVr6RBlgE","localizado; visionado pendiente"
"unisport","Estas 30 habilidades te sacarán de la PRESIÓN pesada","https://www.youtube.com/watch?v=cmGel3rHZIg","localizado; visionado pendiente"
"unisport","My ENTIRE football boot collection - 2025 update","https://www.youtube.com/watch?v=Cs3gAdBiYnQ","localizado; visionado pendiente"
"unisport","Aprende a ahorrar más 1vs1 con NEUER como profesor","https://www.youtube.com/watch?v=T2BTcvXVlpE","localizado; visionado pendiente"
"unisport","The BEST, WORST and WEIRDEST boots of 2025 - Football Boot Awards","https://www.youtube.com/watch?v=jyXSupq2Em4","localizado; visionado pendiente"
"unisport","Las 5 MEJORES botas de fútbol de 2025","https://www.youtube.com/watch?v=y8mWpNiCpOE","localizado; visionado pendiente"
"unisport","Haz ESTO y NUNCA más te quedes sin RESISTENCIA","https://www.youtube.com/watch?v=3ykPRQX7j3Q","localizado; visionado pendiente"
"unisport","Aprende CINCO de estos giros y será imposible quitarte la pelota.","https://www.youtube.com/watch?v=YlY0q_RSsWQ","localizado; visionado pendiente"
"unisport","Las mejores botas de fútbol de EDICIÓN LIMITADA de 2025","https://www.youtube.com/watch?v=C0KPrVbucTo","localizado; visionado pendiente"
"unisport","La mejor manera de entrenar y mejorar RÁPIDO en el fútbol","https://www.youtube.com/watch?v=LTrQJZmyFN0","localizado; visionado pendiente"
"unisport","NO MÁS CAMISETAS AJUSTADAS en el Mundial (así se hace)","https://www.youtube.com/watch?v=VCsiCHwDpVk","localizado; visionado pendiente"
"unisport","I tested the BEST SYNTHETIC LEATHER boots","https://www.youtube.com/watch?v=65mVPQ8naDQ","localizado; visionado pendiente"
"unisport","Hablamos con el hombre detrás de Tiempo Maestro durante 1 hora seguida y...","https://www.youtube.com/watch?v=7eKImysr0lY","localizado; visionado pendiente"
"unisport","PREVENGA LAS LESIONES EN EL FÚTBOL para que siempre pueda jugar","https://www.youtube.com/watch?v=sl7ei9wnMnY","localizado; visionado pendiente"
"unisport","Nike Tiempo Ligera Pro REVIEW - Wayyy better than you'd think!","https://www.youtube.com/watch?v=Sw4vuTSRu0s","localizado; visionado pendiente"
"unisport","EXPENSIVE vs CHEAP adidas Predator 26 explained","https://www.youtube.com/watch?v=MYQxbI95PQo","localizado; visionado pendiente"
"unisport","¿Lo acaban de mejorar? - Análisis de Mizuno Alpha III Japón","https://www.youtube.com/watch?v=1iIdMHzn-Po","localizado; visionado pendiente"
"unisport","TIEMPO MAESTRO vs TIEMPO LEGEND 10 - watch before you buy!","https://www.youtube.com/watch?v=-PGdiw7cy2Q","localizado; visionado pendiente"
"unisport","PREDATOR 25 vs PREDATOR 26: ¿cuál es MEJOR?","https://www.youtube.com/watch?v=_UYX7LViFZQ","localizado; visionado pendiente"
"unisport","Este récord mundial de fútbol no se ha superado desde 2015... ¿PERO PUEDO HACERLO?","https://www.youtube.com/watch?v=H4XknVQs26I","localizado; visionado pendiente"
"unisport","Nike Tiempo Maestro Elite REVIEW - the best Tiempo ever?","https://www.youtube.com/watch?v=zvuY1jZAvWY","localizado; visionado pendiente"
"unisport","Análisis de las adidas Predator 26 Elite FT: quizá no sean lo que esperabas","https://www.youtube.com/watch?v=bkMHMbpfHcU","localizado; visionado pendiente"
"unisport","Gana CUALQUIER 1v1 con estos sencillos consejos de regate de Luis Díaz","https://www.youtube.com/watch?v=YW6Z3_aPUB0","localizado; visionado pendiente"
"unisport","Mira esto si SIEMPRE pierdes en enfrentamientos físicos 1v1...","https://www.youtube.com/watch?v=iIVDNN-zKVY","localizado; visionado pendiente"
"unisport","¿Lo solucionaron finalmente? - PUMA FUTURE 9 REVIEW","https://www.youtube.com/watch?v=a74c5we3S68","localizado; visionado pendiente"
"unisport","The MENTAL HACK to deal with DISAPPOINTMENT","https://www.youtube.com/watch?v=hj9Hnb3xKuA","localizado; visionado pendiente"
"unisport","Mejora tus pases con Harvey Elliott como tu profesor","https://www.youtube.com/watch?v=afxGP02jSUI","localizado; visionado pendiente"
"unisport","Si juegas en césped artificial, POR FAVOR mira esto.","https://www.youtube.com/watch?v=ZEqzrok9CAE","localizado; visionado pendiente"
"unisport","Este truco para el primer contacto te hará mejorar al instante en un 200%.","https://www.youtube.com/watch?v=B-3NAfxsrJY","localizado; visionado pendiente"
"unisport","¡BASTA DE BOTAS SUCIAS! (Trucos para limpiar las botas de fútbol)","https://www.youtube.com/watch?v=aDFqtXft8Wk","localizado; visionado pendiente"
"unisport","Cómo proteger el balón (incluso si eres débil)","https://www.youtube.com/watch?v=vFSE4MOqrgI","localizado; visionado pendiente"
"unisport","¿De verdad lo SALVARON? | Análisis de las PUMA King 20","https://www.youtube.com/watch?v=yeqAY23mbnM","localizado; visionado pendiente"
"unisport","MEJORA tu velocidad de regate (¡RÁPIDO!)","https://www.youtube.com/watch?v=w-PaF792H7I","localizado; visionado pendiente"
"unisport","Por favor, mira esto si eres malo pasando","https://www.youtube.com/watch?v=FmloIeyZ9eA","localizado; visionado pendiente"
"unisport","Aprendí 3 técnicas sencillas de regate 1 contra 1 de uno de los MEJORES regateadores del mundo.","https://www.youtube.com/watch?v=rcooKhJAZiU","localizado; visionado pendiente"
"unisport","Conviértete en la PEOR pesadilla de los defensores más rápidos","https://www.youtube.com/watch?v=Y_LjBzfh9eQ","localizado; visionado pendiente"
"unisport","El vídeo más rápido para ""Ser más rápido"" que verás hoy","https://www.youtube.com/watch?v=XSN8Ff1PE0A","localizado; visionado pendiente"
"unisport","Aprende a DOMINAR el mediocampo con Bruno Fernandes como tu maestro.","https://www.youtube.com/watch?v=-ILKlpQhF3Q","localizado; visionado pendiente"
"unisport","MEJORA TU ACELERACIÓN (¡sorprendentemente fácil!)","https://www.youtube.com/watch?v=-7N_qYX2wuU","localizado; visionado pendiente"
"unisport","¿¡LOS MEJORES remakes que veremos este año?!","https://www.youtube.com/watch?v=jG7OGQ29M2o","localizado; visionado pendiente"
"unisport","Extremos, por favor vean esto","https://www.youtube.com/watch?v=frl5WD7MEiQ","localizado; visionado pendiente"
"unisport","Cómo entrenar fútbol solo (y aún así mejorar RÁPIDO)","https://www.youtube.com/watch?v=OUjgfVORsfA","localizado; visionado pendiente"
"unisport","Cómo jugar SIN miedo en el campo de fútbol","https://www.youtube.com/watch?v=6yc0IBOvHcE","localizado; visionado pendiente"
"unisport","30 defender secrets to be MORE DOMINANT","https://www.youtube.com/watch?v=H9sZ6k_6OTs","localizado; visionado pendiente"
"unisport","CÓMO PREPARAR TU BOLSA DE FÚTBOL como un PROFESIONAL en 2025","https://www.youtube.com/watch?v=h-pbhidxP4Q","localizado; visionado pendiente"
"unisport","Evite ESTOS errores de finalización Y CONSIGA MÁS PUNTUACIONES","https://www.youtube.com/watch?v=ZP-LKg6Cqso","localizado; visionado pendiente"
"unisport","A continuación te explicamos cómo elegir entre botas con cordones y sin cordones.","https://www.youtube.com/watch?v=9UfzfTe0bOE","localizado; visionado pendiente"
"unisport","Por favor mira esto si tienes dificultades en el entrenamiento.","https://www.youtube.com/watch?v=uS9pIIcIxWE","localizado; visionado pendiente"
"unisport","Balón del Mundial BARATO vs CARO: ¿cuál deberías comprar?","https://www.youtube.com/watch?v=SNZuBx9nXoI","localizado; visionado pendiente"
"unisport","Entrené como Messi y Ronaldo. ¡Esto es lo mejor!","https://www.youtube.com/watch?v=1PzdNtXNnSM","localizado; visionado pendiente"
"unisport","¿Jabulani regenera o el MEJOR balón del Mundial adidas hasta ahora?","https://www.youtube.com/watch?v=XNDyCYgSeiY","localizado; visionado pendiente"
"unisport","MUCHO mejor de lo que esperaba - ¡PERO!","https://www.youtube.com/watch?v=wsw1URY9mZg","localizado; visionado pendiente"
"unisport","Por favor mira esto si eres PÉSIMO en pases largos","https://www.youtube.com/watch?v=B8J_dUhZ8Ik","localizado; visionado pendiente"
"unisport","¡Átate los cordones ASÍ y haz que tus botas sean 100 veces mejores!","https://www.youtube.com/watch?v=U1d4KnZMhls","localizado; visionado pendiente"
"unisport","Aprenda la técnica de tiro que los defensores NO PUEDEN LEER","https://www.youtube.com/watch?v=lRjPqj4DMh4","localizado; visionado pendiente"
"unisport","Cómo conseguir SIEMPRE la talla de botas CORRECTA","https://www.youtube.com/watch?v=NZwNS_JrwIM","localizado; visionado pendiente"
"unisport","Usa tu cuerpo ASÍ y NUNCA pierdas la pelota","https://www.youtube.com/watch?v=TmAE39bCAIM","localizado; visionado pendiente"
"unisport","TOP 5 mejores zapatos TURF 2025: ¡seguridad y rendimiento!","https://www.youtube.com/watch?v=pjEYBiyBxfg","localizado; visionado pendiente"
"unisport","3 ejercicios que desearía haber hecho ANTES de convertirme en profesional","https://www.youtube.com/watch?v=ABUyyoHZnIs","localizado; visionado pendiente"
"unisport","Haz ESTO para ganar más duelos 1v1 contra defensores rápidos","https://www.youtube.com/watch?v=S0VtulxU4OQ","localizado; visionado pendiente"
"unisport","La forma FÁCIL de hacer que la pelota se MUEVA como los PROFESIONALES","https://www.youtube.com/watch?v=DWUlPn4OG7Q","localizado; visionado pendiente"
"unisport","Learn these YAMAL skills = win EVERY 1v1","https://www.youtube.com/watch?v=kNv4sOf3rvY","localizado; visionado pendiente"
"unisport","Conviértete en el jugador MÁS RÁPIDO en el campo haciendo ESTO","https://www.youtube.com/watch?v=WvY9UhcRiQc","localizado; visionado pendiente"
"unisport","La ÚNICA habilidad que necesitas dominar, y...","https://www.youtube.com/watch?v=LoZRVG4UJo8","localizado; visionado pendiente"
"unisport","Cómo MANTENER LA CALMA bajo presión en el fútbol","https://www.youtube.com/watch?v=F0rikIToY48","localizado; visionado pendiente"
"unisport","¡Probé trucos para las botas CR7 que NO DEBERÍAS hacer!","https://www.youtube.com/watch?v=5UGW8GX7o-0","localizado; visionado pendiente"
"unisport","¿No tienes amigos para entrenar? ¡Prueba esto!","https://www.youtube.com/watch?v=tn3ZtChg2gY","localizado; visionado pendiente"
"unisport","En serio, mira esto antes de tu próximo partido.","https://www.youtube.com/watch?v=VahZAuryULQ","localizado; visionado pendiente"
"unisport","LA MEJOR manera de ponerse en forma para el fútbol","https://www.youtube.com/watch?v=3WZ-tuCYWBM","localizado; visionado pendiente"
"unisport","¡Diseñamos botas que sólo los jugadores más valientes podrán usar!","https://www.youtube.com/watch?v=LauxasgelJA","localizado; visionado pendiente"
"unisport","Cómo hacerle un cañizo a TODOS los defensores (no quieren que lo sepas)","https://www.youtube.com/watch?v=RPyaEsLq5Jw","localizado; visionado pendiente"
"unisport","El juego no ha terminado… 5 botas de cuero INCREÍBLES","https://www.youtube.com/watch?v=hJ9bwCG-Vc4","localizado; visionado pendiente"
"unisport","La hoja de trucos para convertirse en un jugador de fútbol más rápido","https://www.youtube.com/watch?v=2gIX4YAgq5E","localizado; visionado pendiente"
"unisport","Las 5 mejores botas CONTROL de 2025","https://www.youtube.com/watch?v=XsVybsI18X0","localizado; visionado pendiente"
"unisport","Como DEBERÍAN estar... ¡probando el nuevo Predator 25 de CUERO!","https://www.youtube.com/watch?v=n_VcWgjIj64","localizado; visionado pendiente"
"unisport","¿Por qué necesitas romper las reglas para tener éxito?","https://www.youtube.com/watch?v=GDoqRRbhMRk","localizado; visionado pendiente"
"unisport","¿Por qué ya nadie se ríe de Skechers?","https://www.youtube.com/watch?v=CezCkq95SA0","localizado; visionado pendiente"
"unisport","Cómo dominar el mediocampo como Vitinha (más fácil de lo que crees)","https://www.youtube.com/watch?v=A7pbn2W6hHM","localizado; visionado pendiente"
"unisport","Ranking de las 10 MEJORES botas Nike de 2025","https://www.youtube.com/watch?v=prS3F17t3KE","localizado; visionado pendiente"
"unisport","¡Esta técnica de PASE te ayudará a MARCAR más goles...!","https://www.youtube.com/watch?v=Kj-uqYpKvsA","localizado; visionado pendiente"
"unisport","Entré en una fábrica de botas de fútbol (¡y construí mis propias botas!)","https://www.youtube.com/watch?v=2JlL_LH0ShU","localizado; visionado pendiente"
"unisport","¿El MEJOR balón que los profesionales no usan? - Análisis de Nike Control","https://www.youtube.com/watch?v=eMifQ_z5aI4","localizado; visionado pendiente"
"unisport","Derrota a los defensores con UN TURNO con Gravenberch como tu maestro","https://www.youtube.com/watch?v=wDf-Uj1Ad3M","localizado; visionado pendiente"
"unisport","Futbolistas profesionales VIEJOS vs JÓVENES: ¿QUIÉN GANA?","https://www.youtube.com/watch?v=ow42GME1iVY","localizado; visionado pendiente"
"unisport","¿Eres TÚ el jugador más PELIGROSO del campo? 😈","https://www.youtube.com/watch?v=PHuUp1Or5nc","localizado; visionado pendiente"
"unisport","Sé una BESTIA de resistencia (consejos de un PROFESIONAL)","https://www.youtube.com/watch?v=4f85PX-5mtE","localizado; visionado pendiente"
"unisport","LOS 5 MEJORES BALONES DE FÚTBOL DE 2025","https://www.youtube.com/watch?v=_FIbDDEWweE","localizado; visionado pendiente"
"unisport","Domina el Cruyff Turn con B. Silva como profesor","https://www.youtube.com/watch?v=GOET9ZhEKTo","localizado; visionado pendiente"
"unisport","Cosas que aprender de CR7 (¡que te harán mejorar!)","https://www.youtube.com/watch?v=CtV3lgu0qd0","localizado; visionado pendiente"
"unisport","Cómo marcar más goles con AMBOS pies","https://www.youtube.com/watch?v=gwkdP48yBms","localizado; visionado pendiente"
"unisport","PHANTOM 6 vs VAPOR 16 - ¡Míralo ANTES de comprar!","https://www.youtube.com/watch?v=5Yz1XGgzLVc","localizado; visionado pendiente"
"unisport","Cómo DOMINAR el TOQUE DEL PIE (no, en serio)","https://www.youtube.com/watch?v=AwtvgbZKRWk","localizado; visionado pendiente"
"unisport","3 consejos PRO para mejorar TU defensa 🛡️","https://www.youtube.com/watch?v=Pc62fdQjkRU","localizado; visionado pendiente"
"unisport","¡Botas Nike Phantom 6 CARAS vs BARATAS EXPLICADAS!","https://www.youtube.com/watch?v=qWZ0AcRcjd4","localizado; visionado pendiente"
"unisport","Probé la NUEVA habilidad de Messi y ¡es _______!","https://www.youtube.com/watch?v=4YVSimz6nTE","localizado; visionado pendiente"
"unisport","La bota que NO esperabas que fuera TAN buena","https://www.youtube.com/watch?v=fMOnEt73gNQ","localizado; visionado pendiente"
"unisport","Conocí a MESSI. Así fue 😮","https://www.youtube.com/watch?v=-3KvpqCWcIU","localizado; visionado pendiente"
"unisport","Ranking de las 10 MEJORES botas adidas de 2025","https://www.youtube.com/watch?v=rpqXJvdKRDs","localizado; visionado pendiente"
"unisport","Reseña de las adidas F50+: ¿NOS ESCUCHARON?","https://www.youtube.com/watch?v=wmTZrvEGzqk","localizado; visionado pendiente"
"unisport","El 87% de los delanteros profesionales hacen ESTO cuando disparan (y tú también deberías)","https://www.youtube.com/watch?v=6wXes2V6RQg","localizado; visionado pendiente"
"unisport","SÉ EL MEJOR = aprende ESTAS valiosas lecciones de los PROFESIONALES","https://www.youtube.com/watch?v=FmTtMJVJKmc","localizado; visionado pendiente"
"unisport","PHANTOM 6 vs PREDATOR ELITE 25: ¡mira antes de comprar!","https://www.youtube.com/watch?v=KV4w3wgkIF8","localizado; visionado pendiente"
"unisport","Reseña de New Balance Tekela v5: ¿la bota discreta del año?","https://www.youtube.com/watch?v=j5Izm6GQOBg","localizado; visionado pendiente"
"unisport","Cómo pasar de futbolista AMATEUR a PROFESIONAL (¡Lo he hecho!)","https://www.youtube.com/watch?v=SGiEThP39yo","localizado; visionado pendiente"
"unisport","¡Aquí te mostramos cómo DOMINAR como lateral y carrilero!","https://www.youtube.com/watch?v=JPmMNeqLhq8","localizado; visionado pendiente"
"unisport","Las afirmaciones sobre tecnología de botas MÁS AUDACES DE LA HISTORIA (algunas funcionaron, otras...","https://www.youtube.com/watch?v=6SqZBbLsuII","localizado; visionado pendiente"
"unisport","Sigue estas REGLAS = será imposible vencerlo 1v1","https://www.youtube.com/watch?v=tL27ejdGWJ4","localizado; visionado pendiente"
"unisport","Did adidas change too much or is THIS still their best boot? (ft. Messi)","https://www.youtube.com/watch?v=yhyEge5dMGo","localizado; visionado pendiente"
"unisport","Estas fintas corporales son TODO lo que necesitas para ganar regates","https://www.youtube.com/watch?v=_PJGIXftmKY","localizado; visionado pendiente"
"unisport","¿Por qué el césped artificial DESTRUYE tus botas (y tus RODILLAS!)","https://www.youtube.com/watch?v=a_sKJcGTm2Y","localizado; visionado pendiente"
"unisport","Nike Phantom 6 High REVISIÓN: ¿Vale la pena el dinero extra?","https://www.youtube.com/watch?v=jayLnmrxXk4","localizado; visionado pendiente"
"unisport","Reseña de Nike Phantom 6 Low: ¿es realmente mejor?","https://www.youtube.com/watch?v=u1CHNwVR4cM","localizado; visionado pendiente"
"unisport","Cómo CONSTRUIR tu CONFIANZA en el campo de fútbol","https://www.youtube.com/watch?v=GA4f6VIuJ8o","localizado; visionado pendiente"
"unisport","Corta hacia dentro y ANOTA con esta efectiva habilidad de Kvaratskhelia","https://www.youtube.com/watch?v=RrOTpLJa84Q","localizado; visionado pendiente"
"unisport","OTRO Hypervenom 1 que... ¿CAMBIA DE COLOR?","https://www.youtube.com/watch?v=LRyF6sZ4HQI","localizado; visionado pendiente"
"unisport","¡Probé botas de fútbol hechas SÓLO para MUJERES!","https://www.youtube.com/watch?v=O-G6Awh5NY0","localizado; visionado pendiente"
"unisport","5 cosas inesperadas que aprender de los GOAT (¡que te mejorarán!)","https://www.youtube.com/watch?v=u3xtCWTiN9k","localizado; visionado pendiente"
"unisport","Prueba de juego de Hypervenom 1 Regen: ¡HA VUELTO!","https://www.youtube.com/watch?v=O8vpNKHLZ9c","localizado; visionado pendiente"
"unisport","Te enseñaré las técnicas de estilo libre favoritas de los profesionales en POCO TIEMPO","https://www.youtube.com/watch?v=y8nF59yRSs4","localizado; visionado pendiente"
"unisport","These 1v1 skills are like cheating, and defenders won't like it","https://www.youtube.com/watch?v=DX95Ym5MiC4","localizado; visionado pendiente"
"unisport","¿Eres lo suficientemente bueno para lograr esto?","https://www.youtube.com/watch?v=xPwXx-PuJFk","localizado; visionado pendiente"
"unisport","De ninguna manera lo arruinaron otra vez… oh 😐","https://www.youtube.com/watch?v=9H60NkoZHOM","localizado; visionado pendiente"
"unisport","Deja de cansarte en los partidos de fútbol (y gana resistencia)","https://www.youtube.com/watch?v=B2cjAiFEXJA","localizado; visionado pendiente"
"unisport","¡Viendo botas de fútbol LOCAS de los últimos 100 años!","https://www.youtube.com/watch?v=kUGwpDeT7wk","localizado; visionado pendiente"
"unisport","They're back after 15 years and they're glorious","https://www.youtube.com/watch?v=H2jwrBzQeLY","localizado; visionado pendiente"
"unisport","5 botas EXCELENTES para comprar con un presupuesto limitado","https://www.youtube.com/watch?v=j7Uas1_nEBY","localizado; visionado pendiente"
"unisport","Cómo SEGUIR siendo BUENO a pesar de tener un pie MUERTO y débil","https://www.youtube.com/watch?v=b7DkvOBSGc8","localizado; visionado pendiente"
"unisport","Conseguí que MBAPPÉ calificara TODAS sus botas exclusivas","https://www.youtube.com/watch?v=3-mQGxRgnXg","localizado; visionado pendiente"
"unisport","Las 5 mejores botas si no puedes atarte los cordones (o te gustan sin cordones)","https://www.youtube.com/watch?v=WyJocff65jA","localizado; visionado pendiente"
"unisport","5 errores de defensa que probablemente estás cometiendo","https://www.youtube.com/watch?v=eZxCQx00y3s","localizado; visionado pendiente"
"unisport","Aprende a DESLIZARTE entre los defensores con EZE como tu maestro","https://www.youtube.com/watch?v=wLdxkNZ10pU","localizado; visionado pendiente"
"unisport","Hemos esperado 3 años por esto y es casi perfecto.","https://www.youtube.com/watch?v=0N4eIASVXLg","localizado; visionado pendiente"
"unisport","¡5 botas de velocidad CRIMINALMENTE subestimadas que son REALMENTE buenas!","https://www.youtube.com/watch?v=uRwF9cuzP_I","localizado; visionado pendiente"
"unisport","Nos hicieron unas botas de cumpleaños PERSONALIZADAS 🎈🎂","https://www.youtube.com/watch?v=Medos3g9SFc","localizado; visionado pendiente"
"unisport","Cómo usar tus calcetines como un PROFESIONAL: ¡los mejores trucos para usar calcetines!","https://www.youtube.com/watch?v=uFevswd7MhY","localizado; visionado pendiente"
"unisport","¡Elige los tacos ADECUADOS para tus botas! (importante)","https://www.youtube.com/watch?v=n1s9rn9f8aY","localizado; visionado pendiente"
"unisport","Nuevas botas WILD de Mbappé: ¿eres lo suficientemente VALIENTE?","https://www.youtube.com/watch?v=BLHbTBqOBLA","localizado; visionado pendiente"
"unisport","DEJA DE SER LENTO y EMPIEZA A CORRER MÁS RÁPIDO con estos 35 consejos de velocidad.","https://www.youtube.com/watch?v=XD7I6Z5Q3Wg","localizado; visionado pendiente"
"unisport","Por qué la mayoría de las habilidades son inútiles (y qué hacer en su lugar)","https://www.youtube.com/watch?v=8BWiIegFQMI","localizado; visionado pendiente"
"unisport","3 hábitos de delantero que NO tenías idea y que te harán 10 veces MEJOR","https://www.youtube.com/watch?v=nB2hbeL1PMc","localizado; visionado pendiente"
"unisport","¡Han fabricado botas de fútbol AIR MAX!... (no, no es broma)","https://www.youtube.com/watch?v=kjDSQlnsaus","localizado; visionado pendiente"
"unisport","Las MEJORES botas de fútbol para TODOS los presupuestos en 2025","https://www.youtube.com/watch?v=WOV_JpaQf6k","localizado; visionado pendiente"
"unisport","¡Sigue estos 5 sencillos consejos para convertirte en un MEJOR centrocampista ofensivo!","https://www.youtube.com/watch?v=X21jP_i-fNs","localizado; visionado pendiente"
"unisport","Why your football boots break AND HOW TO PREVENT IT","https://www.youtube.com/watch?v=HJM_kTqFpM8","localizado; visionado pendiente"
"unisport","Cómo tener un AURA INCREÍBLE en el campo de fútbol","https://www.youtube.com/watch?v=nV5ISStV-lk","localizado; visionado pendiente"
"unisport","500 IQ football skills that only GENIUS players know","https://www.youtube.com/watch?v=hCRvHNqsBCQ","localizado; visionado pendiente"
"unisport","Habilidades de delantero que no sabías que tenías","https://www.youtube.com/watch?v=IvTWbgc8c98","localizado; visionado pendiente"
"unisport","I met the legend RAUL and HAD to ask him about his goalscoring tips","https://www.youtube.com/watch?v=CzA7JXCcw5o","localizado; visionado pendiente"
"unisport","Relanzaron este balón que los porteros ODIABAN, así que tuve que probarlo","https://www.youtube.com/watch?v=fQ92ctcp1Z4","localizado; visionado pendiente"
"unisport","5 habilidades desequilibradas para crear espacio para un tiro (y marcar)","https://www.youtube.com/watch?v=F2VIor9ZBHA","localizado; visionado pendiente"
"unisport","¡5 pases inteligentes que sólo hacen los jugadores INTELIGENTES!","https://www.youtube.com/watch?v=7BsJ_vmONro","localizado; visionado pendiente"
"unisport","¡Esta habilidad (casi) SIEMPRE funciona para vencer a los defensores agresivos!","https://www.youtube.com/watch?v=LYaNYO87j_U","localizado; visionado pendiente"
"unisport","Probando mis botas CUSTOM MADE PRO: ¿Cuánto mejores son realmente?","https://www.youtube.com/watch?v=ARmEqCaPARk","localizado; visionado pendiente"
"unisport","¡Aprendiendo la ÚNICA habilidad futbolística que NUNCA he podido hacer!","https://www.youtube.com/watch?v=PHCoIae0WPg","localizado; visionado pendiente"
"unisport","30 hábitos de fútbol que NECESITAS aprender de 8 jugadores profesionales","https://www.youtube.com/watch?v=fQMNoCe48Ck","localizado; visionado pendiente"
"unisport","¿No sabes driblar? ¡Aquí tienes 3 habilidades para GANAR a los defensores!","https://www.youtube.com/watch?v=jPCp5uHUlQs","localizado; visionado pendiente"
"unisport","Sal de la PRESIÓN con estas 4 FÁCILES habilidades","https://www.youtube.com/watch?v=xoz_9ZuKG-g","localizado; visionado pendiente"
"unisport","Nike Mercurial Vapor 1 CR7 remake: ¿se equivocaron otra vez?","https://www.youtube.com/watch?v=13WeLyvTKDk","localizado; visionado pendiente"
"unisport","Mejora el regate en espacios reducidos con FODEN como profesor","https://www.youtube.com/watch?v=GPkr7PNCK64","localizado; visionado pendiente"
"unisport","Probé las botas de fútbol MÁS BARATAS vs MÁS CARAS","https://www.youtube.com/watch?v=HitulNicdKA","localizado; visionado pendiente"
"unisport","¡Me construyeron botas PERSONALIZADAS igual que lo hacen para los PROFESIONALES!","https://www.youtube.com/watch?v=SA21eP6QC40","localizado; visionado pendiente"
"unisport","El truco SENCILLO de Lamine Yamal del que TÚ también puedes abusar","https://www.youtube.com/watch?v=FFH0e_anA98","localizado; visionado pendiente"
"unisport","Cómo hacer que el regate 1vs1 sea FÁCIL","https://www.youtube.com/watch?v=oMK8HT3MhpA","localizado; visionado pendiente"
"unisport","Probando el campo de fútbol más extraño del mundo","https://www.youtube.com/watch?v=ANjwkX2tack","localizado; visionado pendiente"
"unisport","Mejora tu definición con Rashford como profesor.","https://www.youtube.com/watch?v=Wa8td2rk5Ns","localizado; visionado pendiente"
"unisport","Probando los PRIMEROS y ÚLTIMOS balones Nike de la Premier League (2000-2025)","https://www.youtube.com/watch?v=tNYhvdZRb9I","localizado; visionado pendiente"
"unisport","¡Consejos importantes del MEDIOCAMPISTA para controlar el juego del jugador de la Premier League!","https://www.youtube.com/watch?v=mg5XullkXek","localizado; visionado pendiente"
"unisport","¡Las 5 mejores botas relación calidad precio del 2025!","https://www.youtube.com/watch?v=RXVp4oKp-eQ","localizado; visionado pendiente"
"unisport","¿Estás cometiendo estos errores de fútbol de principiante?","https://www.youtube.com/watch?v=a4yk3_wFF3o","localizado; visionado pendiente"
"unisport","Aprende a ser un defensa MÁS INTELIGENTE con Sergio Ramos como maestro","https://www.youtube.com/watch?v=AZio-bm9prM","localizado; visionado pendiente"
"unisport","Probé TODAS las botas de fútbol para ver cuál calza MEJOR","https://www.youtube.com/watch?v=kFDqXP6iNo0","localizado; visionado pendiente"
"unisport","¡Solo necesitas UNA habilidad (y te enseñaremos!)","https://www.youtube.com/watch?v=Wszn8GkNwpo","localizado; visionado pendiente"
"unisport","Aprende a ser el mejor lateral ofensivo con Frimpong como tu maestro","https://www.youtube.com/watch?v=LYz4dwZe9IY","localizado; visionado pendiente"
"unisport","Botas adidas Predator 25 BARATAS vs CARAS ¡EXPLICADAS!","https://www.youtube.com/watch?v=reei9HAx1Sk","localizado; visionado pendiente"
"unisport","Cómo sentirse más SEGURO con el PELOTA","https://www.youtube.com/watch?v=uQcryTiyujc","localizado; visionado pendiente"
"unisport","30 tips that EVERY winger needs to hear!","https://www.youtube.com/watch?v=YyE3bdmUD88","localizado; visionado pendiente"
"unisport","Aquí está la CLAVE para aumentar la POTENCIA DEL DISPARO","https://www.youtube.com/watch?v=4FanBYNGS6U","localizado; visionado pendiente"
"unisport","Aprende a usar la VELOCIDAD para GANAR duelos 1 contra 1 con Nico Williams como profesor.","https://www.youtube.com/watch?v=zBopP5udEvI","localizado; visionado pendiente"
"unisport","5 EASY ways to receive the ball and turn with your first touch","https://www.youtube.com/watch?v=OSdPtoqEtbk","localizado; visionado pendiente"
"unisport","Cómo elegir botas para tu puesto","https://www.youtube.com/watch?v=wEhWJCU2hVg","localizado; visionado pendiente"
"unisport","¡Mejora el control ceñido del regate con B. SILVA como profesor!","https://www.youtube.com/watch?v=Mnfiv6zCScc","localizado; visionado pendiente"
"unisport","Reseña de Mizuno Alpha II: ¿Dos pasos ADELANTE y uno ATRÁS?","https://www.youtube.com/watch?v=b5enIgwZok8","localizado; visionado pendiente"
"unisport","¡Éste es un GRAN problema para el Legend 10!","https://www.youtube.com/watch?v=ucMtiSXoCis","localizado; visionado pendiente"
"unisport","¿Vapor 16 asesinos? - Análisis de New Balance Furon v8 Elite","https://www.youtube.com/watch?v=-4M7d5cz9qw","localizado; visionado pendiente"
"unisport","TODOS los balones del Mundial desde 1970 (en un estuche de 100.000 dólares)","https://www.youtube.com/watch?v=0nZ-q3imCBk","localizado; visionado pendiente"
"unisport","Tienes que jugar en el tercer hombre, porque es...","https://www.youtube.com/watch?v=YvD_JQ56PiA","localizado; visionado pendiente"
"unisport","5 cosas que NECESITAS en tu bolso para el partido de fútbol - 2025","https://www.youtube.com/watch?v=kX0-Q8XmSns","localizado; visionado pendiente"
"unisport","¡Aprende 50 habilidades de partido LOCAS que humillarán a tus oponentes!","https://www.youtube.com/watch?v=lR_-chj9Z60","localizado; visionado pendiente"
"unisport","Cómo cambiar tu resistencia para siempre","https://www.youtube.com/watch?v=xZ37o6ONH-A","localizado; visionado pendiente"
"unisport","Esto te hará MUCHO más rápido de lo que imaginas","https://www.youtube.com/watch?v=jN1a8hAApY0","localizado; visionado pendiente"
"unisport","Las mejores botas de fútbol de EDICIÓN LIMITADA de 2024","https://www.youtube.com/watch?v=ATUjhx9ZiS4","localizado; visionado pendiente"
"unisport","¡La HOJA DE TRUCOS para marcar más goles de cabeza!","https://www.youtube.com/watch?v=yWWebYU-Go0","localizado; visionado pendiente"
"unisport","Fui un niño prodigio de FM y me convertí en un profesional. Aquí te explico cómo.","https://www.youtube.com/watch?v=F3U2xtrUykw","localizado; visionado pendiente"
"unisport","No puedo mentir, estas botas me han decepcionado.","https://www.youtube.com/watch?v=QX1nPqZrpeI","localizado; visionado pendiente"
"unisport","Normalmente no se permite la entrada a la gente aquí... PERO...","https://www.youtube.com/watch?v=_0KRP3h5RAw","localizado; visionado pendiente"
"unisport","¡Las 5 MEJORES botas de fútbol de 2024!","https://www.youtube.com/watch?v=XHBfdDlc8QI","localizado; visionado pendiente"
"unisport","Estos trucos de defensa son como CÓDIGOS DE TRUCOS para detener a los atacantes","https://www.youtube.com/watch?v=BZiz43I9Jxc","localizado; visionado pendiente"
"unisport","99% won't have seen many of these boots before...","https://www.youtube.com/watch?v=Mj5zB6e0jPM","localizado; visionado pendiente"
"unisport","5 señales de que te estás convirtiendo en un DIOS del fútbol","https://www.youtube.com/watch?v=v3ctHJiXJUo","localizado; visionado pendiente"
"unisport","Estos 3 errores de velocidad te harán MÁS LENTO","https://www.youtube.com/watch?v=q4Z5UD33hjY","localizado; visionado pendiente"
"unisport","BEST VALUE FOR MONEY right now? - Copa Icon 2 play test","https://www.youtube.com/watch?v=z2xz_3lYFvE","localizado; visionado pendiente"
"unisport","Dentro del archivo SECRETO de adidas (¡y desenterré algunas COLD F50!) 😳","https://www.youtube.com/watch?v=BOyVFfoAY6Q","localizado; visionado pendiente"
"unisport","Future 8 contra Predator Elite FT: ¡uno es MUCHO mejor!","https://www.youtube.com/watch?v=cjXVvFmobsk","localizado; visionado pendiente"
"unisport","¡Soy el PRIMER jugador amateur en recibir el mismo tratamiento de botas personalizado que Messi!","https://www.youtube.com/watch?v=f_rv2Ajxl2A","localizado; visionado pendiente"
"unisport","Reseña de las adidas Copa Pure III: ¿es suficiente?","https://www.youtube.com/watch?v=yV0t9XCXxqQ","localizado; visionado pendiente"
"unisport","3 cosas que debes DEJAR de hacer AHORA MISMO en el fútbol","https://www.youtube.com/watch?v=jip6pA1p0q8","localizado; visionado pendiente"
"unisport","Reseña de PUMA Future 8 Ultimate: ¡es mejor, PERO!","https://www.youtube.com/watch?v=vMD15i78IRE","localizado; visionado pendiente"
"unisport","Análisis de las adidas Predator Elite FT: lo bueno se ha vuelto aún mejor","https://www.youtube.com/watch?v=iHByL0stQvo","localizado; visionado pendiente"
"unisport","Probablemente nunca te hayas dado cuenta de que Messi hace ESTO","https://www.youtube.com/watch?v=vh-AfHTLP_E","localizado; visionado pendiente"
"unisport","¡Sólo mira esto si realmente quieres mejorar!","https://www.youtube.com/watch?v=xZOiS7wFIUA","localizado; visionado pendiente"
"unisport","Reseña de las Nike Mercurial Vapor 1 Regen: ¡Estuvo tan cerca...!","https://www.youtube.com/watch?v=581fVC3Mprg","localizado; visionado pendiente"
"unisport","Bad weak foot? You can STILL do these 3 easy skills!","https://www.youtube.com/watch?v=Zk8X6I-XphI","localizado; visionado pendiente"
"unisport","Aprende a ser IMPARABLE en combates 1v1 con DOKU como tu profesor","https://www.youtube.com/watch?v=USEy6KXQR8Y","localizado; visionado pendiente"
"unisport","Las 5 mejores zapatillas de fútbol sala de 2024","https://www.youtube.com/watch?v=IQGYFizufMU","localizado; visionado pendiente"
"unisport","Haz que tus botas queden mejor INMEDIATAMENTE con estos 5 trucos","https://www.youtube.com/watch?v=luziK7bsAhE","localizado; visionado pendiente"
"unisport","¡Esto hará que sea imposible detener a los huelguistas...!","https://www.youtube.com/watch?v=UfecrXHjF9o","localizado; visionado pendiente"
"unisport","¡Antes era aún más loco...! (Prototipos increíbles de adidas F50+)","https://www.youtube.com/watch?v=qiBmOu0md7g","localizado; visionado pendiente"
"unisport","Cómo preparar tu bolso para el INVIERNO y MANTENERTE CALIENTE","https://www.youtube.com/watch?v=5pWPzViHx4o","localizado; visionado pendiente"
"unisport","Cómo DOMINAR el juego SIN usar habilidades","https://www.youtube.com/watch?v=XbHh7cV7-Kc","localizado; visionado pendiente"
"unisport","Estos Predators de CUERO son gloriosos, PERO ¿deberías comprarlos?","https://www.youtube.com/watch?v=ynuOzT55qMI","localizado; visionado pendiente"
"unisport","Las 5 MEJORES botas de fútbol SG de 2024 (para terrenos blandos y embarrados)","https://www.youtube.com/watch?v=VHWcbJMbKmo","localizado; visionado pendiente"
"unisport","Aprende 4 habilidades FÁCILES que impresionarán a tus amigos","https://www.youtube.com/watch?v=3O0e3Dq-YmI","localizado; visionado pendiente"
"unisport","Tutorial para principiantes de STEPOVER: ¡aprenda PASO a PASO!","https://www.youtube.com/watch?v=y1UJrlWu7J8","localizado; visionado pendiente"
"unisport","3 freestyle skills you can actually use to improve CONTROL","https://www.youtube.com/watch?v=LenEZEkdGss","localizado; visionado pendiente"
"unisport","Cómo DESBLOQUEAR tu potencial de puntuación","https://www.youtube.com/watch?v=LfnqSTRIn30","localizado; visionado pendiente"
"unisport","¿Por qué sigues PERDIENDO tus pases (y cómo solucionarlo)","https://www.youtube.com/watch?v=1Cxj7LIoAX8","localizado; visionado pendiente"
"unisport","Football LIES they keep telling you that aren’t true","https://www.youtube.com/watch?v=NyHXsGPrxL4","localizado; visionado pendiente"
"unisport","Las mejores botas para pies DELGADOS y ESTRECHOS 2024","https://www.youtube.com/watch?v=bqmUOBkNewI","localizado; visionado pendiente"
"unisport","30 consejos de defensa de jugadores PRO (VVD, Dias y más)","https://www.youtube.com/watch?v=DLzB_wAI88M","localizado; visionado pendiente"
"unisport","5 cosas que MESSI hace con el regate y TÚ no","https://www.youtube.com/watch?v=JsLaa1Agr44","localizado; visionado pendiente"
"unisport","Si sólo vas a comprar UNA bota nueva este año, que sea ésta...","https://www.youtube.com/watch?v=pj2DK794GmY","localizado; visionado pendiente"
"unisport","7 turnos mortales que dejan a los defensores indefensos","https://www.youtube.com/watch?v=GtLwTlMP6HQ","localizado; visionado pendiente"
"unisport","5 errores comunes de los jugadores jóvenes y CÓMO EVITARLOS","https://www.youtube.com/watch?v=Ptsp0D3N6Tk","localizado; visionado pendiente"
"unisport","10 MITOS sobre las botas de fútbol que no son ciertos","https://www.youtube.com/watch?v=8bip3Gnc9G8","localizado; visionado pendiente"
"unisport","¡NO aprendas habilidades sofisticadas hasta que domines ESTO!","https://www.youtube.com/watch?v=5WqUs-0EwBA","localizado; visionado pendiente"
"unisport","¿Profesional o novato? ¡Tú decides!","https://www.youtube.com/watch?v=fr_in2FxKIw","localizado; visionado pendiente"
"unisport","42 minutos de consejos de tiro que cambiarán tu definición para siempre","https://www.youtube.com/watch?v=vVMRcWczUUw","localizado; visionado pendiente"
"unisport","Las mejores botas de fútbol para pies anchos 2024","https://www.youtube.com/watch?v=Yks2wAOOWeU","localizado; visionado pendiente"
"unisport","¡Cómo mejorar la VISIÓN y la CONCIENCIA por ti mismo!","https://www.youtube.com/watch?v=tVNtARVKZCs","localizado; visionado pendiente"
"unisport","Si no sabes ESTO, no deberías ser delantero","https://www.youtube.com/watch?v=r-xNitT6VTY","localizado; visionado pendiente"
"unisport","3 consejos para principiantes para MEJORES acabados en el box","https://www.youtube.com/watch?v=BDALFHY8VEA","localizado; visionado pendiente"
"unisport","5 DURAS VERDADES que nadie quiere decirte...","https://www.youtube.com/watch?v=UMhqHIGlOZM","localizado; visionado pendiente"
"unisport","5 effective 2-touch skills that beat EVERY defender","https://www.youtube.com/watch?v=JE8CEX6acW4","localizado; visionado pendiente"
"unisport","5 formas de driblar: aprende diferentes estilos","https://www.youtube.com/watch?v=JLoFP76tj0s","localizado; visionado pendiente"
"unisport","You will learn this impressive skill in less than 3 minutes","https://www.youtube.com/watch?v=ykugqnkqTdc","localizado; visionado pendiente"
"unisport","¡5 cosas que TODO EXTREMO debe saber!","https://www.youtube.com/watch?v=2osWCSZkeW0","localizado; visionado pendiente"
"unisport","¡Estas habilidades no deberían funcionar, pero FUNCIONAN - y los defensas las ODIAN!","https://www.youtube.com/watch?v=Iqoau7yCj4g","localizado; visionado pendiente"
"unisport","NO compres el remake de Predator Mania antes de ver esto…","https://www.youtube.com/watch?v=QVKop0dKLoY","localizado; visionado pendiente"
"unisport","Cómo arreglar tu cabeza y eliminar los pensamientos negativos para JUGAR MEJOR","https://www.youtube.com/watch?v=6gfDl7K46Sk","localizado; visionado pendiente"
"unisport","La forma FÁCIL de mejorar el regate a VELOCIDAD","https://www.youtube.com/watch?v=yTtK44I6pTU","localizado; visionado pendiente"
"unisport","Top 5 BEST speed boots 2024 (so hard to choose!)","https://www.youtube.com/watch?v=v8x_6iYVotE","localizado; visionado pendiente"
"unisport","Endrick: My dream is...","https://www.youtube.com/watch?v=d7wdiZ9QgOA","localizado; visionado pendiente"
"unisport","30 consejos de ATACANTES de 8 jugadores PROFESIONALES","https://www.youtube.com/watch?v=LdgDhnjge98","localizado; visionado pendiente"
"unisport","Cómo armar tu maleta de fútbol CON POCO PRESUPUESTO en 2024","https://www.youtube.com/watch?v=gq2RhTXU-N4","localizado; visionado pendiente"
"unisport","Aprende la Trivela, también conocida como disparo de plátano = curva 99","https://www.youtube.com/watch?v=bR3HZbvSMwY","localizado; visionado pendiente"
"unisport","Las 5 mejores botas 'Pro' baratas de 2024","https://www.youtube.com/watch?v=SbuZsmjlVfQ","localizado; visionado pendiente"
"unisport","40 consejos de centrocampistas de jugadores profesionales","https://www.youtube.com/watch?v=I9Z8CYS0DnI","localizado; visionado pendiente"
"unisport","Reseña de las botas Sokito Scudetta: ¡las MEJORES botas de las que nunca has oído hablar!","https://www.youtube.com/watch?v=MXUud5EXwds","localizado; visionado pendiente"
"unisport","Estas botas tienen IMANES reales en ellas...","https://www.youtube.com/watch?v=yUxSRKikTu0","localizado; visionado pendiente"
"unisport","3 striker rules that will make you more clinical","https://www.youtube.com/watch?v=fA4kKxFJqmw","localizado; visionado pendiente"
"unisport","5 nutmeg skills to HUMILIATE defenders","https://www.youtube.com/watch?v=U4rHO_K8KGY","localizado; visionado pendiente"
"unisport","Cómo dominar el pase largo (y qué estás haciendo mal)","https://www.youtube.com/watch?v=avnktTwvp3g","localizado; visionado pendiente"
"unisport","Cómo cruzar el tren POR TU CUENTA","https://www.youtube.com/watch?v=ACrDYT6dgPY","localizado; visionado pendiente"
"unisport","¿Las MEJORES botas AG que puedes comprar ahora mismo?","https://www.youtube.com/watch?v=syNhpdGaMVQ","localizado; visionado pendiente"
"unisport","Cómo hacer que el regate sea más NATURAL","https://www.youtube.com/watch?v=YRpyB0TIBUY","localizado; visionado pendiente"
"unisport","Mejora tu regate en el uno contra uno con Luis Díaz como profesor.","https://www.youtube.com/watch?v=smAryTrJPYk","localizado; visionado pendiente"
"unisport","¡Vapor 16 y Superfly 10: BARATAS vs. CARAS explicadas!","https://www.youtube.com/watch?v=CYln_1ELfy4","localizado; visionado pendiente"
"unisport","3 easy drills to improve SPEED and POWER","https://www.youtube.com/watch?v=V49GD4qhfxM","localizado; visionado pendiente"
"unisport","¿Los Mercs más importantes de la historia? ¿Está tu favorito?","https://www.youtube.com/watch?v=o3ZRmvwGjPQ","localizado; visionado pendiente"
"unisport","5 cosas que los extremos jóvenes pueden aprender de Barcola","https://www.youtube.com/watch?v=EZDUKvk5hyc","localizado; visionado pendiente"
"unisport","FOOTBALL ASMR for 31 minutes - relaxing and familiar sounds","https://www.youtube.com/watch?v=clrRFIwflHg","localizado; visionado pendiente"
"unisport","¡El secreto para vencer a los defensores RÁPIDOS!","https://www.youtube.com/watch?v=tHcCFKTopto","localizado; visionado pendiente"
"unisport","Become FASTER by improving your BRAKING speed...?!","https://www.youtube.com/watch?v=656IFl9-cXo","localizado; visionado pendiente"
"unisport","Dentro de la fábrica de botas de adidas donde fabrican botas A MANO","https://www.youtube.com/watch?v=vxDLJJBS68w","localizado; visionado pendiente"
"unisport","Seeing some of the INSANE Vapor 16 prototypes…","https://www.youtube.com/watch?v=XgJIv6YQmug","localizado; visionado pendiente"
"unisport","Aprende a TEJER a través de las defensas con Jota como tu maestro","https://www.youtube.com/watch?v=BU2AY7du6kw","localizado; visionado pendiente"
"unisport","How to SLOW DOWN and CONTROL the game","https://www.youtube.com/watch?v=LL3pJCsNqYM","localizado; visionado pendiente"
"unisport","Become UNSTOPPABLE in 1v1 in 2min 41sec","https://www.youtube.com/watch?v=VcfK5nXniKQ","localizado; visionado pendiente"
"unisport","This injury is far too common - here's how to avoid it!","https://www.youtube.com/watch?v=w__NgGGu8tg","localizado; visionado pendiente"
"unisport","5 TRUCOS para marcar MÁS goles como el jefe que eres","https://www.youtube.com/watch?v=ofNxXOkrcys","localizado; visionado pendiente"
"unisport","3 fintas corporales sencillas para ayudar a los extremos a ANOTAR MÁS","https://www.youtube.com/watch?v=rZeL8ZEaEKk","localizado; visionado pendiente"
"unisport","F50 vs Vapor vs Ultra - ¿CUÁL ELEGIR?","https://www.youtube.com/watch?v=2-YSaX5ViEM","localizado; visionado pendiente"
"unisport","Puede parecer aburrido, pero NECESITAS hacer esto después de los partidos.","https://www.youtube.com/watch?v=AC3fCYQO4Yw","localizado; visionado pendiente"
"unisport","LOS FUNDAMENTOS DEL PASE - tutorial para principiantes","https://www.youtube.com/watch?v=oIpRuzvsU80","localizado; visionado pendiente"
"unisport","INSIDE NIKE's SECRET FOOTBALL BOOT LAB","https://www.youtube.com/watch?v=0Oq92kDzq6E","localizado; visionado pendiente"
"unisport","SUPERFLY 9 vs SUPERFLY 10: ¿cuál es mejor?","https://www.youtube.com/watch?v=1Q1B-36y6OM","localizado; visionado pendiente"
"unisport","5 pasos que SIEMPRE funcionan","https://www.youtube.com/watch?v=MnwaJGMCULo","localizado; visionado pendiente"
"unisport","Cómo se fabrica el nuevo Vapor 16, pieza a pieza","https://www.youtube.com/watch?v=If6XCd-2FBo","localizado; visionado pendiente"
"unisport","RESEÑA DE LAS NIKE MERCURIAL VAPOR 16 - ¿¡Las mejores Mercurial de la historia?!","https://www.youtube.com/watch?v=QAXXNYvTzNo","localizado; visionado pendiente"
"unisport","¿Lesionado? No te apresures y HAZ ESTO","https://www.youtube.com/watch?v=Z9OyNyip8Nw","localizado; visionado pendiente"
"unisport","Análisis de las PUMA Ultra Ultimate: ¿mejores que las Carbon?","https://www.youtube.com/watch?v=mpv226HI1zA","localizado; visionado pendiente"
"unisport","adidas F50+ REVIEW - uhm, tenemos que hablar...","https://www.youtube.com/watch?v=0SShKjjYYso","localizado; visionado pendiente"
"unisport","5 errores de PRINCIPIANTE que debes EVITAR","https://www.youtube.com/watch?v=lPvui0x8BYY","localizado; visionado pendiente"
"unisport","5 consejos SIMPLES para convertirte en PROFESIONAL rápidamente","https://www.youtube.com/watch?v=EG8Kvr2mZH8","localizado; visionado pendiente"
"unisport","¡Cómo EVITAR lesiones musculares!","https://www.youtube.com/watch?v=pZh4KoVn23c","localizado; visionado pendiente"
"unisport","Estos sencillos ejercicios te harán MUCHO más rápido","https://www.youtube.com/watch?v=acgon_C4fM8","localizado; visionado pendiente"
"unisport","Reseña de las adidas F50 Messi: ¿candidatas a bota del año?","https://www.youtube.com/watch?v=JsIx0nAP3gM","localizado; visionado pendiente"
"unisport","Entrenamiento de fútbol FÁCIL que te hará MÁS FUERTE","https://www.youtube.com/watch?v=9QpMOK4aSAI","localizado; visionado pendiente"
"unisport","¡Aprende 3 HABILIDADES para laterales derechos e izquierdos!","https://www.youtube.com/watch?v=S3Iu7y7bXUU","localizado; visionado pendiente"
"unisport","Consejos esenciales para CONVERTIRTE en el MEJOR extremo","https://www.youtube.com/watch?v=cTgjc1HGxks","localizado; visionado pendiente"
"unisport","¿Dentro de la fábrica de botas de Adidas que está llena de… robots?","https://www.youtube.com/watch?v=ZhaY1Ch-xOE","localizado; visionado pendiente"
"unisport","Explicación de las versiones BARATAS y CARAS de las adidas F50","https://www.youtube.com/watch?v=7ymDwqhHS14","localizado; visionado pendiente"
"unisport","¡Haz ESTO en lugar de realizar movimientos de habilidad sofisticados…!","https://www.youtube.com/watch?v=Oaj0B2YHnpA","localizado; visionado pendiente"
"unisport","Análisis de las PUMA King Ultimate: ¿lo NUEVO significa MEJOR?","https://www.youtube.com/watch?v=u4WOp0Zttfk","localizado; visionado pendiente"
"unisport","Hablamos con Son sobre TODAS las botas que ha usado (¡nos sorprendió!).","https://www.youtube.com/watch?v=t3J1aUtQBr0","localizado; visionado pendiente"
"unisport","El SECRETO para un toque SUAVE para controlar CUALQUIER pase","https://www.youtube.com/watch?v=J91H3MOFZuY","localizado; visionado pendiente"
"unisport","Aprende a MANTENER la CALMA con el balón con Xavi Simons como profesor","https://www.youtube.com/watch?v=WOdDoUXtA_0","localizado; visionado pendiente"
"unisport","Cómo marcar SIEMPRE en un uno contra uno contra el portero","https://www.youtube.com/watch?v=5OWWGerdpss","localizado; visionado pendiente"
"unisport","23 grandes errores que TODOS los futbolistas deben EVITAR","https://www.youtube.com/watch?v=k3CSkEEqJ18","localizado; visionado pendiente"
"unisport","Become a LEADER with Virgil van Dijk as your teacher","https://www.youtube.com/watch?v=UWNfUJise0o","localizado; visionado pendiente"
"unisport","Adidas F50 vs PUMA Ultra Carbon - what to choose?","https://www.youtube.com/watch?v=AzYlvZJxm9k","localizado; visionado pendiente"
"unisport","POR QUÉ estos SON OTRO NIVEL","https://www.youtube.com/watch?v=sLF-P3xx6iM","localizado; visionado pendiente"
"unisport","Análisis de las adidas F50 Elite: ¿La pesadilla de Nike?","https://www.youtube.com/watch?v=facA5Z9IifU","localizado; visionado pendiente"
"unisport","PUMA Ultra Carbon review - this won’t be for everyone!","https://www.youtube.com/watch?v=ShwinCEXAK8","localizado; visionado pendiente"
"unisport","Essential DOs and DON'Ts in football","https://www.youtube.com/watch?v=zV3ZMnIUfKI","localizado; visionado pendiente"
"unisport","5 cosas que aprender de Bukayo Saka","https://www.youtube.com/watch?v=BReCs_Advmc","localizado; visionado pendiente"
"unisport","3 consejos para PRINCIPIANTES para marcar MÁS goles","https://www.youtube.com/watch?v=4guV70Pe4AA","localizado; visionado pendiente"
"unisport","5 faltas sucias (pero necesarias) que cometen los profesionales","https://www.youtube.com/watch?v=q9txZ5mfCbo","localizado; visionado pendiente"
"unisport","LOS 5 MEJORES BALONES DE FÚTBOL DE 2024","https://www.youtube.com/watch?v=1EagCg45mM4","localizado; visionado pendiente"
"unisport","Las lesiones de tobillo son HORRIBLES: ¡aquí te explico cómo prevenirlas!","https://www.youtube.com/watch?v=08WVqJnIkkw","localizado; visionado pendiente"
"unisport","Todos los que terminan en los primeros puestos lo hacen; ¿por qué el tiro a dos toques es una vic...","https://www.youtube.com/watch?v=cm_KU0cA1FE","localizado; visionado pendiente"
"unisport","3 cosas que TODO goleador necesita aprender de HAALAND","https://www.youtube.com/watch?v=imsEl6QFiHA","localizado; visionado pendiente"
"unisport","¡Cómo NUNCA volver a tener ampollas por tus botas de fútbol!","https://www.youtube.com/watch?v=UF04nXTlSV8","localizado; visionado pendiente"
"unisport","Estas 3 habilidades crearán espacio para MARCAR MÁS GOLES","https://www.youtube.com/watch?v=aVRaMg40eis","localizado; visionado pendiente"
"unisport","¡Cosas sencillas que pueden PREVENIR lesiones en el fútbol!","https://www.youtube.com/watch?v=vj4lRphmRGw","localizado; visionado pendiente"
"unisport","¡No esperaba que fueran TAN buenos!","https://www.youtube.com/watch?v=xHj2i3FwNIA","localizado; visionado pendiente"
"unisport","LEARN 30 mistakes to avoid in 30 minutes!","https://www.youtube.com/watch?v=LD-HJ7kEnTo","localizado; visionado pendiente"
"unisport","3 more HABITS that will INSTANTLY make you a better player","https://www.youtube.com/watch?v=hMoVVJyw9qA","localizado; visionado pendiente"
"unisport","Errores tontos en el fútbol que se pueden evitar FÁCILMENTE","https://www.youtube.com/watch?v=QpG8ejx4Yg8","localizado; visionado pendiente"
"unisport","¿Son estas las botas MÁS GENIALES del 2024?","https://www.youtube.com/watch?v=DsK82Qy5XYQ","localizado; visionado pendiente"
"unisport","3 great options if you're SAD that Tiempo ISN'T leather anymore","https://www.youtube.com/watch?v=rYts7gfm7Jg","localizado; visionado pendiente"
"unisport","Say goodbye to your weak foot: 3 INSTANT tips to improve","https://www.youtube.com/watch?v=g6qGr5qxTT0","localizado; visionado pendiente"
"unisport","Inside Nike’s insane football shirt lab 🤓","https://www.youtube.com/watch?v=sF6w7qQjZtI","localizado; visionado pendiente"
"unisport","¡Son geniales! Pero ¿no tienen mucho sentido?","https://www.youtube.com/watch?v=EueQaRWODMM","localizado; visionado pendiente"
"unisport","Esto es lo que debes hacer si eres LENTO y ya te cansaste","https://www.youtube.com/watch?v=FEXQkHgJbJ8","localizado; visionado pendiente"
"unisport","Aprende a disparar con POTENCIA en MENOS de 3 minutos","https://www.youtube.com/watch?v=ipzEbfqAi2Y","localizado; visionado pendiente"
"unisport","Cosas que tu entrenador no te dirá...","https://www.youtube.com/watch?v=FkN0NYI8TGE","localizado; visionado pendiente"
"unisport","Haz esto semanalmente y conviértete en una máquina de objetivos.","https://www.youtube.com/watch?v=sfP9nVmU9sY","localizado; visionado pendiente"
"unisport","3 razones por las que tus habilidades no funcionan (¡y qué hacer!)","https://www.youtube.com/watch?v=X9MoJOU27U0","localizado; visionado pendiente"
"unisport","45 drills to DRASTICALLY improve your ball control!","https://www.youtube.com/watch?v=sL3N5EZ2u4E","localizado; visionado pendiente"
"unisport","POR FIN lo hicieron, ¿pero deberías comprarlos?","https://www.youtube.com/watch?v=gp1VTM3Gs0I","localizado; visionado pendiente"
"unisport","Haz ESTAS carreras de ataque = marca goles FÁCILES","https://www.youtube.com/watch?v=bjZkebrlB3A","localizado; visionado pendiente"
"unisport","Las cosas BUENAS y MALAS que aprendí al jugar en una academia","https://www.youtube.com/watch?v=pg3EeKc4xH4","localizado; visionado pendiente"
"unisport","WHY you NEED to take stamina seriously (even though it sucks)","https://www.youtube.com/watch?v=fy8RkcUs6Zc","localizado; visionado pendiente"
"unisport","5 habilidades para vencer al portero en un uno contra uno","https://www.youtube.com/watch?v=CyNifCdWhWI","localizado; visionado pendiente"
"unisport","¡Por qué usar ESTOS cambiará tu vida!","https://www.youtube.com/watch?v=4ljzqhuKStk","localizado; visionado pendiente"
"unisport","¿Tienes problemas para puntuar? Esto es lo que debes hacer.","https://www.youtube.com/watch?v=-40zuhP4Ofw","localizado; visionado pendiente"
"unisport","Things you need to know if you want to go pro (from a pro)","https://www.youtube.com/watch?v=tPnCC1RGlV8","localizado; visionado pendiente"
"unisport","5 ejercicios sencillos para DOMINAR el regate en espacios reducidos","https://www.youtube.com/watch?v=u0dnJhGJ-UE","localizado; visionado pendiente"
"unisport","Los 5 mejores zapatos de césped de 2024: ¿Rendimiento y seguridad?","https://www.youtube.com/watch?v=D63-4EDght0","localizado; visionado pendiente"
"unisport","Consejos vitales si eres MALO defendiendo...","https://www.youtube.com/watch?v=hSXa8UMeapk","localizado; visionado pendiente"
"unisport","5 football MISTAKES you need to STOP MAKING","https://www.youtube.com/watch?v=bIsLlPZ7I_E","localizado; visionado pendiente"
"unisport","Aprenda CÓMO y CUÁNDO hacer el pase 'PING' - con Eriksen como su profesor","https://www.youtube.com/watch?v=fzBto7uu-pM","localizado; visionado pendiente"
"unisport","Aprende 40 habilidades de extremo para superar a los defensas.","https://www.youtube.com/watch?v=xkBr-VAaj94","localizado; visionado pendiente"
"unisport","3 things to learn from Messi (that are actually useful!)","https://www.youtube.com/watch?v=j4inImULytE","localizado; visionado pendiente"
"unisport","5 giros que SIEMPRE funcionan","https://www.youtube.com/watch?v=PwDTfIjFO88","localizado; visionado pendiente"
"unisport","Las MEJORES botas para césped artificial - 2024","https://www.youtube.com/watch?v=c4Ce-hcHGhU","localizado; visionado pendiente"
"unisport","Estos 3 MALOS HÁBITOS son la razón por la que todavía eres un aficionado","https://www.youtube.com/watch?v=ERmCiaaXkQc","localizado; visionado pendiente"
"unisport","1 tip for EVERY position in football","https://www.youtube.com/watch?v=yNqwgoeRuS8","localizado; visionado pendiente"
"unisport","Aprende 5 fintas corporales ultra efectivas: los movimientos más sencillos en el fútbol","https://www.youtube.com/watch?v=Yc3jl9vmEA8","localizado; visionado pendiente"
"unisport","""Las mujeres no deberían jugar al fútbol""","https://www.youtube.com/watch?v=7c-wUdJ05bU","localizado; visionado pendiente"
"unisport","Lo que un delantero profesional busca en sus botas","https://www.youtube.com/watch?v=56X_3C-rsP4","localizado; visionado pendiente"
"unisport","Las 5 MEJORES botas de control de 2024","https://www.youtube.com/watch?v=naR4esbNNBY","localizado; visionado pendiente"
"unisport","CÓMO y cómo NO utilizar el soleroll","https://www.youtube.com/watch?v=rDvfu-GfgO4","localizado; visionado pendiente"
"unisport","5 errores de PRINCIPIANTE que cometen la mayoría de los jugadores jóvenes","https://www.youtube.com/watch?v=IhSxCEIk2Ug","localizado; visionado pendiente"
"unisport","3 cosas que todos los BUENOS delanteros tienen (y cómo conseguirlas)","https://www.youtube.com/watch?v=vmQvcrysHlM","localizado; visionado pendiente"
"unisport","Cómo anotar tiros libres con efecto: aprende a darle comba al balón","https://www.youtube.com/watch?v=GEbCB313AqM","localizado; visionado pendiente"
"unisport","Learn 48 skills that will IMPRESS your friends","https://www.youtube.com/watch?v=SV6d97r0JRo","localizado; visionado pendiente"
"unisport","Explicación de las versiones BARATAS y CARAS del Nike Phantom GX II","https://www.youtube.com/watch?v=i8rh9vLDeQ0","localizado; visionado pendiente"
"unisport","¿No puedes regatear? Vamos a solucionarlo","https://www.youtube.com/watch?v=QhNAFA00EjE","localizado; visionado pendiente"
"unisport","5 habilidades EFECTIVAS que incluso los defensores pueden usar","https://www.youtube.com/watch?v=vvDV2f7o-Qg","localizado; visionado pendiente"
"unisport","PHANTOM GX 2 vs PREDATOR ELITE - ¡Míralo antes de comprarlo!","https://www.youtube.com/watch?v=y1PWjHHCzRc","localizado; visionado pendiente"
"unisport","Aprenda 5 pasos efectivos para romper tobillos","https://www.youtube.com/watch?v=y68sFZtB0QM","localizado; visionado pendiente"
"unisport","La forma REAL de aprender habilidades que REALMENTE funcionan","https://www.youtube.com/watch?v=nI6lXqLX71A","localizado; visionado pendiente"
"unisport","Comparación entre las adidas Predator 24 baratas y caras: una explicación","https://www.youtube.com/watch?v=PVyIxGvqz-o","localizado; visionado pendiente"
"unisport","4 cosas que debes evitar de cara al gol","https://www.youtube.com/watch?v=TjL5Kdgsp4U","localizado; visionado pendiente"
"unisport","¡Nike y Adidas estarán PREOCUPADOS por esto!","https://www.youtube.com/watch?v=2pyN5URPvBI","localizado; visionado pendiente"
"unisport","3 vital tips to transforming your game forever","https://www.youtube.com/watch?v=IeC3kE8vWP0","localizado; visionado pendiente"
"unisport","RESEÑA DE LAS PUMA FUTURE 7 ULTIMATE: ¡Pequeños cambios que funcionan!","https://www.youtube.com/watch?v=0n_ACTgQLvw","localizado; visionado pendiente"
"unisport","Nike explica por qué actualizaron el Phantom GX 2","https://www.youtube.com/watch?v=lATkirkmv9M","localizado; visionado pendiente"
"unisport","The KEY to playing like Mbappe...","https://www.youtube.com/watch?v=7G1VWGyDwbE","localizado; visionado pendiente"
"unisport","Reseña de los Nike Phantom GX2: ¿ya los arruinaron?","https://www.youtube.com/watch?v=y6VHUGIUSfs","localizado; visionado pendiente"
"unisport","Si te cansas fácilmente, HAZ ESTO","https://www.youtube.com/watch?v=8ZPlQa1knLc","localizado; visionado pendiente"
"unisport","APRENDE 45 HABILIDADES DE PARTIDO efectivas en 45 minutos","https://www.youtube.com/watch?v=lNpho_wLci8","localizado; visionado pendiente"
"unisport","Trucos para que el delantero marque más goles","https://www.youtube.com/watch?v=Rk3lhIxNV1g","localizado; visionado pendiente"
"unisport","Las 5 MEJORES botas de fútbol de 2023","https://www.youtube.com/watch?v=Q9HG3uwJ-9U","localizado; visionado pendiente"
"unisport","5 ESSENTIAL drills to get a GREAT first touch","https://www.youtube.com/watch?v=hqxLyva57fw","localizado; visionado pendiente"
"unisport","MY entire FOOTBALL BOOT COLLECTION - 2023 update","https://www.youtube.com/watch?v=-ywm9WmCvg0","localizado; visionado pendiente"
"unisport","Aprende a regatear RÁPIDO (como Messi 🐐)","https://www.youtube.com/watch?v=vUrl1dm2GD8","localizado; visionado pendiente"
"unisport","Conviértete en un MURO defensivo con estas habilidades","https://www.youtube.com/watch?v=tACiM48wb2Y","localizado; visionado pendiente"
"unisport","ALL adidas PREDATORs 1994-2024 | the full story","https://www.youtube.com/watch?v=Zi5Ckk95cJQ","localizado; visionado pendiente"
"unisport","Cómo desarrollar una mentalidad PODEROSA","https://www.youtube.com/watch?v=AAHgD8vk3ec","localizado; visionado pendiente"
"unisport","Best LIMITED EDITION football boots 2023","https://www.youtube.com/watch?v=CNWxL2F74j0","localizado; visionado pendiente"
"unisport","DESTROY all defenders with these 1v1 skills","https://www.youtube.com/watch?v=nKJtGKjBVjw","localizado; visionado pendiente"
"unisport","PREDATOR Elite vs. ACCURACY: ¡mira esto ANTES de comprar!","https://www.youtube.com/watch?v=4XEyB3g1SAU","localizado; visionado pendiente"
"unisport","How to develop YOUR signature skill","https://www.youtube.com/watch?v=3FtrakfB2xQ","localizado; visionado pendiente"
"unisport","Análisis de las adidas Predator: ¿Las MEJORES Predator de la historia?","https://www.youtube.com/watch?v=bxoXYgy22xQ","localizado; visionado pendiente"
"unisport","3 little things that will improve you DRASTICALLY","https://www.youtube.com/watch?v=ZDGIJrABUdk","localizado; visionado pendiente"
"unisport","Can't do the volley? WATCH THIS!","https://www.youtube.com/watch?v=bBlXdrQN9Z8","localizado; visionado pendiente"
"unisport","HAZ ESTO y conviértete en un futbolista PROFESIONAL","https://www.youtube.com/watch?v=oxwCgW_V9Po","localizado; visionado pendiente"
"unisport","They actually brought it back!","https://www.youtube.com/watch?v=ERKBrmCkjig","localizado; visionado pendiente"
"unisport","3 habilidades SENCILLAS pero súper efectivas para los extremos","https://www.youtube.com/watch?v=VfNNy49WtuA","localizado; visionado pendiente"
"unisport","The EASY mental hacks to improving greatly!","https://www.youtube.com/watch?v=OA2lJG6izSQ","localizado; visionado pendiente"
"unisport","Mejora tu tiro con tu pie débil.","https://www.youtube.com/watch?v=G45gulmcfXE","localizado; visionado pendiente"
"unisport","Cómo mantenerse abrigado durante el invierno: edición para futbolistas","https://www.youtube.com/watch?v=TFYjc3x1BEU","localizado; visionado pendiente"
"unisport","Estos trucos de regate FÁCILES harán que los defensores te teman","https://www.youtube.com/watch?v=m4AIIRA7YXM","localizado; visionado pendiente"
"unisport","La técnica SECRETA para pasar de CERO a HÉROE","https://www.youtube.com/watch?v=4vdvNEKctJo","localizado; visionado pendiente"
"unisport","¿El nuevo balón de fútbol de adidas se inspiró en Nike?","https://www.youtube.com/watch?v=QVnhwaQpL3I","localizado; visionado pendiente"
"unisport","¡Sólo para jugadores que SUEÑAN EN GRANDE!","https://www.youtube.com/watch?v=IUOeTrIFurk","localizado; visionado pendiente"
"unisport","5 habilidades MESSI efectivas que todos necesitan aprender","https://www.youtube.com/watch?v=rJ_1nD6Aq8w","localizado; visionado pendiente"
"unisport","¿Tiene agujeros? | Prueba de juego de adidas Strung+","https://www.youtube.com/watch?v=F8iHOxtOQIc","localizado; visionado pendiente"
"unisport","No todo el mundo será lo suficientemente técnico para aprender esto.","https://www.youtube.com/watch?v=l7FkxRkDmOA","localizado; visionado pendiente"
"unisport","Si yo puedo hacerlo, todos pueden: convertirse en profesionales contra todo pronóstico","https://www.youtube.com/watch?v=2tDvKARLV3I","localizado; visionado pendiente"
"unisport","3 things that are holding you back - AVOID THEM!","https://www.youtube.com/watch?v=LpSbZk3bPyc","localizado; visionado pendiente"
"unisport","BEST football boots for EVERY budget","https://www.youtube.com/watch?v=gauftrOPVY4","localizado; visionado pendiente"
"unisport","Learn these INSANELY EASY 1v1 skills!","https://www.youtube.com/watch?v=KzKIbSRqmT8","localizado; visionado pendiente"
"unisport","Todo lo que necesitas saber sobre tiro","https://www.youtube.com/watch?v=RyDE5rz1qMw","localizado; visionado pendiente"
"unisport","Be UNSTOPPABLE in the air - how to improve heading","https://www.youtube.com/watch?v=Fyp4M70M6Hw","localizado; visionado pendiente"
"unisport","5 ESSENTIAL drills to improve YOUR touch","https://www.youtube.com/watch?v=atLBbK2Z6Dw","localizado; visionado pendiente"
"unisport","¡5 errores de principiante que TODO jugador joven debe EVITAR!","https://www.youtube.com/watch?v=yU0dKb6NfjM","localizado; visionado pendiente"
"unisport","3 giros SALVAJES para el extremo: ¡no los compartas con los defensores!","https://www.youtube.com/watch?v=XKDy8NrY9ow","localizado; visionado pendiente"
"unisport","5 skills to do when the defender is TOO close","https://www.youtube.com/watch?v=NVADUeNwXpw","localizado; visionado pendiente"
"unisport","5 EASY changes you NEED to go pro","https://www.youtube.com/watch?v=m0n0lNQ5SQA","localizado; visionado pendiente"
"unisport","DON'T make these common 1v1 mistakes!","https://www.youtube.com/watch?v=55-x6fMpoKM","localizado; visionado pendiente"
"unisport","No hay dónde esconderse en estos... ¿eres lo suficientemente valiente?","https://www.youtube.com/watch?v=kto6uK-OY9E","localizado; visionado pendiente"
"unisport","El secreto para QUEMAR a los defensores con VELOCIDAD","https://www.youtube.com/watch?v=cPSSWqDfrSM","localizado; visionado pendiente"
"unisport","Cómo controlar cualquier pelota en el aire","https://www.youtube.com/watch?v=6sMfu056PtY","localizado; visionado pendiente"
"unisport","5 habilidades que son MUCHO más efectivas de lo que parecen","https://www.youtube.com/watch?v=58-CBxD6i8c","localizado; visionado pendiente"
"unisport","¡Utilice estas habilidades locas SÓLO como último recurso!","https://www.youtube.com/watch?v=RQom47gCgtY","localizado; visionado pendiente"
"unisport","¡4 principios que TODO centrocampista debe saber!","https://www.youtube.com/watch?v=2R9_XF9G49M","localizado; visionado pendiente"
"unisport","Reseña de los adidas Copa Pure 2: ¡Amantes de los Tiempo, vean esto!","https://www.youtube.com/watch?v=Kmf7fmRafp0","localizado; visionado pendiente"
"unisport","Mejora tu técnica de placaje con Rubén Dias como profesor.","https://www.youtube.com/watch?v=eqY-BdErllw","localizado; visionado pendiente"
"unisport","¡La CLAVE para mejorar tu dominio del balón!","https://www.youtube.com/watch?v=xMiBvcZXY94","localizado; visionado pendiente"
"unisport","El SECRETO de velocidad de Mbappé que tú también puedes aprender","https://www.youtube.com/watch?v=r9whrAfs4k0","localizado; visionado pendiente"
"unisport","HAZ ESTO para IMPRESIONAR a los ojeadores y entrenadores en las pruebas","https://www.youtube.com/watch?v=ktqBdxKkOGI","localizado; visionado pendiente"
"unisport","Marca más penaltis con Bruno Fernandes como profesor","https://www.youtube.com/watch?v=ql_jNm_zy_M","localizado; visionado pendiente"
"unisport","Cómo hacer un ""ping"" | Aprende la técnica de pase largo","https://www.youtube.com/watch?v=lqrDkVy4sw0","localizado; visionado pendiente"
"unisport","3 de las habilidades para principiantes MÁS FÁCILES de aprender","https://www.youtube.com/watch?v=o3pO5rS8TWc","localizado; visionado pendiente"
"unisport","Estas técnicas de cruce te harán 10 veces más peligroso.","https://www.youtube.com/watch?v=d5kGTv9hyKk","localizado; visionado pendiente"
"unisport","4 skills to use if you're under pressure","https://www.youtube.com/watch?v=tMUbWJ_FQKQ","localizado; visionado pendiente"
"unisport","¡Mejora tus movimientos sin balón y ANOTA 10 veces más!","https://www.youtube.com/watch?v=OYBEvyy4ZdY","localizado; visionado pendiente"
"unisport","¡5 habilidades efectivas de 1 contra 1 que superan a CADA defensor!","https://www.youtube.com/watch?v=WP4aeTl23lM","localizado; visionado pendiente"
"unisport","The ONE thing that will ACTUALLY elevate your game","https://www.youtube.com/watch?v=70gw3SazTYk","localizado; visionado pendiente"
"unisport","Cómo manejar la presión en un partido de fútbol","https://www.youtube.com/watch?v=mkZPrIFYkBs","localizado; visionado pendiente"
"unisport","Análisis de las Skechers Razor: ¿una nueva rival para las Mercurial?","https://www.youtube.com/watch?v=B6NLZcsXjm8","localizado; visionado pendiente"
"unisport","THIS shouldn't make you faster, BUT IT DOES!","https://www.youtube.com/watch?v=RL1hbRJ20wo","localizado; visionado pendiente"
"unisport","Learn 3 skills CR7 STILL does in 2023","https://www.youtube.com/watch?v=GhVxPMdUKUM","localizado; visionado pendiente"
"unisport","Mantén la calma y anota más goles","https://www.youtube.com/watch?v=5HfOmDJSzv0","localizado; visionado pendiente"
"unisport","Aprende trucos de regate fáciles que Messi usa todo el tiempo","https://www.youtube.com/watch?v=4JpA8vH9tdk","localizado; visionado pendiente"
"unisport","Cómo preparar tu mochila de fútbol: lo que necesitas en 2023","https://www.youtube.com/watch?v=eMpAKCa7rGE","localizado; visionado pendiente"
"unisport","New MBAPPE boots - COP or DROP?","https://www.youtube.com/watch?v=SpcIM2p3H28","localizado; visionado pendiente"
"unisport","LOS FUNDAMENTOS DEL CABEZAZO - tutorial para principiantes","https://www.youtube.com/watch?v=06mTrr1Z8IU","localizado; visionado pendiente"
"unisport","Low self-esteem? WATCH THIS","https://www.youtube.com/watch?v=C9-tp84mu4w","localizado; visionado pendiente"
"unisport","Get a HARDER SHOT - how to improve shooting power","https://www.youtube.com/watch?v=7pLWcFJcjmU","localizado; visionado pendiente"
"unisport","10 BOTAS antiguas que todavía están a la altura hoy","https://www.youtube.com/watch?v=WMepuj8dYas","localizado; visionado pendiente"
"unisport","Cómo DESBLOQUEAR tu pie débil","https://www.youtube.com/watch?v=GA_strLN2Gg","localizado; visionado pendiente"
"unisport","3 consejos profesionales para conseguir más puntos","https://www.youtube.com/watch?v=WfJ9bpeK53Q","localizado; visionado pendiente"
"unisport","Cómo entrenar solo y seguir mejorando","https://www.youtube.com/watch?v=IUU2cx8j6gM","localizado; visionado pendiente"
"unisport","RESEÑA DE LAS SKECHERS SKX: no, no es una broma","https://www.youtube.com/watch?v=ZsMYN4eq68k","localizado; visionado pendiente"
"unisport","3 habilidades fáciles de delantero para marcar más GOLES","https://www.youtube.com/watch?v=Cqy3cDECt2k","localizado; visionado pendiente"
"unisport","El tutorial de tiros libres que buscas (tiro con efecto, tiro curvo, tiro con efecto liftado)","https://www.youtube.com/watch?v=6mFfS1PE3Vo","localizado; visionado pendiente"
"unisport","4 ejercicios para hacer con un amigo y MEJORAR","https://www.youtube.com/watch?v=qVkrNjiPpR8","localizado; visionado pendiente"
"unisport","Cómo defenderse de los buenos regateadores","https://www.youtube.com/watch?v=JRVbU2Fr-G8","localizado; visionado pendiente"
"unisport","Legend 9 vs Legend 10: ¡mira esto ANTES de comprar!","https://www.youtube.com/watch?v=ukIqKesKhw8","localizado; visionado pendiente"
"unisport","HAZ ESTO antes de cada partido: cómo prepararte","https://www.youtube.com/watch?v=dlGWGVy4y-M","localizado; visionado pendiente"
"unisport","Prototipos secretos de Nike revelados","https://www.youtube.com/watch?v=tdNV6-268DQ","localizado; visionado pendiente"
"unisport","Deja de perder el tiempo: EVITA estas 5 cosas","https://www.youtube.com/watch?v=Lrh_IbnwTSM","localizado; visionado pendiente"
"unisport","MERCURIAL vs X CRAZYFAST - ¿cuál elegir?","https://www.youtube.com/watch?v=Kmus1LLylGc","localizado; visionado pendiente"
"unisport","La VERDADERA razón por la que Nike abandonó el cuero canino","https://www.youtube.com/watch?v=0Wi6uLWFumE","localizado; visionado pendiente"
"unisport","Estas habilidades NO DEBERÍAN funcionar… ¡pero LO HACEN!","https://www.youtube.com/watch?v=WyyghvUVX-w","localizado; visionado pendiente"
"unisport","3 movimientos arriesgados que (no) debes hacer","https://www.youtube.com/watch?v=6kKKKgcO8Dc","localizado; visionado pendiente"
"unisport","Cómo convertirse en un niño de ORO - Getting Scouted","https://www.youtube.com/watch?v=yfW05goQ5OM","localizado; visionado pendiente"
"unisport","Become a better playmaker - Guro Reiten","https://www.youtube.com/watch?v=0XbluwEbwvc","localizado; visionado pendiente"
"unisport","Want to be PRO? - STOP doing these habits","https://www.youtube.com/watch?v=vmhHdy4h_Iw","localizado; visionado pendiente"
"unisport","Sé un mejor DELANTERO con estos consejos","https://www.youtube.com/watch?v=zziiVqPoNQU","localizado; visionado pendiente"
"unisport","Cómo PERFECCIONAR tus carreras de ATAQUE","https://www.youtube.com/watch?v=cWJRi3Ce-Yo","localizado; visionado pendiente"
"unisport","Cómo vencer a jugadores como PRO Arsenal TALENT","https://www.youtube.com/watch?v=fsgpqjzygLI","localizado; visionado pendiente"
"unisport","Conviértete en una máquina de asistencia | Tutorial de pases directos","https://www.youtube.com/watch?v=Wcee52kwWjg","localizado; visionado pendiente"
"unisport","Supera a tu oponente con 2 toques","https://www.youtube.com/watch?v=N8kzCRHHCYI","localizado; visionado pendiente"
"unisport","The 5 BEST speed boots in 2023","https://www.youtube.com/watch?v=pGMIYivbrGI","localizado; visionado pendiente"
"unisport","La forma MÁS FÁCIL de pasarse a PRO","https://www.youtube.com/watch?v=8EMeWH7GAWE","localizado; visionado pendiente"
"unisport","¡DOMINA el mediocampo como BELLINGHAM con estos CONSEJOS!","https://www.youtube.com/watch?v=oOBk7V4_or8","localizado; visionado pendiente"
"unisport","3 HABILIDADES de la vieja escuela que TODAVÍA funcionan","https://www.youtube.com/watch?v=IkKIcihD4f0","localizado; visionado pendiente"
"unisport","¡Adidas X Crazyfast BARATAS vs CARAS explicadas!","https://www.youtube.com/watch?v=wJhLoYiH4Z4","localizado; visionado pendiente"
"unisport","Cómo aumentar la resistencia sin siquiera correr...","https://www.youtube.com/watch?v=VP-rKGNVLyA","localizado; visionado pendiente"
"unisport","¡Mejora tu habilidad 1v1 con estos 5 secretos!","https://www.youtube.com/watch?v=nZzcwNJGyvQ","localizado; visionado pendiente"
"unisport","Creating opportunity - the power of football","https://www.youtube.com/watch?v=O3cTiiEHqLQ","localizado; visionado pendiente"
"unisport","FOOTBALL ASMR: relaxing dribbling training sounds","https://www.youtube.com/watch?v=Npb8tbGrv5c","localizado; visionado pendiente"
"unisport","adidas Crazyfast.1 review - better than Speedportal?","https://www.youtube.com/watch?v=n9eDPZxHqfU","localizado; visionado pendiente"
"unisport","The process of making a Nike boot","https://www.youtube.com/watch?v=NnT1PePhybk","localizado; visionado pendiente"
"unisport","Consejos básicos para puntuar mejor","https://www.youtube.com/watch?v=-VF85RNAC7w","localizado; visionado pendiente"
"unisport","Cómo DRIBLEAR mientras CORRESPONDES","https://www.youtube.com/watch?v=_tHAD1Quyao","localizado; visionado pendiente"
"unisport","Análisis de las PUMA Ultra Ultimate: ¡míralo ANTES de comprarlas!","https://www.youtube.com/watch?v=uFOTEclShNg","localizado; visionado pendiente"
"unisport","4 cosas que APRENDER de Pedri","https://www.youtube.com/watch?v=Uh4vvtJuFWY","localizado; visionado pendiente"
"unisport","Aprende 3 maneras de darle efecto a la pelota.","https://www.youtube.com/watch?v=MKtANdiXN8o","localizado; visionado pendiente"
"unisport","Football ASMR - Join a PRO training session","https://www.youtube.com/watch?v=o-VCtyMzjmA","localizado; visionado pendiente"
"unisport","El fin de una era","https://www.youtube.com/watch?v=0LTz1D0lS5Y","localizado; visionado pendiente"
"unisport","3 ERRORES que DEBES EVITAR para volverte PROFESIONAL","https://www.youtube.com/watch?v=sRcOBKihsmw","localizado; visionado pendiente"
"unisport","4 consejos profesionales para APRENDER de Valverde","https://www.youtube.com/watch?v=TrJKDnpmF8I","localizado; visionado pendiente"
"unisport","5 horrible HABITS that you MUST CHANGE","https://www.youtube.com/watch?v=nEdn-rUnRCg","localizado; visionado pendiente"
"unisport","Phantom Luna explicado: ¿por qué tanto revuelo?","https://www.youtube.com/watch?v=RdTpjj1i2M0","localizado; visionado pendiente"
"unisport","Hate shin pads? This is the way","https://www.youtube.com/watch?v=u0FUMtgycRA","localizado; visionado pendiente"
"unisport","Nike Tiempo Legend 10 review - NO MORE LEATHER?","https://www.youtube.com/watch?v=plT9yQ8otCI","localizado; visionado pendiente"
"unisport","Learn these PRO skills to HUMILIATE defenders","https://www.youtube.com/watch?v=uyo-m_NqL5c","localizado; visionado pendiente"
"unisport","Habilidades básicas pero EFECTIVAS para principiantes","https://www.youtube.com/watch?v=LmEmWDeHj5g","localizado; visionado pendiente"
"unisport","Nike Phantom Luna review - Magista III in disguise?","https://www.youtube.com/watch?v=RpYodyg3JFs","localizado; visionado pendiente"
"unisport","Reseña de los adidas X Crazyfast+: verdaderamente a otro nivel","https://www.youtube.com/watch?v=fOrk66bD0vA","localizado; visionado pendiente"
"unisport","DESBLOQUEA tu primer toque | 4 ejercicios para mejorar","https://www.youtube.com/watch?v=gmN_Jjyb2rs","muestras observadas"
"unisport","3 effective cut skills to make defenders dizzy","https://www.youtube.com/watch?v=kapnueeMAOY","localizado; visionado pendiente"
"unisport","3 formas de saltarse las reglas: las artes oscuras del fútbol","https://www.youtube.com/watch?v=PPH9KZ1Y9W8","localizado; visionado pendiente"
"unisport","Las mejores botas sin cordones de 2023 | Mira antes de comprar","https://www.youtube.com/watch?v=Hda1EswEPEs","localizado; visionado pendiente"
"unisport","CÓMO DISPARAR CON POTENCIA - Tutorial de fútbol","https://www.youtube.com/watch?v=wCYi3MEmEoQ","localizado; visionado pendiente"
"unisport","Learn the BEST skills for each position","https://www.youtube.com/watch?v=NPMfAWICuUM","localizado; visionado pendiente"
"unisport","You want a sick first touch? Let's teach you how","https://www.youtube.com/watch?v=goy9aMlKcUo","localizado; visionado pendiente"
"unisport","Salir de apuros con facilidad","https://www.youtube.com/watch?v=K5kCjeZNTzo","localizado; visionado pendiente"
"unisport","5 errores a EVITAR al comprar botas nuevas","https://www.youtube.com/watch?v=8T167Gt-Nk0","localizado; visionado pendiente"
"unisport","Usa las reglas de oro para ganar SIEMPRE en duelos 1 contra 1.","https://www.youtube.com/watch?v=0Ctawiq4cS4","localizado; visionado pendiente"
"unisport","World's best football for under €55","https://www.youtube.com/watch?v=2eXpZRILAeA","localizado; visionado pendiente"
"unisport","¡Tres maneras de ser más EFECTIVO en la caja!","https://www.youtube.com/watch?v=KgPD1qI8sxs","localizado; visionado pendiente"
"unisport","Cómo DETENER a atacantes rápidos y hábiles","https://www.youtube.com/watch?v=K17wDaDcuyY","localizado; visionado pendiente"
"unisport","23 veces que Nike cambió las botas para siempre","https://www.youtube.com/watch?v=OeaCkQ-FFAs","localizado; visionado pendiente"
"unisport","Las 3 formas fáciles de SIEMPRE vencer a los defensores","https://www.youtube.com/watch?v=0uU7nqi9UqE","localizado; visionado pendiente"
"unisport","Mejora tu visión y percepción con Ødegaard como profesor.","https://www.youtube.com/watch?v=rhSxSFtyw0A","localizado; visionado pendiente"
"unisport","This is the BIGGEST football mistake. Avoid it.","https://www.youtube.com/watch?v=AAuq2KafE6o","localizado; visionado pendiente"
"unisport","5 signs that you will become a pro","https://www.youtube.com/watch?v=rgBtO-Jeblg","localizado; visionado pendiente"
"unisport","Cosas que tuve que superar para convertirme en profesional","https://www.youtube.com/watch?v=VBXe9rjG4z8","localizado; visionado pendiente"
"unisport","Si no puedes doblar la pelota, haz ESTO","https://www.youtube.com/watch?v=2lbnFLlKO-A","localizado; visionado pendiente"
"unisport","7 habilidades MORTALES para VENCER a los oponentes","https://www.youtube.com/watch?v=SK59pjTuvwk","localizado; visionado pendiente"
"unisport","¿Eres lo suficientemente VALIENTE para usarlos?","https://www.youtube.com/watch?v=McZkz-FTI6g","localizado; visionado pendiente"
"unisport","Aprende este túnel para principiantes que TODO EL MUNDO puede hacer","https://www.youtube.com/watch?v=losS_QfSPfA","localizado; visionado pendiente"
"unisport","How to be a DOMINANT midfielder","https://www.youtube.com/watch?v=j6Ile_tT-UU","localizado; visionado pendiente"
"unisport","Lo hemos vuelto a hacer","https://www.youtube.com/watch?v=1X3v5elOrjk","localizado; visionado pendiente"
"unisport","Cómo ser un MEJOR goleador: consejos de delantero para jugadores jóvenes","https://www.youtube.com/watch?v=KLnMMlCNzCs","localizado; visionado pendiente"
"unisport","3 SUPER effective one-touch skills EVERYONE can learn","https://www.youtube.com/watch?v=9l5T4Tgoo80","localizado; visionado pendiente"
"unisport","Cómo ser más rápido CON y SIN el balón","https://www.youtube.com/watch?v=O6FGdr0M19U","localizado; visionado pendiente"
"unisport","¡3 habilidades para principiantes que SIEMPRE funcionan!","https://www.youtube.com/watch?v=cH7c12dp1Cc","localizado; visionado pendiente"
"unisport","El tutorial definitivo del portero: cómo detener más tiros","https://www.youtube.com/watch?v=xliP62TKqIw","localizado; visionado pendiente"
"unisport","¡Si no te salen las habilidades, HAZ ESTO!","https://www.youtube.com/watch?v=iEiJaTCaXlg","localizado; visionado pendiente"
"unisport","How PROs choose their football boots (unexpected)","https://www.youtube.com/watch?v=hBbugblHWg0","localizado; visionado pendiente"
"unisport","HAZ ESTO para impresionar a tu entrenador | 5 cosas","https://www.youtube.com/watch?v=qcuQBm76x3k","localizado; visionado pendiente"
"unisport","Cómo ser un extremo letal al que los defensas TEMEN","https://www.youtube.com/watch?v=3Bsa3MZsez4","localizado; visionado pendiente"
"unisport","5 errores que los delanteros deben evitar","https://www.youtube.com/watch?v=DmInBfaRTH4","localizado; visionado pendiente"
"unisport","20 ejercicios que mejorarán tu control del balón","https://www.youtube.com/watch?v=9GfbqCzIeEk","localizado; visionado pendiente"
"unisport","TOP 5 best CHEAP takedown boots 2023","https://www.youtube.com/watch?v=WwsZKWJyIsw","localizado; visionado pendiente"
"unisport","Tutorial de regate para extremos: cómo DESTRUIR a tu oponente","https://www.youtube.com/watch?v=v1xdmC2oFLQ","localizado; visionado pendiente"
"unisport","¿No te sale el knuckleball? PRUEBA ESTA técnica sencilla","https://www.youtube.com/watch?v=-gVVBDh1oBs","localizado; visionado pendiente"
"unisport","3 formas subestimadas de mejorar tu juego","https://www.youtube.com/watch?v=9wiKkYoZ9fY","localizado; visionado pendiente"
"unisport","Aprende 5 habilidades para vencer a 2 defensores","https://www.youtube.com/watch?v=j88DYhjT49s","localizado; visionado pendiente"
"unisport","Aprende la loca jugada de Neymar y HUMILLA a los defensores","https://www.youtube.com/watch?v=j_dWkaGuhuc","localizado; visionado pendiente"
"unisport","¡EVITA estos ERRORES defensivos!","https://www.youtube.com/watch?v=KxB97IwMt8E","localizado; visionado pendiente"
"unisport","5 SECRETOS del fútbol que NADIE te va a decir nunca","https://www.youtube.com/watch?v=yTDy_k3dEgQ","localizado; visionado pendiente"
"unisport","¡Debes aprender estas 5 habilidades elásticas!","https://www.youtube.com/watch?v=EsoboC2FulQ","localizado; visionado pendiente"
"unisport","Learn 3 OLD BUT GOLD football skills","https://www.youtube.com/watch?v=B-U3xM6Fyqg","localizado; visionado pendiente"
"unisport","Vamos a mejorar tu primer toque...","https://www.youtube.com/watch?v=2fbO9AKTPnI","localizado; visionado pendiente"
"unisport","How to score more goals IN THE BOX","https://www.youtube.com/watch?v=6zUQ7wsmn6Y","localizado; visionado pendiente"
"unisport","Reseña de PUMA King Ultimate: ¿¡NO ES DE CUERO?!?!","https://www.youtube.com/watch?v=nrwuls9S5qw","localizado; visionado pendiente"
"unisport","25 dribbling skills to destroy defenders - from EASY to HARD","https://www.youtube.com/watch?v=ePO3PMxfv1k","localizado; visionado pendiente"
"unisport","3 giros mortales que NECESITAS APRENDER","https://www.youtube.com/watch?v=yQ7fPaGHcmc","localizado; visionado pendiente"
"unisport","Aprende 3 habilidades increíbles para vencer a los defensores","https://www.youtube.com/watch?v=1Ii8G1y-zR8","localizado; visionado pendiente"
"unisport","Cómo DESBLOQUEAR tu potencial de regate y toque","https://www.youtube.com/watch?v=M0BNcseyfGE","localizado; visionado pendiente"
"unisport","PHANTOM GX o PREDATOR ¿qué comprar?","https://www.youtube.com/watch?v=9J835nMnDaI","localizado; visionado pendiente"
"unisport","Choose the right shot type AND SCORE MORE","https://www.youtube.com/watch?v=IQ68zCSYOxg","localizado; visionado pendiente"
"unisport","5 habilidades útiles para superar defensas fácilmente","https://www.youtube.com/watch?v=EtTji_RkZnM","localizado; visionado pendiente"
"unisport","""Puedes superarme, pero no con el balón...""","https://www.youtube.com/watch?v=F2V_smGphlQ","localizado; visionado pendiente"
"unisport","LEARN 5 pro player's favourite skills","https://www.youtube.com/watch?v=KqQfrECrgtw","localizado; visionado pendiente"
"unisport","POR QUÉ tener AGILIDAD de pies te hará un mejor regateador","https://www.youtube.com/watch?v=NNSSVv-BFLg","localizado; visionado pendiente"
"unisport","Cómo mejorar el regate 1 contra 1 en los partidos","https://www.youtube.com/watch?v=xs71MaLvV0o","localizado; visionado pendiente"
"unisport","Esta nuez moscada funciona el 97% de las veces...","https://www.youtube.com/watch?v=JBUkqdsaidc","localizado; visionado pendiente"
"unisport","Explicación de la precisión de las adidas Predator: baratas vs. caras","https://www.youtube.com/watch?v=CyHh-bvkdzg","localizado; visionado pendiente"
"unisport","¿Recuerdas la historia de las Nike Phantom?","https://www.youtube.com/watch?v=gu21DKMHtCk","localizado; visionado pendiente"
"unisport","Las 5 mejores botas para césped artificial","https://www.youtube.com/watch?v=rJzHbLCIv60","localizado; visionado pendiente"
"unisport","You need to learn this effective shooting technique","https://www.youtube.com/watch?v=hOXx-ABtdhs","localizado; visionado pendiente"
"unisport","ANÁLISIS DE LAS ADAVANT PREDATOR Accuracy: ¿Realmente vuelven a ser buenas?","https://www.youtube.com/watch?v=HZ0pn7PkZEA","localizado; visionado pendiente"
"unisport","HOW IT’S MADE: inside Phantom GX","https://www.youtube.com/watch?v=ijCLOD3-F80","localizado; visionado pendiente"
"unisport","4 errores de regate que cometen TODOS los principiantes","https://www.youtube.com/watch?v=b3fJ1lbrAL0","localizado; visionado pendiente"
"unisport","5 easy habits that will take you to the NEXT LEVEL","https://www.youtube.com/watch?v=sM3rj81FY2s","localizado; visionado pendiente"
"unisport","5 set pieces PROs do that everyone should learn","https://www.youtube.com/watch?v=tzeFJeGs9jk","localizado; visionado pendiente"
"unisport","¡Nike Phantom GX BARATO vs CARO explicado!","https://www.youtube.com/watch?v=m8GAosYQGSs","localizado; visionado pendiente"
"unisport","IMPROVE your STRENGTH with this full football workout","https://www.youtube.com/watch?v=JNemKOocf50","localizado; visionado pendiente"
"unisport","PHANTOM GX vs MERCURIAL - ¡Míralo antes de comprarlo!","https://www.youtube.com/watch?v=DP-EdzJ4ILA","localizado; visionado pendiente"
"unisport","Mira esto si tienes ganas de dejar el fútbol","https://www.youtube.com/watch?v=9_8SwnueNCw","localizado; visionado pendiente"
"unisport","Being Red Together | Inclusion at the LFC Foundation","https://www.youtube.com/watch?v=3WYL0Aoy32c","localizado; visionado pendiente"
"unisport","Football ASMR: Satisfying shooting sounds to relax to","https://www.youtube.com/watch?v=L71wANtpNlg","localizado; visionado pendiente"
"unisport","Reseña de los adidas Copa Pure: ¿SE ACABÓ EL K-LEATHER?","https://www.youtube.com/watch?v=xH_nsvuTToY","localizado; visionado pendiente"
"unisport","5 habilidades para principiantes que PARECEN básicas pero son LETALES","https://www.youtube.com/watch?v=F1-XBkJ14bc","localizado; visionado pendiente"
"unisport","3 cosas que TODO joven centrocampista necesita aprender de Musiala","https://www.youtube.com/watch?v=3VWO1PTZPFY","localizado; visionado pendiente"
"unisport","3 cosas vitales que hacer para conseguir un GRAN primer contacto","https://www.youtube.com/watch?v=M_CRtNGMVLA","localizado; visionado pendiente"
"unisport","El 60% del tiempo, esta habilidad funciona siempre.","https://www.youtube.com/watch?v=-MBxwRTBiB4","localizado; visionado pendiente"
"unisport","Las 5 MEJORES botas de fútbol de 2022","https://www.youtube.com/watch?v=eZq_6N7aEvM","localizado; visionado pendiente"
"unisport","Reseña de PUMA Future Ultimate: ¿Ha mejorado?","https://www.youtube.com/watch?v=JfhbLMzmqiM","localizado; visionado pendiente"
"unisport","Evita tiros a portería: ¡mejora tu defensa!","https://www.youtube.com/watch?v=1yPMlA2tbGw","localizado; visionado pendiente"
"unisport","Qué hacer si eres MALO regateando","https://www.youtube.com/watch?v=aMXnchJR1WQ","localizado; visionado pendiente"
"unisport","DO THIS to improve your mental strength on the pitch","https://www.youtube.com/watch?v=UiCVMPoUG-M","localizado; visionado pendiente"
"unisport","3 FUNDAMENTAL SKILLS of a pro midfielder","https://www.youtube.com/watch?v=ihPVcPTUaRQ","localizado; visionado pendiente"
"unisport","Tutorial de tiro libre con top spin","https://www.youtube.com/watch?v=tavdXX_Srcg","localizado; visionado pendiente"
"unisport","MEJORA tu TOQUE con estos 3 ejercicios","https://www.youtube.com/watch?v=uMsgLQ3tK6c","localizado; visionado pendiente"
"unisport","Nike Phantom GX vs GT: ¡Míralo antes de comprar!","https://www.youtube.com/watch?v=w5K0sptt_E4","localizado; visionado pendiente"
"unisport","Marca más goles haciendo ESTO","https://www.youtube.com/watch?v=BPd1teSaHok","localizado; visionado pendiente"
"unisport","Análisis de las Nike Phantom GX: ¿El renacimiento de las Hypervenom 1?","https://www.youtube.com/watch?v=qvqb3KufAns","localizado; visionado pendiente"
"unisport","¿Es este, discretamente, el mejor arranque de velocidad de 2022?","https://www.youtube.com/watch?v=Wtoc-ACS1jo","localizado; visionado pendiente"
"unisport","¡Haga estos PEQUEÑOS cambios y MEJORE rápidamente!","https://www.youtube.com/watch?v=01fRSHG3w5k","localizado; visionado pendiente"
"unisport","3 formas FÁCILES de marcar un gol","https://www.youtube.com/watch?v=vW0olOeBwEA","localizado; visionado pendiente"
"unisport","Follow these simple tips to win more 1v1 dribbles","https://www.youtube.com/watch?v=BlpPtumcfAs","localizado; visionado pendiente"
"unisport","Cómo mejorar tu CONCIENCIA y VISIÓN de juego al pasar","https://www.youtube.com/watch?v=k2HApTobThw","localizado; visionado pendiente"
"unisport","GET OUT of every TRICKY situation","https://www.youtube.com/watch?v=tKA2c0oh6Ws","localizado; visionado pendiente"
"unisport","Did Nike just drop the most hype boot of 2022?","https://www.youtube.com/watch?v=fSiITzYVy8g","localizado; visionado pendiente"
"unisport","Estas sencillas y pequeñas habilidades de emparejamiento te ayudarán mucho.","https://www.youtube.com/watch?v=_7yxrImXpxs","localizado; visionado pendiente"
"unisport","Una lección importante que me ha enseñado el fútbol","https://www.youtube.com/watch?v=IkB8nCGVy8g","localizado; visionado pendiente"
"unisport","Marcando con TODOS los balones de la Copa del Mundo desde 1986 hasta 2022","https://www.youtube.com/watch?v=dYDXzPslp68","localizado; visionado pendiente"
"unisport","¡5 consejos sencillos para mejorar tu tiro!","https://www.youtube.com/watch?v=z9kWhFP2m7I","localizado; visionado pendiente"
"unisport","Only for players who want to stand out","https://www.youtube.com/watch?v=F7mPdrBVRTw","localizado; visionado pendiente"
"unisport","3 consejos fáciles para mejorar al instante","https://www.youtube.com/watch?v=kIGwZGgNrwM","localizado; visionado pendiente"
"unisport","Daily life of a young PRO talent","https://www.youtube.com/watch?v=eO8y25xZvxM","localizado; visionado pendiente"
"unisport","Por qué a veces necesitas ser egoísta","https://www.youtube.com/watch?v=ywJ9v6R4OZU","localizado; visionado pendiente"
"unisport","Against all odds | Building a female club","https://www.youtube.com/watch?v=Qj-fGqw9A0k","localizado; visionado pendiente"
"unisport","PRO A LOS 16 AÑOS - ¡Qué debes hacer!","https://www.youtube.com/watch?v=0vjLWcmwB5g","localizado; visionado pendiente"
"unisport","We made these World Cup boots, and they are _____??","https://www.youtube.com/watch?v=cpqNMXkTOf8","localizado; visionado pendiente"
"unisport","3 habilidades básicas que TODO mediocampista debe saber","https://www.youtube.com/watch?v=H3uQkczhlM4","localizado; visionado pendiente"
"unisport","Ronaldo's LAST pair of signature boots?","https://www.youtube.com/watch?v=yoBjG1zoDOw","localizado; visionado pendiente"
"unisport","5 things pro's DON'T do that you should AVOID","https://www.youtube.com/watch?v=Mfmf3JR2Cz8","localizado; visionado pendiente"
"unisport","Los defensores ODIAN este increíble movimiento de habilidad","https://www.youtube.com/watch?v=5vESCzFYULw","localizado; visionado pendiente"
"unisport","5 rules that all pros BREAK","https://www.youtube.com/watch?v=a9Gxnoem_dE","localizado; visionado pendiente"
"unisport","5 errores que DEBES EVITAR al regatear","https://www.youtube.com/watch?v=z6iHMsSGk64","localizado; visionado pendiente"
"unisport","Most UNDERRATED boots of the year?!","https://www.youtube.com/watch?v=ZOflooNTVFg","localizado; visionado pendiente"
"unisport","Set up your shot PERFECTLY with these skills","https://www.youtube.com/watch?v=nRegGdg0Vx0","localizado; visionado pendiente"
"unisport","3 mistakes pro defenders DON'T make","https://www.youtube.com/watch?v=z0tsm7Gueos","localizado; visionado pendiente"
"unisport","This boot is amazing, and that's a HUGE problem","https://www.youtube.com/watch?v=o-Gj71cl5AQ","localizado; visionado pendiente"
"unisport","Best boots for wide feet 2022","https://www.youtube.com/watch?v=LtNzw29W7xU","localizado; visionado pendiente"
"unisport","Clever ways to outsmart your opponent","https://www.youtube.com/watch?v=FLKG4M0Sgco","localizado; visionado pendiente"
"unisport","Por qué fallas tus tiros y cómo solucionarlo","https://www.youtube.com/watch?v=DUE7Sop796w","localizado; visionado pendiente"
"unisport","¿El mejor Tiempo jamás creado?","https://www.youtube.com/watch?v=kDExttNJaPg","localizado; visionado pendiente"
"unisport","Nike FINALLY let us into their football boot factory","https://www.youtube.com/watch?v=89llz9ogbWI","localizado; visionado pendiente"
"unisport","Explorando CÓMO se fabricó el Mercurial","https://www.youtube.com/watch?v=qWo1v1R_mfk","localizado; visionado pendiente"
"unisport","Solo el 25% puede adivinar todos estos jugadores a partir de sus habilidades distintivas.","https://www.youtube.com/watch?v=jO1Vy-83ue4","localizado; visionado pendiente"
"unisport","Explicación completa de todas las Nike Mercurial: su historia completa.","https://www.youtube.com/watch?v=QM0lVwFtJM4","localizado; visionado pendiente"
"unisport","5 habilidades que debes aprender para salir de la presión","https://www.youtube.com/watch?v=PCX_ybtBXF4","localizado; visionado pendiente"
"unisport","How to protect the ball against bigger players","https://www.youtube.com/watch?v=yPPgXnTqtfI","localizado; visionado pendiente"
"unisport","Nike’s most popular boot is back… sort of.","https://www.youtube.com/watch?v=h-4-Pmu_HZE","localizado; visionado pendiente"
"unisport","3 técnicas de pase que NECESITAS dominar","https://www.youtube.com/watch?v=4r6iGHFPkqg","localizado; visionado pendiente"
"unisport","Cómo NO TENER MIEDO a cometer errores","https://www.youtube.com/watch?v=xpj6L8rQPUU","localizado; visionado pendiente"
"unisport","Debes EVITAR estos peores hábitos de entrenamiento","https://www.youtube.com/watch?v=KxgQDuH5p6I","localizado; visionado pendiente"
"unisport","¿Por qué los mejores regateadores hacen esto?","https://www.youtube.com/watch?v=YD355Z6aHXI","localizado; visionado pendiente"
"unisport","Learn 32 match skills in 32 minutes!","https://www.youtube.com/watch?v=au8t9VFhRMc","localizado; visionado pendiente"
"unisport","Football ASMR - relaxing football training sounds","https://www.youtube.com/watch?v=V6Db12lpv5Y","localizado; visionado pendiente"
"unisport","Por qué ser el PEOR eventualmente te hará MEJOR","https://www.youtube.com/watch?v=M_ZCq_CyClI","localizado; visionado pendiente"
"unisport","¡Mbappé tiene botas nuevas y son ____________?!","https://www.youtube.com/watch?v=kN3wdqMZ0UE","localizado; visionado pendiente"
"unisport","7 consejos de defensa para que los delanteros te TEMAN","https://www.youtube.com/watch?v=-MZ74SMZ9sM","localizado; visionado pendiente"
"unisport","How you can improve SPEED like the pros","https://www.youtube.com/watch?v=5id05CXShNo","localizado; visionado pendiente"
"unisport","¡Se acabaron los entrenamientos aburridos! 6 ejercicios DIVERTIDOS para mejorar","https://www.youtube.com/watch?v=mg08jw98lbg","localizado; visionado pendiente"
"unisport","TODOS los grandes delanteros hacen ESTO para marcar más goles","https://www.youtube.com/watch?v=435lxdZLmCY","localizado; visionado pendiente"
"unisport","Cómo ser el jefe del mediocampo en 3 simples pasos","https://www.youtube.com/watch?v=owHSBXbdEyA","localizado; visionado pendiente"
"unisport","Aprende un giro INCREÍBLE para vencer a 2 defensores","https://www.youtube.com/watch?v=jgJvwZoxYWg","localizado; visionado pendiente"
"unisport","La solución si ODIAS usar espinilleras","https://www.youtube.com/watch?v=oh1CQIq1grI","localizado; visionado pendiente"
"unisport","Use these 3 PRO training drills to improve!","https://www.youtube.com/watch?v=tHGidIwSos8","localizado; visionado pendiente"
"unisport","5 things pros do that you SHOULDN'T","https://www.youtube.com/watch?v=bajFN9n1VeU","localizado; visionado pendiente"
"unisport","Aumenta tu velocidad con estos 6 ejercicios de fuerza.","https://www.youtube.com/watch?v=JOySeF420xw","localizado; visionado pendiente"
"unisport","5 habilidades del fútbol profesional de las que no se habla lo suficiente","https://www.youtube.com/watch?v=eH5LTUvU3rc","localizado; visionado pendiente"
"unisport","The BEST speed boot in 2022 is 8 years old?!","https://www.youtube.com/watch?v=6RIW318eBKw","localizado; visionado pendiente"
"unisport","Learn these world-famous signature skills","https://www.youtube.com/watch?v=xtL7UNgT-n0","localizado; visionado pendiente"
"unisport","Cómo marcar más: mejora tu eficacia de tiro","https://www.youtube.com/watch?v=zne-sXl__ug","localizado; visionado pendiente"
"unisport","¿Estás cometiendo estos 5 errores con las botas y el equipo?","https://www.youtube.com/watch?v=JghReuwRfrI","localizado; visionado pendiente"
"unisport","5 annoying things every player hates","https://www.youtube.com/watch?v=IuOIGz083Ow","localizado; visionado pendiente"
"unisport","adidas X Speedportal: ¿BAratas o caras?","https://www.youtube.com/watch?v=6i7XTyzeSUM","localizado; visionado pendiente"
"unisport","How to be a nightmare to defend against","https://www.youtube.com/watch?v=vVi6vaUNsNs","localizado; visionado pendiente"
"unisport","Superfly 9 vs Superfly 8: ¿CUÁL ES MEJOR?","https://www.youtube.com/watch?v=sXM619wjlMQ","localizado; visionado pendiente"
"unisport","Vapor 15 y Superfly 9 BARATOS vs. CAROS, explicados","https://www.youtube.com/watch?v=Dge5Kaw5Lws","localizado; visionado pendiente"
"unisport","Cómo convertirse en la peor pesadilla de un atacante","https://www.youtube.com/watch?v=a5voToLyoMI","localizado; visionado pendiente"
"unisport","Stop wasting ENERGY","https://www.youtube.com/watch?v=bD5A7HHHH64","localizado; visionado pendiente"
"unisport","Speed ​​Boot Battle 2022: ¿cuál es mejor?","https://www.youtube.com/watch?v=zjITc2V1zI0","localizado; visionado pendiente"
"unisport","Habilidades de fútbol prohibidas que puedes usar en el patio de la escuela","https://www.youtube.com/watch?v=V5CFLcivwzg","localizado; visionado pendiente"
"unisport","Puma ULTRA ULTIMATE REVIEW","https://www.youtube.com/watch?v=eatlFT9c-O4","localizado; visionado pendiente"
"unisport","Las mejores HABILIDADES DE CORTE del juego","https://www.youtube.com/watch?v=Nn9PZISF_0Q","localizado; visionado pendiente"
"unisport","Cómo MARCAR más GOLES en el área","https://www.youtube.com/watch?v=ZvufG_didJw","localizado; visionado pendiente"
"unisport","3 Cosas que debes evitar si quieres ser PRO | Consejos de un jugador del Real Madrid","https://www.youtube.com/watch?v=2DQYXApD9Jc","localizado; visionado pendiente"
"unisport","Por qué este simple hábito de pasar de un lado a otro te hará tres veces mejor","https://www.youtube.com/watch?v=cokyh9WRszU","localizado; visionado pendiente"
"unisport","Aprende técnicas de juego sencillas con el jugador del REAL MADRID","https://www.youtube.com/watch?v=GH51BzdLxBE","localizado; visionado pendiente"
"unisport","Reseña de las adidas X Speedportal","https://www.youtube.com/watch?v=uzUcfIrZIcI","localizado; visionado pendiente"
"unisport","5 habilidades EFECTIVAS realizadas por los jugadores del Manchester United","https://www.youtube.com/watch?v=ZMS0GkD9SXk","localizado; visionado pendiente"
"unisport","Why placement is more important than shooting power","https://www.youtube.com/watch?v=9rWKGBkw2A4","localizado; visionado pendiente"
"unisport","Las nuevas botas AG de Nike: ¿qué ha cambiado?","https://www.youtube.com/watch?v=p2MIV4nj2eM","localizado; visionado pendiente"
"unisport","Cómo pasar de JUGADOR DE BANCA a TITULAR","https://www.youtube.com/watch?v=egMHmOKF6t0","localizado; visionado pendiente"
"unisport","3 consejos para MEJORAR tu juego","https://www.youtube.com/watch?v=Cjf80s2dFyI","localizado; visionado pendiente"
"unisport","Offside rule in 2022 - what you NEED to know!","https://www.youtube.com/watch?v=OI2zNX7JAAo","localizado; visionado pendiente"
"unisport","Solo necesitas UN PIE para hacer estas 5 habilidades","https://www.youtube.com/watch?v=u27ph8FnXKg","localizado; visionado pendiente"
"unisport","Los defensas ODIAN estas confusas habilidades futbolísticas","https://www.youtube.com/watch?v=IkhTPkeoBxg","localizado; visionado pendiente"
"unisport","Cambia ESTO si quieres volverte PRO","https://www.youtube.com/watch?v=CFglzgtgXgc","localizado; visionado pendiente"
"unisport","Pases creativos FÁCILES DE APRENDER - tutorial para mediocampistas","https://www.youtube.com/watch?v=CDL7lXgyHlQ","localizado; visionado pendiente"
"unisport","MEJORA tu velocidad de regate - 3 ejercicios","https://www.youtube.com/watch?v=QEYtcQhV5aQ","localizado; visionado pendiente"
"unisport","Haz ESTO para marcar goles de larga distancia.","https://www.youtube.com/watch?v=_KyUOQpoU6A","localizado; visionado pendiente"
"unisport","3 cosas que los profesionales HACEN y los aficionados NO","https://www.youtube.com/watch?v=h7Mteefk1KY","localizado; visionado pendiente"
"unisport","¿Eres lo suficientemente valiente?","https://www.youtube.com/watch?v=S8YQI6PrJnY","localizado; visionado pendiente"
"unisport","Watch this BEFORE you buy | Vapor 15 & Superfly 9","https://www.youtube.com/watch?v=4lv2Rd3g6Y8","localizado; visionado pendiente"
"unisport","RESEÑA DE LAS NIKE MERCURIAL SUPERFLY 9","https://www.youtube.com/watch?v=uWuUHe7Pe48","localizado; visionado pendiente"
"unisport","Cuando los defensores se sacrifican y hacen paradas épicas","https://www.youtube.com/watch?v=yz5CroZCNK4","localizado; visionado pendiente"
"unisport","Top 5 best running shoes for footballers","https://www.youtube.com/watch?v=VFrwjG7pTHw","localizado; visionado pendiente"
"unisport","¡Diseñamos un par de botas PUMA LOCAS!","https://www.youtube.com/watch?v=Aq_5XoVyqRg","localizado; visionado pendiente"
"unisport","3 cosas que TODO delantero debería aprender de Benzema","https://www.youtube.com/watch?v=Z0XHeqtRA_M","localizado; visionado pendiente"
"unisport","These 3 nutmegs might ANGER your opponent","https://www.youtube.com/watch?v=9a4shTI8gow","localizado; visionado pendiente"
"unisport","Cómo elegir la forma de perno CORRECTA (importante)","https://www.youtube.com/watch?v=nxMxiLKIEHk","localizado; visionado pendiente"
"unisport","LEARN best LIVERPOOL football skills","https://www.youtube.com/watch?v=1amCwKBjCH4","localizado; visionado pendiente"
"unisport","4 giros esenciales para VENCER a los defensores con facilidad","https://www.youtube.com/watch?v=r9Ox8VnOyN0","localizado; visionado pendiente"
"unisport","10 tackles épicos que nunca olvidaremos","https://www.youtube.com/watch?v=RNQsmd6fyFI","localizado; visionado pendiente"
"unisport","3 habilidades para usar si no sabes regatear","https://www.youtube.com/watch?v=4Vx8BhZOJKQ","localizado; visionado pendiente"
"unisport","5 cosas que NECESITAS en tu maleta para el día de partido de fútbol","https://www.youtube.com/watch?v=FIsjD6s7ltg","localizado; visionado pendiente"
"unisport","3 ejercicios profesionales para porteros para mejorar tu técnica y manejo del balón","https://www.youtube.com/watch?v=lQQUrbATlhI","localizado; visionado pendiente"
"unisport","3 ejercicios cruciales para mejorar tu regate en un 200%","https://www.youtube.com/watch?v=OiBQwlT2_cE","localizado; visionado pendiente"
"unisport","5 ejercicios si quieres mejorar tu juego en general","https://www.youtube.com/watch?v=s7jlLFgIYXI","localizado; visionado pendiente"
"unisport","Learn to pass like Modric - trivela tutorial","https://www.youtube.com/watch?v=U4ZjFUdHklk","localizado; visionado pendiente"
"unisport","50 increíbles goles de la Champions League que vivirán para siempre","https://www.youtube.com/watch?v=Jg2dc8R2tek","localizado; visionado pendiente"
"unisport","¡NO compres botas nuevas ANTES de ver esto!","https://www.youtube.com/watch?v=EBboHbXz9JM","localizado; visionado pendiente"
"unisport","3 essential skills to INSTANTLY improve","https://www.youtube.com/watch?v=-IpN-is6Bvc","localizado; visionado pendiente"
"unisport","Top 5 best leather boots 2022","https://www.youtube.com/watch?v=tvoUoc-9JA8","localizado; visionado pendiente"
"unisport","Aprende 3 habilidades efectivas para hacer en la caja.","https://www.youtube.com/watch?v=AU5vGIc-e5g","localizado; visionado pendiente"
"unisport","5 excelentes botas de fútbol para delanteros","https://www.youtube.com/watch?v=4knvhma1Oio","localizado; visionado pendiente"
"unisport","Tutorial para principiantes de Elastico | Aprende el flip-flap","https://www.youtube.com/watch?v=1_D_U-T8b_M","localizado; visionado pendiente"
"unisport","3 cosas que los MEDIOCAMPISTAS deberían aprender de MODRIC","https://www.youtube.com/watch?v=K9YlbG0B-2I","localizado; visionado pendiente"
"unisport","5 habilidades que todo extremo puede aprender de Ousmane Dembélé","https://www.youtube.com/watch?v=ixc5_2Dg0ak","localizado; visionado pendiente"
"unisport","APRENDE 5 HABILIDADES EFICACES DE UN PASE","https://www.youtube.com/watch?v=HYq1FwSHkcg","localizado; visionado pendiente"
"unisport","¿Eres demasiado viejo para ser PROFESIONAL? (no, y aquí te digo por qué)","https://www.youtube.com/watch?v=R9-GfzWn_O0","localizado; visionado pendiente"
"unisport","LEARN 69 FOOTBALL SKILLS | 1 hour tutorial","https://www.youtube.com/watch?v=BJJb3-O0Q1U","localizado; visionado pendiente"
"unisport","Balón del Mundial BARATO vs CARO: ¿cuál deberías comprar?","https://www.youtube.com/watch?v=yBR_JvJPKzU","localizado; visionado pendiente"
"unisport","3 things to learn from Phil Foden","https://www.youtube.com/watch?v=pUcYVPKHxkA","localizado; visionado pendiente"
"unisport","2 técnicas de tiro para DOBLAR la pelota","https://www.youtube.com/watch?v=naJ_8kcjihE","localizado; visionado pendiente"
"unisport","Learn 5 body feints to fool your opponent","https://www.youtube.com/watch?v=Z2bROdtwXE4","localizado; visionado pendiente"
"unisport","Consejos fáciles para que tus botas de fútbol duren más","https://www.youtube.com/watch?v=jSvOgVODhnE","localizado; visionado pendiente"
"unisport","3 cosas que aprender de un gran talento del mediocampo","https://www.youtube.com/watch?v=wFXXuRVJvAg","localizado; visionado pendiente"
"unisport","Estos 3 amagos de tiro han dejado fuera de combate a cientos de defensores.","https://www.youtube.com/watch?v=LZeVRMwrJh4","localizado; visionado pendiente"
"unisport","Aprenda 5 habilidades de mediocampista realizadas por profesionales","https://www.youtube.com/watch?v=G2u1KgNOQcc","localizado; visionado pendiente"
"unisport","Aprende a anotar con ambos pies: mejora tu pie menos hábil","https://www.youtube.com/watch?v=Vd-NLfDV43Q","localizado; visionado pendiente"
"unisport","Aprenda este flickup avanzado en unos pocos pasos","https://www.youtube.com/watch?v=3RGg6f9AqAA","localizado; visionado pendiente"
"unisport","Estos fueron más difíciles de errar que de anotar | 20 fallos increíbles","https://www.youtube.com/watch?v=AOEaRkhYL5c","localizado; visionado pendiente"
"unisport","10 cambios que cambiaron el rumbo de un partido de fútbol","https://www.youtube.com/watch?v=VgPg2E9m-Jc","localizado; visionado pendiente"
"unisport","¿Harto de perder el balón? Aquí tienes 5 maneras de evitarlo.","https://www.youtube.com/watch?v=6hDSFiKwxXI","localizado; visionado pendiente"
"unisport","Piensa como Benzema y marca más goles.","https://www.youtube.com/watch?v=9WyzHLu7me0","localizado; visionado pendiente"
"unisport","Aprenda 25 formas de pasar el balón","https://www.youtube.com/watch?v=G39UA6G0dyY","localizado; visionado pendiente"
"unisport","Las 5 mejores botas con calcetín de 2022","https://www.youtube.com/watch?v=HGWzCTqZTQk","localizado; visionado pendiente"
"unisport","Cómo lidiar con una multitud negativa","https://www.youtube.com/watch?v=7TOEXUgjAZQ","localizado; visionado pendiente"
"unisport","¿No suelo hacer habilidades? Puedes usarlas igualmente.","https://www.youtube.com/watch?v=miAH7i_tz2c","localizado; visionado pendiente"
"unisport","Aprende a driblar a gran velocidad con Leroy Sané | Tutorial","https://www.youtube.com/watch?v=pocknIcqloU","localizado; visionado pendiente"
"unisport","Aprenda 5 habilidades que requieren un increíble control del balón","https://www.youtube.com/watch?v=C-gJ6rc15h8","localizado; visionado pendiente"
"unisport","¡Probamos el NUEVO balón del Mundial y es ________!","https://www.youtube.com/watch?v=esrKb9zlY40","localizado; visionado pendiente"
"unisport","Estos 3 sencillos consejos te harán sentir MÁS SEGURO en el campo.","https://www.youtube.com/watch?v=OcMjKJnWLZs","localizado; visionado pendiente"
"unisport","CÓMO ELEGIR LA POSICIÓN - ¿Dónde deberías jugar?","https://www.youtube.com/watch?v=E9UkhB4PMcY","localizado; visionado pendiente"
"unisport","Entrevistamos a Frenkie De Jong durante 5 minutos y así fue","https://www.youtube.com/watch?v=-rSaIKIy_T0","localizado; visionado pendiente"
"unisport","Esperemos que el entrenador de Leroy Sané no vea esta falta de penalti","https://www.youtube.com/watch?v=DJ6oFHsNdRU","localizado; visionado pendiente"
"unisport","5 habilidades rápidas y efectivas para superar a los defensas","https://www.youtube.com/watch?v=cELlJushoGs","localizado; visionado pendiente"
"unisport","Nike Air Zoom Ultra PLAY TEST - what the future looks like","https://www.youtube.com/watch?v=M7kte_OT43o","localizado; visionado pendiente"
"unisport","3 MALOS HÁBITOS que te hacen PEOR jugador","https://www.youtube.com/watch?v=rTjvLpjnJsk","localizado; visionado pendiente"
"unisport","Por qué estos Predator de hace 10 años son mejores que los nuevos","https://www.youtube.com/watch?v=45KVRJyDn2I","localizado; visionado pendiente"
"unisport","Learn 2 match skills from FC Barcelona players","https://www.youtube.com/watch?v=9gGiqWA_6lU","localizado; visionado pendiente"
"unisport","Análisis técnico de los Nike Air Zoom Ultra: ¿qué son estas botas increíbles?","https://www.youtube.com/watch?v=OUrgA25mTWc","localizado; visionado pendiente"
"unisport","Cómo preparar tu bolsa de fútbol con poco presupuesto","https://www.youtube.com/watch?v=YAF-1dG7EOg","localizado; visionado pendiente"
"unisport","Reseña de PUMA Future Z 1.3 | ¿la mejor comodidad de 2022?","https://www.youtube.com/watch?v=6Apfw8SqETc","localizado; visionado pendiente"
"unisport","Aprende el giro De Jong del mismísimo Frenkie.","https://www.youtube.com/watch?v=f4OzvKOMwfY","localizado; visionado pendiente"
"unisport","Mejora el control del balón, la finalización y la creatividad | Aprende habilidades futbolísticas","https://www.youtube.com/watch?v=SZhozRKcFrY","localizado; visionado pendiente"
"unisport","5 características de un GRAN extremo | ¡Mejora tus habilidades!","https://www.youtube.com/watch?v=T9hrFE_Q6Uo","localizado; visionado pendiente"
"unisport","Cómo VENCER a los defensores con regates 1 contra 1","https://www.youtube.com/watch?v=5FH7a9y0-nQ","localizado; visionado pendiente"
"unisport","Los 5 mejores guantes de portero de 2022","https://www.youtube.com/watch?v=4OnxLC_JEDA","localizado; visionado pendiente"
"unisport","SHOT POWER TUTORIAL: how to shoot harder","https://www.youtube.com/watch?v=KRMmJxONb0k","localizado; visionado pendiente"
"unisport","20 asistencias que son mejores que el gol","https://www.youtube.com/watch?v=vUfeh5prTpM","localizado; visionado pendiente"
"unisport","5 habilidades geniales para cambiar de dirección | Aprende habilidades de fútbol","https://www.youtube.com/watch?v=Gi_X98uM-1A","localizado; visionado pendiente"
"unisport","Don't let THESE 3 THINGS hold you back!","https://www.youtube.com/watch?v=OYsQWBVHPVY","localizado; visionado pendiente"
"unisport","Frenkie De Jong and Asisat Oshoala FOOT TENNIS challenge","https://www.youtube.com/watch?v=begAp8gBMDs","localizado; visionado pendiente"
"unisport","CONVIÉRTETE EN UN CAMPEÓN DE FREESTYLE: cómo empezar","https://www.youtube.com/watch?v=6Yo2Zs9ICvM","localizado; visionado pendiente"
"unisport","Aprende 5 habilidades básicas pero EFECTIVAS para SUPERAR a los defensas","https://www.youtube.com/watch?v=s0ZU1uoUia0","localizado; visionado pendiente"
"unisport","5 pases largos que debes dominar","https://www.youtube.com/watch?v=fVX_3AVVDRM","localizado; visionado pendiente"
"unisport","Una habilidad que siempre te sacará de problemas.","https://www.youtube.com/watch?v=wlGMIHzllDk","localizado; visionado pendiente"
"unisport","10 habilidades humillantes realizadas en partidos reales","https://www.youtube.com/watch?v=jE0FTQrzgm0","localizado; visionado pendiente"
"unisport","¡Estas nuevas botas Nike son solo para jugadores POSITIVOS!","https://www.youtube.com/watch?v=w7A7NqIkU80","localizado; visionado pendiente"
"unisport","Botas de fútbol Predator Edge BARATAS vs CARAS, explicadas","https://www.youtube.com/watch?v=ZmAxqrI5M-M","localizado; visionado pendiente"
"unisport","Consigue un primer toque de clase mundial con este consejo secreto | Tutorial","https://www.youtube.com/watch?v=hU0FjBZ8Rsw","localizado; visionado pendiente"
"unisport","10 extrañas habilidades futbolísticas que realmente funcionaron","https://www.youtube.com/watch?v=oEwQ-Ff7w6s","localizado; visionado pendiente"
"unisport","5 Portuguese skills to beat defenders with STYLE","https://www.youtube.com/watch?v=hOnwQxjZbWw","localizado; visionado pendiente"
"unisport","3 HÁBITOS que te harán INSTANTÁNEAMENTE un mejor jugador","https://www.youtube.com/watch?v=BwqVcbCtrWE","localizado; visionado pendiente"
"unisport","300 trucos de IQ FOOTBALL que SOLO usan los JUGADORES INTELIGENTES","https://www.youtube.com/watch?v=gOfyX1dAj_w","localizado; visionado pendiente"
"unisport","¿ALETAS o PUNTAS? | Comparativa de adidas Predator Edge y Freak","https://www.youtube.com/watch?v=eIWwspFXzxo","localizado; visionado pendiente"
"unisport","Aprende estos trucos del FIFA 22 en la VIDA REAL","https://www.youtube.com/watch?v=yhNUcKkj3eE","localizado; visionado pendiente"
"unisport","adidas Predator Edge+ REVIEW","https://www.youtube.com/watch?v=AWx0ShBuzB4","localizado; visionado pendiente"
"unisport","El 90% de la gente no puede hacer el último truco","https://www.youtube.com/watch?v=S6Bc1A5ak5g","localizado; visionado pendiente"
"unisport","5 HABILIDADES INCREÍBLES DE VINICIUS JR. QUE TODOS PUEDEN APRENDER","https://www.youtube.com/watch?v=dX7v0DrueEk","localizado; visionado pendiente"
"unisport","Super easy way to improve SPEED, STRENGTH and TECHNIQUE","https://www.youtube.com/watch?v=7KQz2mkqK74","localizado; visionado pendiente"
"unisport","Nuevas Nike Mercurial: ¿QUÉ HA CAMBIADO?","https://www.youtube.com/watch?v=A08QMcnNc9E","localizado; visionado pendiente"
"unisport","50 habilidades de fútbol FÁCILES a DIFÍCILES en 5 minutos","https://www.youtube.com/watch?v=5R-2OMxUpao","localizado; visionado pendiente"
"unisport","How to stay MATCH FIT for football during winter","https://www.youtube.com/watch?v=r4kQ8eS9NZY","localizado; visionado pendiente"
"unisport","Conviértete en un mejor extremo goleador como SALAH","https://www.youtube.com/watch?v=bI992OdOkKc","localizado; visionado pendiente"
"unisport","Aprende 5 pases inusuales que te harán destacar","https://www.youtube.com/watch?v=IPQEvE_5fnU","localizado; visionado pendiente"
"unisport","NUNCA pierdas el balón: aprende las habilidades de Zidane","https://www.youtube.com/watch?v=Vx8PjsZOQn0","localizado; visionado pendiente"
"unisport","Los mejores momentos del fútbol en 2021 - Fútbol en retrospectiva","https://www.youtube.com/watch?v=JOoNIJI6NCE","localizado; visionado pendiente"
"unisport","Aprende los fundamentos de The Chop: aprende habilidades futbolísticas","https://www.youtube.com/watch?v=otj-NPAbPc8","localizado; visionado pendiente"
"unisport","Aprende 3 técnicas de drag súper fáciles pero efectivas","https://www.youtube.com/watch?v=g-5hrSO8E5A","localizado; visionado pendiente"
"unisport","Las 10 MEJORES habilidades de fútbol que te enseñamos en 2021","https://www.youtube.com/watch?v=7C_wS2A8Io0","localizado; visionado pendiente"
"unisport","Las 5 MEJORES botas de fútbol de 2021","https://www.youtube.com/watch?v=SpEXvLdj_YQ","localizado; visionado pendiente"
"unisport","Become a KNUCKLEBALL PRO with these tips","https://www.youtube.com/watch?v=eHsiM9-lViM","localizado; visionado pendiente"
"unisport","Aprende este movimiento SÚPER EFECTIVO en menos de 3 minutos","https://www.youtube.com/watch?v=z7jfd3G2l9g","localizado; visionado pendiente"
"unisport","Impress your friends with these 10 Street football skills","https://www.youtube.com/watch?v=cA4A5dcKQzY","localizado; visionado pendiente"
"unisport","5 trucos mentales para vencer los nervios 🥵 en el fútbol","https://www.youtube.com/watch?v=UjF2X1tNweg","localizado; visionado pendiente"
"unisport","3 formas de VENCER SIEMPRE al portero en un 1 contra 1","https://www.youtube.com/watch?v=AEkvuvjV_J8","localizado; visionado pendiente"
"unisport","El Messi indio: lo que NO SABÍAS sobre la leyenda Sunil Chhetri","https://www.youtube.com/watch?v=zWx6VtrpYdk","localizado; visionado pendiente"
"unisport","Aprende este increíble giro de McGeady realizado por CR7","https://www.youtube.com/watch?v=H2AhX6Pe76U","localizado; visionado pendiente"
"unisport","Learn 3 unique skills that will fool your opponent","https://www.youtube.com/watch?v=q3j1f1bmVn8","localizado; visionado pendiente"
"unisport","Courtois: modern goalkeepers need THIS skill","https://www.youtube.com/watch?v=-JMHhCf_gKY","localizado; visionado pendiente"
"unisport","Alcanza tu VELOCIDAD MÁXIMA aprendiendo ESTO","https://www.youtube.com/watch?v=vhJV2yiaqsM","localizado; visionado pendiente"
"unisport","You won't believe HOW good these legendary boots are...","https://www.youtube.com/watch?v=0Q-AQ4FFYkQ","localizado; visionado pendiente"
"unisport","¡Hazte MÁS FUERTE con este entrenamiento de fútbol de cuerpo completo!","https://www.youtube.com/watch?v=6KlR_js7SYU","localizado; visionado pendiente"
"unisport","LEARN ULTIMATE CONTROL with these 5 pro takedowns","https://www.youtube.com/watch?v=jaLmFYtLdro","localizado; visionado pendiente"
"unisport","These 5 effective stepovers are PERFECT for midfielders","https://www.youtube.com/watch?v=POUCihwX6GQ","localizado; visionado pendiente"
"unisport","¡No te pierdas estas INCREÍBLES ofertas de fútbol del Black Friday!","https://www.youtube.com/watch?v=nQlWzmwx4wo","localizado; visionado pendiente"
"unisport","¿La mayor mentira del fútbol? ¿Te la has tragado?","https://www.youtube.com/watch?v=lQnlNrg1C5I","localizado; visionado pendiente"
"unisport","How to prepare for a match: pro player shares secrets","https://www.youtube.com/watch?v=7jF2y09wMR8","localizado; visionado pendiente"
"unisport","FOOTBALL ASMR - relax your senses with these familiar sounds","https://www.youtube.com/watch?v=OHGXH0puE98","localizado; visionado pendiente"
"unisport","Amigos desde los 14 pero ahora RIVALES DEL CLUB. ¿Cómo?","https://www.youtube.com/watch?v=1YRHWI-BYog","localizado; visionado pendiente"
"unisport","10 goles de cabeza increíbles que desafiaron la gravedad","https://www.youtube.com/watch?v=UCMGXZfTVoI","localizado; visionado pendiente"
"unisport","Eliminate these 4 MISTAKES = become a better player","https://www.youtube.com/watch?v=AF1PC9fNaNE","localizado; visionado pendiente"
"unisport","WHY Mbappe is so FAST, and how you can be too","https://www.youtube.com/watch?v=adDby-cuFVU","localizado; visionado pendiente"
"unisport","Tutorial definitivo de Courtois para realizar paradas en situaciones de uno contra uno.","https://www.youtube.com/watch?v=CtREw12jk_c","localizado; visionado pendiente"
"unisport","LAS MEJORES CALZADO DE INTERIOR 2021: ¡mira antes de comprar!","https://www.youtube.com/watch?v=srl3pkGKUs4","localizado; visionado pendiente"
"unisport","SPICE UP skills you already know with these 3 variations","https://www.youtube.com/watch?v=wOS50dz0lnc","localizado; visionado pendiente"
"unisport","La CLAVE para marcar más goles REVELADA","https://www.youtube.com/watch?v=snh9GYpcErQ","localizado; visionado pendiente"
"unisport","MERCURIAL o PHANTOM ¿qué comprar?","https://www.youtube.com/watch?v=m0qDPIWu-vs","localizado; visionado pendiente"
"unisport","RONALDINHO SKILLS COMBO: Aprende 5 habilidades en 1","https://www.youtube.com/watch?v=9E20mVSqaHE","localizado; visionado pendiente"
"unisport","Master the VOLLEY shot with this tutorial","https://www.youtube.com/watch?v=y0CBWGghI64","localizado; visionado pendiente"
"unisport","¡Conviértete en IMPARABLE como Mbappé! Aprende habilidades futbolísticas.","https://www.youtube.com/watch?v=azCcvumHCSg","localizado; visionado pendiente"
"unisport","Aprende 3 increíbles habilidades de fútbol americano profesional para lucirte.","https://www.youtube.com/watch?v=ApZgRbxzjns","localizado; visionado pendiente"
"unisport","¿La mejor bota adidas del 2021 es _______?!","https://www.youtube.com/watch?v=UHIJt1vsrrQ","localizado; visionado pendiente"
"unisport","How to dribble like Messi, Neymar and Mbappe","https://www.youtube.com/watch?v=zEBmOXsEr6E","localizado; visionado pendiente"
"unisport","Mejora como extremo SOLO con estos 3 ejercicios","https://www.youtube.com/watch?v=Wo70tqnkj-M","localizado; visionado pendiente"
"unisport","¿Estás cometiendo este gran error? Evita lesiones con este consejo: botas FG o AG.","https://www.youtube.com/watch?v=Qkmcg7ET8j4","localizado; visionado pendiente"
"unisport","Mejora tu TACTO y TÉCNICA con estos consejos","https://www.youtube.com/watch?v=GGBUHa8EEY4","localizado; visionado pendiente"
"unisport","CÓMO EMPEZAR si quieres ser profesional","https://www.youtube.com/watch?v=BgiEzjqBw7Q","localizado; visionado pendiente"
"unisport","Descubra tres cosas que CR7, de 36 años, hace diferente","https://www.youtube.com/watch?v=LHGppbnCZ78","localizado; visionado pendiente"
"unisport","Played with the BOYS until she was 15, THEN WENT PRO","https://www.youtube.com/watch?v=jTb4fqgiOoM","localizado; visionado pendiente"
"unisport","Cómo el fútbol puede cambiar vidas - MÁS GRANDE QUE EL FÚTBOL (documental)","https://www.youtube.com/watch?v=Mci0gjDZ6mo","localizado; visionado pendiente"
"unisport","Cómo marcar más goles de larga distancia: tutorial","https://www.youtube.com/watch?v=QFJlRUy2jn0","localizado; visionado pendiente"
"unisport","2 habilidades para CREAR ESPACIO en el mediocampo","https://www.youtube.com/watch?v=TiwSRpWWIVU","localizado; visionado pendiente"
"unisport","Guía para principiantes en fotografía | 5 consejos básicos","https://www.youtube.com/watch?v=_f9ZIh8ESn4","localizado; visionado pendiente"
"unisport","Las 5 mejores botas de fútbol asequibles por menos de 150 dólares","https://www.youtube.com/watch?v=ogS4jPwFSrc","localizado; visionado pendiente"
"unisport","How to make this CR7 showoff skill useful AND beat defenders","https://www.youtube.com/watch?v=9zPaH8rwLeI","localizado; visionado pendiente"
"unisport","RESUMEN DE BOTAS NUEVAS - Resumen mensual de septiembre","https://www.youtube.com/watch?v=xJEaQhFAO78","localizado; visionado pendiente"
"unisport","APRENDE 5 HABILIDADES IMPRESIONANTES | REBOTE CON LA PUNTA DEL PIE","https://www.youtube.com/watch?v=QUCGJfEGnFQ","localizado; visionado pendiente"
"unisport","Han vuelto (¡y son caros!)","https://www.youtube.com/watch?v=vVhEmjc5XrI","localizado; visionado pendiente"
"unisport","Cómo ganar más duelos DEFENSIVOS | Tutorial de defensa","https://www.youtube.com/watch?v=DC9KW7j2j6M","localizado; visionado pendiente"
"unisport","Este consejo para mediocampistas te hará mejorar DRASTICAMENTE","https://www.youtube.com/watch?v=EMNqGC5snZA","localizado; visionado pendiente"
"unisport","Haciendo 99 habilidades con las nuevas botas de FIFA 22","https://www.youtube.com/watch?v=wQ0zE_iazww","localizado; visionado pendiente"
"unisport","Learn amazing street football skills in 5 minutes","https://www.youtube.com/watch?v=pppHwWC3QMY","localizado; visionado pendiente"
"unisport","Haz ESTO para marcar más goles | Tutorial de definición","https://www.youtube.com/watch?v=ETPRuOYdXZE","localizado; visionado pendiente"
"unisport","Aprende 5 habilidades futbolísticas para cuando te cierran el paso","https://www.youtube.com/watch?v=m_yixbWgzKw","localizado; visionado pendiente"
"unisport","Aprende esta increíble técnica de calentamiento en 3 sencillos pasos.","https://www.youtube.com/watch?v=tEkaXzYP4P4","localizado; visionado pendiente"
"unisport","5 MINUTE WORKOUT | Improve as a footballer","https://www.youtube.com/watch?v=LtpD6c_ayjE","localizado; visionado pendiente"
"unisport","Aprenderás esta increíble habilidad de estilo libre SORPRENDENTEMENTE rápido","https://www.youtube.com/watch?v=Ar9MVy-ARss","localizado; visionado pendiente"
"unisport","Fundamentos del regate | Tutorial para principiantes","https://www.youtube.com/watch?v=naEccnjzLxM","localizado; visionado pendiente"
"unisport","APRENDE 3 HABILIDADES DE PARTIDO PARA VENCER A LOS DEFENSORES","https://www.youtube.com/watch?v=Jb1hoSRaeg4","localizado; visionado pendiente"
"unisport","Aprende a manejar la presión en el fútbol","https://www.youtube.com/watch?v=5sG8OJvGNGk","localizado; visionado pendiente"
"unisport","10 FASTEST red cards ever","https://www.youtube.com/watch?v=_7KxWYZBGao","localizado; visionado pendiente"
"unisport","Aprende 5 habilidades jugando de espaldas al oponente","https://www.youtube.com/watch?v=48rdiDt_PZs","localizado; visionado pendiente"
"unisport","Virgil DESTROYS Pro Freestyler | Juggling challenge","https://www.youtube.com/watch?v=4i_TX2QOSlE","localizado; visionado pendiente"
"unisport","Usa este stepover ROTÍSIMO para ganar MÁS 1vs1","https://www.youtube.com/watch?v=PfUDtm54Lzw","localizado; visionado pendiente"
"unisport","MEJORA tu juego con estos 10 ejercicios esenciales","https://www.youtube.com/watch?v=Asmzihl4qww","localizado; visionado pendiente"
"unisport","What Van Dijk did to become the best defender | interview","https://www.youtube.com/watch?v=UU3CMcT3mBI","localizado; visionado pendiente"
"unisport","Aquí está el mejor fútbol del mundo, y ¿por qué?","https://www.youtube.com/watch?v=AU99X11mi5k","localizado; visionado pendiente"
"unisport","Lo que hacen los mejores regateadores del mundo y tú NO","https://www.youtube.com/watch?v=ExDzBACaXLg","localizado; visionado pendiente"
"unisport","DID THE KING LOSE ITS CROWN? I PUMA King Platinum 21 review","https://www.youtube.com/watch?v=b_Q_rVo019A","localizado; visionado pendiente"
"unisport","APRENDE 10 HABILIDADES ESENCIALES en 7 MINUTOS","https://www.youtube.com/watch?v=pnufpdsHlro","localizado; visionado pendiente"
"unisport","NUEVO DEPREDADOR | Todo lo que necesitas saber","https://www.youtube.com/watch?v=pFkS3LBCNZA","localizado; visionado pendiente"
"unisport","¡Por qué deberías comprar la versión ‘barata’ de estas increíbles botas!","https://www.youtube.com/watch?v=_frZlFejuMU","localizado; visionado pendiente"
"unisport","15 futbolistas que cambiaron la vida de las personas con obras de caridad.","https://www.youtube.com/watch?v=M4D3SeyYsrg","localizado; visionado pendiente"
"unisport","Learn these 5 JAW-DROPPING spinning skills","https://www.youtube.com/watch?v=lOuW3Ykr2Fo","localizado; visionado pendiente"
"unisport","¡Botas Nike locas para la nueva temporada! 🔥👀","https://www.youtube.com/watch?v=aXnaBAm1rPo","localizado; visionado pendiente"
"unisport","SORTEO DE 3 MILLONES DE SUSCRIPTORES: ¡gana un suministro de botas para un año!","https://www.youtube.com/watch?v=LIQlLCwjrvU","localizado; visionado pendiente"
"unisport","APRENDE 3 ""flick-ups"" de profesionales para impresionar a tus amigos","https://www.youtube.com/watch?v=ZggS1vu6zR4","localizado; visionado pendiente"
"unisport","¿CUÁL ES LA MEJOR BOTA DE VELOCIDAD 2021?","https://www.youtube.com/watch?v=CYu5j4NWUjs","localizado; visionado pendiente"
"unisport","3 things to learn from Giorgio Chiellini","https://www.youtube.com/watch?v=sV5MDMyKyEg","localizado; visionado pendiente"
"unisport","Lo que necesitas saber sobre los NUEVOS botines de adidas","https://www.youtube.com/watch?v=hAhsCl-b3Pg","localizado; visionado pendiente"
"unisport","These boots are for Young players ONLY","https://www.youtube.com/watch?v=OmxlI16VTCc","localizado; visionado pendiente"
"unisport","Cómo picar el balón al portero | Tutorial de tiro","https://www.youtube.com/watch?v=gmcqnvVLz4k","localizado; visionado pendiente"
"unisport","Reseña de PUMA Ultra 1.3 | ¿Cambiaron demasiado?","https://www.youtube.com/watch?v=WZtm9GphdD4","localizado; visionado pendiente"
"unisport","ANÁLISIS DE ADIDAS X SPEEDFLOW+ | ¿F50 adizero renace?","https://www.youtube.com/watch?v=73bdD3pt4Gc","localizado; visionado pendiente"
"unisport","Análisis del Nike Tiempo Legend 9 | Más ligero y rápido","https://www.youtube.com/watch?v=BxC1LpYZvz8","localizado; visionado pendiente"
"unisport","10 most unforgettable finals ever","https://www.youtube.com/watch?v=G7WwXXLg5-Q","localizado; visionado pendiente"
"unisport","Si alguna vez has comentado nuestros videos, puedes GANAR | Sorteo ENORME","https://www.youtube.com/watch?v=VJUYV7-C-P8","localizado; visionado pendiente"
"unisport","Aprende estos 3 movimientos impresionantes | Tutorial de variación de bofetada","https://www.youtube.com/watch?v=URbcREj7nEU","localizado; visionado pendiente"
"unisport","5 DIRTY tricks that pros use","https://www.youtube.com/watch?v=7gx0yNe8V08","localizado; visionado pendiente"
"unisport","¡Este truco para principiantes te hará lucir como un PROFESIONAL!","https://www.youtube.com/watch?v=G_vHsoEJf1Y","localizado; visionado pendiente"
"unisport","Mejora tu regate como Neymar | Aprende habilidades de fútbol","https://www.youtube.com/watch?v=kIwzQOV1MX0","localizado; visionado pendiente"
"unisport","15 BEST acrobatic goals ever scored","https://www.youtube.com/watch?v=EUFOs_-t55I","localizado; visionado pendiente"
"unisport","NERF GUN DRIBBLING CHALLENGE","https://www.youtube.com/watch?v=LtKi_BI7HZs","localizado; visionado pendiente"
"unisport","Learn 3 Warm Up Tricks Done By PROs","https://www.youtube.com/watch?v=1uxySEu97BU","localizado; visionado pendiente"
"unisport","Los 9 mayores talentos menores de 21 años en la Eurocopa","https://www.youtube.com/watch?v=s2_Km-1xiNQ","localizado; visionado pendiente"
"unisport","LOS PRIMEROS PASOS PARA CONVERTIRSE EN PROFESIONAL | Dentro del mundo del scouting","https://www.youtube.com/watch?v=WkFuCYCYn4o","localizado; visionado pendiente"
"unisport","DESAFÍO DEFINITIVO DEL CAÑÓN DE BALONES | Desafíos de fútbol de Unisport","https://www.youtube.com/watch?v=HYkv_0OeYno","localizado; visionado pendiente"
"unisport","APRENDE LA TÉCNICA DE CUELLO EN 3 sencillos pasos","https://www.youtube.com/watch?v=i60cHbhBzM0","localizado; visionado pendiente"
"unisport","Superar a los defensores SIN TOCAR EL BALÓN","https://www.youtube.com/watch?v=cYaNgLCkkAo","localizado; visionado pendiente"
"unisport","20 nombres de futbolistas que pronuncias mal","https://www.youtube.com/watch?v=PR30WMzHXW4","localizado; visionado pendiente"
"unisport","Aprende estas 3 increíbles habilidades de Marcelo","https://www.youtube.com/watch?v=G5wkCRv0IH0","localizado; visionado pendiente"
"unisport","APRENDE 3 VARIACIONES COMO 3000","https://www.youtube.com/watch?v=FgJSv0hGxLU","localizado; visionado pendiente"
"unisport","Estas son las nuevas botas adidas de Messi | Play Test","https://www.youtube.com/watch?v=aAUxHMOSnD4","localizado; visionado pendiente"
"unisport","Rompe las defensas con estas 3 técnicas de pase en profundidad","https://www.youtube.com/watch?v=TC8h0dY1M7A","localizado; visionado pendiente"
"unisport","Aprende 5 formas diferentes de hacer malabarismos con una pelota","https://www.youtube.com/watch?v=-bTBMFsrbKQ","localizado; visionado pendiente"
"unisport","Qué hacer si has pensado en dejar el fútbol","https://www.youtube.com/watch?v=Qog8mMT34yY","localizado; visionado pendiente"
"unisport","Aprenda 3 habilidades para presumir en 3 minutos","https://www.youtube.com/watch?v=-RmlmXrJ1Fs","localizado; visionado pendiente"
"unisport","Cómo ganar situaciones de 1 contra 1 | Regatear al defensor","https://www.youtube.com/watch?v=ENgKv5KvV1o","localizado; visionado pendiente"
"unisport","LOS 20 MEJORES GOLES DE TIROS LEJANO DE LA HISTORIA","https://www.youtube.com/watch?v=1DJyVbj9Afw","localizado; visionado pendiente"
"unisport","El movimiento de habilidad más PODEROSO | Úsalo en la cancha o en las calles","https://www.youtube.com/watch?v=eUkvrhF86WI","localizado; visionado pendiente"
"unisport","¿Adidas creó la bota de fútbol híbrida PERFECTA?","https://www.youtube.com/watch?v=05oHeHcEizo","localizado; visionado pendiente"
"unisport","Aprende la habilidad MATRIX de Zlatan en 4 minutos | Tutorial de bloqueo de pecho","https://www.youtube.com/watch?v=xCIsX8u4Q6o","localizado; visionado pendiente"
"unisport","Secretos para parar penaltis de un entrenador profesional | Tutorial para porteros","https://www.youtube.com/watch?v=254hoD_Wjes","localizado; visionado pendiente"
"unisport","3 maneras de hacer nuez moscada como Neymar | Aprende técnicas de panna","https://www.youtube.com/watch?v=RH72b0eWSh8","localizado; visionado pendiente"
"unisport","NUEVAS BOTAS NIKE EURO | prueba de juego","https://www.youtube.com/watch?v=QQZfFpL61j8","localizado; visionado pendiente"
"unisport","¡Aprenderás estas 3 habilidades en 3 minutos!","https://www.youtube.com/watch?v=PeS2BHJ-vvA","localizado; visionado pendiente"
"unisport","QUÉ COMER ANTES DE UN PARTIDO DE FÚTBOL","https://www.youtube.com/watch?v=CDP8ILUyPKs","localizado; visionado pendiente"
"unisport","ESTAS 5 COSAS ENOJARÁN A TUS COMPAÑEROS DE EQUIPO. ¡Evítalas!","https://www.youtube.com/watch?v=ifN21lwTSwQ","localizado; visionado pendiente"
"unisport","¿Las botas más locas del año hasta ahora? | Resumen mensual","https://www.youtube.com/watch?v=Gk1N6JeHV0Y","localizado; visionado pendiente"
"unisport","La impresionante habilidad de Ronaldinho se hizo FÁCIL","https://www.youtube.com/watch?v=r-vIoBYqX_E","localizado; visionado pendiente"
"unisport","Cómo PANNA un JUGADOR PROFESIONAL","https://www.youtube.com/watch?v=hRJ6__6cY2k","localizado; visionado pendiente"
"unisport","LOS 15 MEJORES TIROS LIBRES DE LA HISTORIA","https://www.youtube.com/watch?v=mZbVuoCFkVM","localizado; visionado pendiente"
"unisport","Esta habilidad parece imposible, pero puedes aprenderla en unos pocos pasos.","https://www.youtube.com/watch?v=_u5KMzeRV5A","localizado; visionado pendiente"
"unisport","¡Incluso los jugadores LENTOS pueden aprender estas 3 cosas de Alphonso Davies!","https://www.youtube.com/watch?v=nLl_zd4M8uM","localizado; visionado pendiente"
"unisport","Learn BEGINNER skills - even players who can't juggle can do this!","https://www.youtube.com/watch?v=XlApvqKc5XE","localizado; visionado pendiente"
"unisport","¿Qué elegir? Probando las nuevas botas Adidas para la Eurocopa 2020","https://www.youtube.com/watch?v=7Qu76rNVpNc","localizado; visionado pendiente"
"unisport","Dos cosas que TODO delantero debe aprender de LUKAKU","https://www.youtube.com/watch?v=9Bv-ofnQCig","localizado; visionado pendiente"
"unisport","¡VUELVE EL SAFARI! Nuevas botas CR7 Silver Safari","https://www.youtube.com/watch?v=404hBm6HHdU","localizado; visionado pendiente"
"unisport","Esta habilidad hará que la gente piense que tienes una gran técnica | película de palomitas de maíz","https://www.youtube.com/watch?v=8GRQnj0TLJ4","localizado; visionado pendiente"
"unisport","Prueba de juego de botas adidas x Marvel X-Men | ¡ESTAS DIVIDIRÁN OPINIONES!","https://www.youtube.com/watch?v=C9hEGj0yxzw","localizado; visionado pendiente"
"unisport","LAS BOTAS DE FÚTBOL MÁS CÓMODAS DE 2021","https://www.youtube.com/watch?v=_q2_xt-HBLk","localizado; visionado pendiente"
"unisport","Aprende 5 habilidades SUPER GENIALES, que son totalmente innecesarias","https://www.youtube.com/watch?v=oZhoYwjtwz0","localizado; visionado pendiente"
"unisport","5 ERRORES COMUNES QUE COMETEN LOS JÓVENES EXTREMOS y cómo evitarlos","https://www.youtube.com/watch?v=YVXLdTN1ZqE","localizado; visionado pendiente"
"unisport","CÓMO JUGAR SIN MIEDO","https://www.youtube.com/watch?v=1JgChyPusT8","localizado; visionado pendiente"
"unisport","2 pasos para aprender este truco de aspecto magistral","https://www.youtube.com/watch?v=TnD-U5bHZyw","localizado; visionado pendiente"
"unisport","CREA ESPACIO con estas 5 habilidades efectivas","https://www.youtube.com/watch?v=7VopNZftS2M","localizado; visionado pendiente"
"unisport","Los 20 mejores penaltis jamás lanzados (y los 5 peores)","https://www.youtube.com/watch?v=PYMVh3MXYI4","localizado; visionado pendiente"
"unisport","MEJORA TU VISIÓN E INTELIGENCIA como Messi","https://www.youtube.com/watch?v=egGAoRGT7kc","localizado; visionado pendiente"
"unisport","Cómo elegir entre botas de fútbol FG, AG y SG","https://www.youtube.com/watch?v=jwa3xJTYvXs","localizado; visionado pendiente"
"unisport","Aprende ALREDEDOR DEL MUNDO en 3 sencillos pasos | Tutorial","https://www.youtube.com/watch?v=KbSVHJ1ZLbg","localizado; visionado pendiente"
"unisport","adidas lanzó OTRO remake: LISTA DE NIVELES DE PREDATOR REMAKE","https://www.youtube.com/watch?v=nCvEGOVTxqU","localizado; visionado pendiente"
"unisport","Aprenda este paso SÚPER FÁCIL en 2 simples pasos","https://www.youtube.com/watch?v=TNyYSHfOB_Q","localizado; visionado pendiente"
"unisport","25 habilidades de estilo libre que todos deberían aprender | DE PRINCIPIANTE a PROFESIONAL","https://www.youtube.com/watch?v=0h-qf2esEj4","localizado; visionado pendiente"
"unisport","3 cosas que aprender de ZLATAN","https://www.youtube.com/watch?v=cuGqR1iYfhs","localizado; visionado pendiente"
"unisport","Aprenda esta eficaz habilidad de paso que TODOS pueden hacer","https://www.youtube.com/watch?v=Pjp7H7C3qsg","localizado; visionado pendiente"
"unisport","Mejora tu regate con estos 5 ejercicios sencillos","https://www.youtube.com/watch?v=Yr8bsrKvjMc","localizado; visionado pendiente"
"unisport","Cómo preparar tu mochila de fútbol: qué necesitas en 2021","https://www.youtube.com/watch?v=EolTaRMttJY","localizado; visionado pendiente"
"unisport","Cómo ponerse en forma para el fútbol | Mejorar la condición física para el fútbol","https://www.youtube.com/watch?v=8cCISQG1SuA","localizado; visionado pendiente"
"unisport","Conviértete en un mejor goleador como Haaland | Aprende habilidades futbolísticas","https://www.youtube.com/watch?v=WrJX--gbFDw","localizado; visionado pendiente"
"unisport","2 pasos rápidos para realizar este LOCO movimiento de estilo libre","https://www.youtube.com/watch?v=TGgXmZ-mitA","localizado; visionado pendiente"
"unisport","NUEVAS BOTAS para CR7 y Mbappé: ¡¿no hay Bruno ni Haaland?!","https://www.youtube.com/watch?v=fNreFP8Fkyc","localizado; visionado pendiente"
"unisport","¡Aprende estas 5 increíbles habilidades arcoíris para HUMILLAR a los defensores!","https://www.youtube.com/watch?v=WpgS5P9nCWw","localizado; visionado pendiente"
"unisport","Domina tu control cercano con estos 5 ejercicios sencillos","https://www.youtube.com/watch?v=aibvzcynDII","localizado; visionado pendiente"
"unisport","Cómo entrenar y ejercitarse para diferentes posiciones","https://www.youtube.com/watch?v=MBTmWxSMh5I","localizado; visionado pendiente"
"unisport","3 maneras de mejorar tu velocidad y agilidad","https://www.youtube.com/watch?v=us9XzHgA0f0","localizado; visionado pendiente"
"unisport","Este giro desconocido te hará parecer un profesional | Aprende habilidades de fútbol","https://www.youtube.com/watch?v=uNjgOkHPoAA","localizado; visionado pendiente"
"unisport","3 cosas que TODO extremo debe aprender de Salah","https://www.youtube.com/watch?v=m48VSmCnkaA","localizado; visionado pendiente"
"unisport","25 maneras de controlar el balón en el aire | Aprende las técnicas del primer toque","https://www.youtube.com/watch?v=ToyI8zJNafk","localizado; visionado pendiente"
"unisport","5 movimientos de giro efectivos para avergonzar a tu oponente","https://www.youtube.com/watch?v=Yik0x73C7Ug","localizado; visionado pendiente"
"unisport","3 cosas que TÚ necesitas aprender de Bruno","https://www.youtube.com/watch?v=in4KAJ4J094","localizado; visionado pendiente"
"unisport","5 consejos para dominar la finta con el cuerpo | Aprende técnicas de fútbol","https://www.youtube.com/watch?v=N-HbFSguyjk","localizado; visionado pendiente"
"unisport","Reseña de adidas COPA Sense+ | ¿La bota más elegante del mercado?","https://www.youtube.com/watch?v=JZUGvrjtxdw","localizado; visionado pendiente"
"unisport","¡Esta habilidad parece una locura pero es más fácil de lo que crees!","https://www.youtube.com/watch?v=Mi2Rwmw5Sus","localizado; visionado pendiente"
"unisport","Nike Mercurials nuevos: ¿Baratos o caros? - Explicación","https://www.youtube.com/watch?v=iL3H6cerINk","localizado; visionado pendiente"
"unisport","¡APRENDE estos movimientos de habilidad CINCO ESTRELLAS para extremos!","https://www.youtube.com/watch?v=YCdD-fT7BJE","localizado; visionado pendiente"
"unisport","Nike changed A LOT in this latest update | All you need to know","https://www.youtube.com/watch?v=pXxHYxQrHoI","localizado; visionado pendiente"
"unisport","¡Cómo construir un cuerpo perfecto para el fútbol!","https://www.youtube.com/watch?v=JNCLB_ml7e4","localizado; visionado pendiente"
"unisport","Cómo practicar fútbol SOLO","https://www.youtube.com/watch?v=H5SMtN6Qa6w","localizado; visionado pendiente"
"unisport","4 TÉCNICAS DE TIRO ESENCIALES EXPLICADAS","https://www.youtube.com/watch?v=s21Hf39-h64","localizado; visionado pendiente"
"unisport","ESTOS JUEGOS INCREÍBLES SORPRENDERÁN A TUS AMIGOS | Aprende habilidades de fútbol","https://www.youtube.com/watch?v=612PkKr_omU","localizado; visionado pendiente"
"unisport","VAPOR 14 vs X GHOSTED+ | Batalla de botas rápidas","https://www.youtube.com/watch?v=7JafZQr2ENs","localizado; visionado pendiente"
"unisport","5 tiradas únicas que cada jugador puede usar","https://www.youtube.com/watch?v=lGcXKrs_KbA","localizado; visionado pendiente"
"unisport","Análisis de las Nike Mercurial Vapor 14 y Superfly 8","https://www.youtube.com/watch?v=hvcsHsSpGFo","localizado; visionado pendiente"
"unisport","4 cosas que todo delantero debe aprender de LEWANDOWSKI","https://www.youtube.com/watch?v=6wN2KG42yY4","localizado; visionado pendiente"
"unisport","Vuélvete más rápido AL INSTANTE con estos ejercicios de velocidad | Clase magistral de velocidad","https://www.youtube.com/watch?v=q4cGstthnNg","localizado; visionado pendiente"
"unisport","5 maneras fáciles de mejorar tus habilidades | Dominio del balón","https://www.youtube.com/watch?v=Q5HcEC2ulSA","localizado; visionado pendiente"
"unisport","Nike Mercurial Vapor 14 y Superfly 8 | Todo lo que necesitas saber","https://www.youtube.com/watch?v=bcpJ1P484mM","localizado; visionado pendiente"
"unisport","Reseña de adidas Predator Freak | ¡Se volvió más loco!","https://www.youtube.com/watch?v=Rt7u0gZa2S4","localizado; visionado pendiente"
"unisport","¿Qué pasará con el fútbol cuando Messi y Ronaldo se retiren?","https://www.youtube.com/watch?v=0E9Zt5FNRXo","localizado; visionado pendiente"
"unisport","Aprende el fin de tiro de Thierry Henry","https://www.youtube.com/watch?v=mcnV4mud2Ak","localizado; visionado pendiente"
"unisport","Aprende el movimiento característico de Frenkie De Jong","https://www.youtube.com/watch?v=-YmujQVt_E4","localizado; visionado pendiente"
"unisport","Top 20 creative ways to take a penalty","https://www.youtube.com/watch?v=e5yu6qXiCZw","localizado; visionado pendiente"
"unisport","3 SIMPLE but VERY EFFECTIVE SKILLS to learn from Kylian Mbappé","https://www.youtube.com/watch?v=Mx7OPYaAcWU","localizado; visionado pendiente"
"unisport","4 cosas que hacen los GANADORES y que ningún entrenador puede enseñarte","https://www.youtube.com/watch?v=m22clfacDGo","localizado; visionado pendiente"
"unisport","Aprende a pasar como Kevin De Bruyne","https://www.youtube.com/watch?v=9UGrD9miQ0g","localizado; visionado pendiente"
"unisport","APRENDA HABILIDADES FÁCILES PARA PRINCIPIANTES","https://www.youtube.com/watch?v=6XhYNM99t0E","localizado; visionado pendiente"
"unisport","Driblar más rápido con estos sencillos consejos","https://www.youtube.com/watch?v=VnTtHm6W7wE","localizado; visionado pendiente"
"unisport","DO THIS to impress scouts at a football trial | 5 things","https://www.youtube.com/watch?v=-V_4GIANgvA","localizado; visionado pendiente"
"unisport","Sexiest looking boots of 2020","https://www.youtube.com/watch?v=imT1SEJeUGU","localizado; visionado pendiente"
"unisport","TUS AMIGOS NO CREERÁN ESTAS HABILIDADES FUTBOLÍSTICAS","https://www.youtube.com/watch?v=aFStpV6dOgs","localizado; visionado pendiente"
"unisport","¡El REMAKE olvidado YA ESTÁ AQUÍ! | Reseña del Predator Absolute","https://www.youtube.com/watch?v=CdNh33rlU64","localizado; visionado pendiente"
"unisport","3 consejos para centrar que los extremos NECESITAN aprender","https://www.youtube.com/watch?v=iM8DUaat_kY","localizado; visionado pendiente"
"unisport","APRENDE 45 HABILIDADES INCREÍBLES | 1 hora de tutoriales","https://www.youtube.com/watch?v=L-0hkvk1Ky0","localizado; visionado pendiente"
"unisport","LAS MEJORES BOTAS DE FÚTBOL 2020","https://www.youtube.com/watch?v=2kxw0DRCqno","localizado; visionado pendiente"
"unisport","FORMA FÁCIL de mejorar los pases largos SOLO","https://www.youtube.com/watch?v=CkLmpJbQD6U","localizado; visionado pendiente"
"unisport","TODA MI COLECCIÓN DE BOTAS DE FÚTBOL *ACTUALIZACIÓN 2020*","https://www.youtube.com/watch?v=f7tU5E0Udqg","localizado; visionado pendiente"
"unisport","Estas botas no son para todos... aquí está el porqué","https://www.youtube.com/watch?v=13ov3Og7XjI","localizado; visionado pendiente"
"unisport","Aprende a regatear con estilo | Las habilidades de Neymar","https://www.youtube.com/watch?v=ss7QM407d1o","localizado; visionado pendiente"
"unisport","LAS 10 MEJORES CAMISETAS DE FÚTBOL DE LA TEMPORADA 2020/2021","https://www.youtube.com/watch?v=Q9fwqKRRQ0k","localizado; visionado pendiente"
"unisport","Mejora tu control del balón al instante","https://www.youtube.com/watch?v=CTLiZ9Vm6kw","localizado; visionado pendiente"
"unisport","Reseña de PUMA FUTURE Z | ¡Las nuevas botas de Neymar!","https://www.youtube.com/watch?v=2LGmW5jvZQY","localizado; visionado pendiente"
"unisport","3 habilidades futbolísticas para lucirse | ¡Innecesario pero genial!","https://www.youtube.com/watch?v=EuyV0-6wEhU","localizado; visionado pendiente"
"unisport","How to become an ICON | 5 ways Michael Jordan and CR7 are similar","https://www.youtube.com/watch?v=TbrU1YqHLJ4","localizado; visionado pendiente"
"unisport","300 IQ plays that ONLY THE SMARTEST players do 🧠👈","https://www.youtube.com/watch?v=zp_sOnm5BSo","localizado; visionado pendiente"
"unisport","Este legendario adizero de 2010 finalmente ha vuelto... ¡PERO!","https://www.youtube.com/watch?v=Zu4ZDFUu3u8","localizado; visionado pendiente"
"unisport","3 maneras fáciles de hacer nuez moscada a los defensores | Aprende técnicas de panna","https://www.youtube.com/watch?v=28Jl7HZW11s","localizado; visionado pendiente"
"unisport","3 maneras en que Maradona cambió el fútbol... PARA SIEMPRE","https://www.youtube.com/watch?v=Ma-4ff0aUfo","localizado; visionado pendiente"
"unisport","¡3 errores a EVITAR al hacer malabarismos!","https://www.youtube.com/watch?v=CqTlkCFkKNc","localizado; visionado pendiente"
"unisport","Las 5 mejores habilidades brasileñas que te harán lucir genial","https://www.youtube.com/watch?v=cW2AfDdIcTE","localizado; visionado pendiente"
"unisport","Mejora tu GOLEADA, REGATEO y TÉCNICA con un amigo","https://www.youtube.com/watch?v=m5L1rWrsEEU","localizado; visionado pendiente"
"unisport","APRENDE 3 HABILIDADES DE PARTIDO | Tutorial fácil de técnicas de fútbol","https://www.youtube.com/watch?v=O7t6IMpzXfA","localizado; visionado pendiente"
"unisport","Por qué siempre fallas: cómo solucionar tus primeros disparos","https://www.youtube.com/watch?v=LbrE4GwlMPA","localizado; visionado pendiente"
"unisport","BEST BOOTS FOR WIDE FEET 2020","https://www.youtube.com/watch?v=3c33lZGf61Q","localizado; visionado pendiente"
"unisport","5 cosas que NUNCA debes hacerle a tus botas 😅","https://www.youtube.com/watch?v=tzeVJMToC08","localizado; visionado pendiente"
"unisport","AVOID THESE TRAPS that STOP players from becoming pro!","https://www.youtube.com/watch?v=UUDqtpQnYOo","localizado; visionado pendiente"
"unisport","¡3 consejos para MEJORAR INSTANTÁNEAMENTE tu tiro y finalización!","https://www.youtube.com/watch?v=witPz6fUX9w","localizado; visionado pendiente"
"unisport","Ni siquiera los mejores defensores pueden detener este turno | tutorial","https://www.youtube.com/watch?v=bzz5goXN3wo","localizado; visionado pendiente"
"unisport","Are these the BEST or WORST new colours of the year? | All adidas boots rated","https://www.youtube.com/watch?v=pV1DzElY264","localizado; visionado pendiente"
"unisport","Aprende regates de fútbol espectaculares: cómo jugar como Thiago","https://www.youtube.com/watch?v=3lKGtU0xIA8","localizado; visionado pendiente"
"unisport","Haz estas sencillas cosas para PREVENIR LESIONES como un profesional | Masterclass","https://www.youtube.com/watch?v=PfzuoEliUjI","localizado; visionado pendiente"
"unisport","DESLÍZATE DE LOS DEFENSORES con estos 4 ejercicios de agilidad","https://www.youtube.com/watch?v=YHnQtydwmdQ","localizado; visionado pendiente"
"unisport","Cristiano Ronaldo | 3 cosas que aprender de CR7 en el Manchester United","https://www.youtube.com/watch?v=DNSji9ic36Y","localizado; visionado pendiente"
"unisport","LOS PRIMEROS PASOS PARA CONVERTIRTE EN UN PROFESIONAL | Episodio 2","https://www.youtube.com/watch?v=8tRtN678NHI","localizado; visionado pendiente"
"unisport","Nuevas botas Nike Phantom GT CROMADAS | Prueba de juego","https://www.youtube.com/watch?v=XJUriXwmYco","localizado; visionado pendiente"
"unisport","Pequeña actualización, pero ¿podrá salvar al Nemeziz?","https://www.youtube.com/watch?v=t76JzkrYpHI","localizado; visionado pendiente"
"unisport","SOLO 95 PARES | Estas nuevas botas de fútbol son súper raras","https://www.youtube.com/watch?v=AF2YZ9lMIhA","localizado; visionado pendiente"
"unisport","APRENDE EL PASE BAJO CONDUCIDO | Golpea el balón con potencia","https://www.youtube.com/watch?v=lDtl9gjFvj0","localizado; visionado pendiente"
"unisport","Por qué esta es la mayor oportunidad perdida de 2020","https://www.youtube.com/watch?v=xMtner5ecpw","localizado; visionado pendiente"
"unisport","Cómo picarle el balón al portero como Messi | Aprende técnicas de fútbol","https://www.youtube.com/watch?v=oSwjfhAOaik","localizado; visionado pendiente"
"unisport","5 habilidades icónicas de CR7 que todo regateador debería conocer | Aprende habilidades futbolíst...","https://www.youtube.com/watch?v=ZALyD0v02v4","localizado; visionado pendiente"
"unisport","¡Aprende habilidades impredecibles que te convertirán en un MEJOR MEDIOCAMPISTA!","https://www.youtube.com/watch?v=DZDn7bwdRYI","localizado; visionado pendiente"
"unisport","La legendaria bota de fútbol FINALMENTE HA VUELTO | Reseña","https://www.youtube.com/watch?v=YnDE-Uvozeg","localizado; visionado pendiente"
"unisport","Haz que tus botas se ajusten MEJOR con estos trucos de comodidad","https://www.youtube.com/watch?v=y-4HPfKHwKw","localizado; visionado pendiente"
"unisport","LAS BOTAS DE FÚTBOL MÁS LIGERAS JAMÁS FABRICADAS | Prueba de juego","https://www.youtube.com/watch?v=K3nmmScFLlQ","localizado; visionado pendiente"
"unisport","Mejora tu dominio del balón | 5 ejercicios para un control máximo","https://www.youtube.com/watch?v=qr53U0H3VPs","localizado; visionado pendiente"
"unisport","Impresiona a tus amigos con esta increíble habilidad | Tutorial de Lucky Strike","https://www.youtube.com/watch?v=BcJRupupTBY","localizado; visionado pendiente"
"unisport","Las mejores botas de fútbol sala de 2020 | Top 5","https://www.youtube.com/watch?v=9JPKjK8RJfM","localizado; visionado pendiente"
"unisport","3 maneras fáciles de marcar más goles | Finalización clínica","https://www.youtube.com/watch?v=jnzRWJIKGuQ","localizado; visionado pendiente"
"unisport","YA NO SOLO PARA CR7: las nuevas Nike Mercurial Dream Speed 003","https://www.youtube.com/watch?v=dIRfTYQputg","localizado; visionado pendiente"
"unisport","5 errores de principiante que debes EVITAR al disparar","https://www.youtube.com/watch?v=flYctEt1OLY","localizado; visionado pendiente"
"unisport","CONSIGUE PIES MÁS RÁPIDOS | ¡5 ejercicios que necesitas hacer!","https://www.youtube.com/watch?v=Ua-9iyOd9W0","localizado; visionado pendiente"
"unisport","Conviértete en un mejor jugador con estos 3 sencillos ejercicios","https://www.youtube.com/watch?v=oC6P3B4E6EA","localizado; visionado pendiente"
"unisport","LA EVOLUCIÓN DE MESSI | Cómo Messi ha cambiado su juego","https://www.youtube.com/watch?v=PbLV_p_Ix3c","localizado; visionado pendiente"
"unisport","TOP 5 MEJORES BOTAS DE VELOCIDAD 2020 | Te sorprenderás... 👀","https://www.youtube.com/watch?v=yDg78nlBEqg","localizado; visionado pendiente"
"unisport","Cómo ganarse la CONFIANZA y el RESPETO de tus compañeros de equipo","https://www.youtube.com/watch?v=uUf0PxMyeqc","localizado; visionado pendiente"
"unisport","Aprende a marcar goles increíbles con esta técnica | Tutorial de volea lateral","https://www.youtube.com/watch?v=WWr_cxhBr2o","localizado; visionado pendiente"
"unisport","3 cosas que todo extremo debería aprender de Neymar","https://www.youtube.com/watch?v=UenHGT-nf8k","localizado; visionado pendiente"
"unisport","EL MEJOR EQUIPO DE FÚTBOL PARA PREVENIR Y EVITAR LESIONES","https://www.youtube.com/watch?v=b-ibhuDCQvw","localizado; visionado pendiente"
"unisport","Por qué estas nuevas botas de Pogba parecen zapatos de moda","https://www.youtube.com/watch?v=Y9ERY83qNOc","localizado; visionado pendiente"
"unisport","Aprende esta alocada técnica de giro en el fútbol | Tutorial de Spin Magic","https://www.youtube.com/watch?v=nLq6yQlQdRw","localizado; visionado pendiente"
"unisport","4 ejercicios de primer toque | Mejora tus habilidades futbolísticas","https://www.youtube.com/watch?v=DZGi1JTMFzY","localizado; visionado pendiente"
"unisport","SIN CORDONES vs CON CORDONES | ¿Qué deberías comprar?","https://www.youtube.com/watch?v=dCBZkwTzdYE","localizado; visionado pendiente"
"unisport","30 AWESOME WAYS TO BEAT THE DEFENDER","https://www.youtube.com/watch?v=P44XW_LiDuE","localizado; visionado pendiente"
"unisport","Mejora tu explosividad con estos 5 ejercicios","https://www.youtube.com/watch?v=igy4NireddU","localizado; visionado pendiente"
"unisport","5 ejercicios para estar en GRAN forma futbolística","https://www.youtube.com/watch?v=OydgqZOfwsI","localizado; visionado pendiente"
"unisport","Una es increíble, otra es mala | Prueba de juego de botas de cuero Nike Tech Craft","https://www.youtube.com/watch?v=a-Q4596XOTg","localizado; visionado pendiente"
"unisport","Usa esta habilidad de primer toque para superar a tu defensor | Tutorial","https://www.youtube.com/watch?v=aRQ3SHyO8gI","localizado; visionado pendiente"
"unisport","5 ejercicios sencillos para mejorar tus habilidades de regate","https://www.youtube.com/watch?v=3a0eRXTqfOo","localizado; visionado pendiente"
"unisport","Mejora tus habilidades de estilo libre | Aprende esta genial habilidad futbolística rápidamente","https://www.youtube.com/watch?v=j1mwsDQ2UQo","localizado; visionado pendiente"
"unisport","BARATO vs CARO | Todas las botas de fútbol adidas X Ghosted explicadas","https://www.youtube.com/watch?v=wWLAp60vEAc","localizado; visionado pendiente"
"unisport","Botas Mercurial Superfly 7 ROSA de Mbappé | prueba de juego","https://www.youtube.com/watch?v=3wS9CAh3nmw","localizado; visionado pendiente"
"unisport","Learn this awesome flick up skill | Impress your teammates","https://www.youtube.com/watch?v=VOm6tW-bzN4","localizado; visionado pendiente"
"unisport","LAS MEJORES HABILIDADES PARA CORTAR HACIA ADENTRO desde la banda | Aprende técnicas de fútbol","https://www.youtube.com/watch?v=MXsb_90ws18","localizado; visionado pendiente"
"unisport","Cómo hacer el Crossover 360 | Tutorial de técnicas de fútbol","https://www.youtube.com/watch?v=pqxdttKjAps","localizado; visionado pendiente"
"unisport","¿Te atreves a usarlas? | Prueba de juego de las Sancho Superfly 7","https://www.youtube.com/watch?v=9DoPGbCQ_aY","localizado; visionado pendiente"
"unisport","5 RÉCORDS MUNDIALES INCREÍBLES de Cristiano Ronaldo","https://www.youtube.com/watch?v=esyj6JdnkUI","localizado; visionado pendiente"
"unisport","Cómo hacer un Panna ALUCINANTE - Aprende trucos de fútbol","https://www.youtube.com/watch?v=H07E_q8-Rgk","localizado; visionado pendiente"
"unisport","BARATO vs CARO | Todas las botas de fútbol Nike Phantom GT explicadas","https://www.youtube.com/watch?v=I1MSesyeUs4","localizado; visionado pendiente"
"unisport","Doble habilidad de ZLATAN que cualquiera puede aprender | Tutorial","https://www.youtube.com/watch?v=euUWNXBkU6w","localizado; visionado pendiente"
"unisport","Reseña de adidas X Ghosted+ y Ghosted.1 | ¿CORDONES o NO?","https://www.youtube.com/watch?v=gbxTNMb2Bb8","localizado; visionado pendiente"
"unisport","MÁS LIGERO QUE UN iPhone | Análisis del PUMA ULTRA 1.1","https://www.youtube.com/watch?v=nd02uzlZ5TM","localizado; visionado pendiente"
"unisport","Botas nuevas, colores nuevos | Todo lo que necesitas saber","https://www.youtube.com/watch?v=oqapDwBzcSI","localizado; visionado pendiente"
"unisport","Nuevos colores de Mercurial y Phantom GT | Prueba de juego de Nike Daybreak","https://www.youtube.com/watch?v=nM-UxJfSSNQ","localizado; visionado pendiente"
"unisport","Las 5 formas más DIFÍCILES de lanzar la pelota que NECESITAS aprender","https://www.youtube.com/watch?v=8ZtAPe10hSU","localizado; visionado pendiente"
"unisport","Tutorial avanzado de la habilidad de Neymar | Engaña al defensor","https://www.youtube.com/watch?v=OEsq3kppyaw","localizado; visionado pendiente"
"unisport","¿SON ESTAS BOTAS MEJORES QUE LAS HYPERVENOM 1?","https://www.youtube.com/watch?v=W6eXEHaCAno","localizado; visionado pendiente"
"unisport","Análisis de las Nike Phantom GT | Por qué a todo el mundo le encantarán","https://www.youtube.com/watch?v=i2BJDJmP8fI","localizado; visionado pendiente"
"unisport","Resultados futbolísticos humillantes que NUNCA serán olvidados","https://www.youtube.com/watch?v=S8MpF2Sl4zI","localizado; visionado pendiente"
"unisport","APRENDE EL REBOTE INVERSO CON LA PUNTA DEL PIE | Habilidades geniales de fútbol","https://www.youtube.com/watch?v=PZX6-ukGi_k","localizado; visionado pendiente"
"unisport","3 things to learn from Sergio Ramos | Master the art of WINNING","https://www.youtube.com/watch?v=mi366hiPam8","localizado; visionado pendiente"
"unisport","What I wish I knew as a kid - DON’T make these MISTAKES","https://www.youtube.com/watch?v=RyzlukkMfwQ","localizado; visionado pendiente"
"unisport","CÓMO SER CAPITÁN DE EQUIPO | 3 características de todo gran capitán","https://www.youtube.com/watch?v=SZT8_1Ch91I","localizado; visionado pendiente"
"unisport","3 cosas que aprender de van Dijk | Aprende habilidades defensivas","https://www.youtube.com/watch?v=gB8BK9eBd7w","localizado; visionado pendiente"
"unisport","5 datos extraños de la Premier League que nadie te contó","https://www.youtube.com/watch?v=ernLmj86Qmw","localizado; visionado pendiente"
"unisport","¡¿Nueva bota de velocidad SECRET de PUMA?! | Prueba de juego y primera impresión","https://www.youtube.com/watch?v=BBzrHFa9dDo","localizado; visionado pendiente"
"unisport","Las habilidades futbolísticas más humillantes jamás vistas en un partido","https://www.youtube.com/watch?v=HN6-skccm2I","localizado; visionado pendiente"
"unisport","CÓMO MEJORAR TU PIE DÉBIL | Pasos sencillos y ejercicios de entrenamiento","https://www.youtube.com/watch?v=EW4N16-0obw","localizado; visionado pendiente"
"unisport","Aprende esta increíble habilidad futbolística que te hará lucir como un profesional | Tutorial de...","https://www.youtube.com/watch?v=67Ipll4RoiA","localizado; visionado pendiente"
"unisport","Accesorios raros que los futbolistas REALMENTE necesitaban","https://www.youtube.com/watch?v=E8oxP1Ccins","localizado; visionado pendiente"
"unisport","¡Los 5 mejores perdedores que ganaron GRANDES TROFEOS!","https://www.youtube.com/watch?v=6uvWEBx6mAU","localizado; visionado pendiente"
"unisport","Cómo jugar como Mbappé | 3 cosas que NECESITAS aprender","https://www.youtube.com/watch?v=LYNUDlE56f8","localizado; visionado pendiente"
"unisport","APRENDE EL HEADSTALL | Tutorial de habilidades de fútbol","https://www.youtube.com/watch?v=hGFoc2wf3d0","localizado; visionado pendiente"
"unisport","Guía de fútbol para principiantes | Fútbol para principiantes","https://www.youtube.com/watch?v=Phnt5QZ7X7o","localizado; visionado pendiente"
"unisport","¿Quiénes son los jugadores más rápidos en 2020?","https://www.youtube.com/watch?v=PPxPgd3AT9Y","localizado; visionado pendiente"
"unisport","¿Sigue siendo Nike Mercurial la mejor bota de velocidad?","https://www.youtube.com/watch?v=9Ou-VRX5H3E","localizado; visionado pendiente"
"unisport","TUTORIAL DE PASE SIN MIRAR | Aprende habilidades futbolísticas","https://www.youtube.com/watch?v=JHRXwBXA1eU","localizado; visionado pendiente"
"unisport","Prueba y revisión de tiro libre Nike Flight | ¿El mejor fútbol del 2020?","https://www.youtube.com/watch?v=YLyn_e-KZcw","localizado; visionado pendiente"
"unisport","TOP 5 jugadores que triunfaron a una edad avanzada | ¡Nunca te rindas!","https://www.youtube.com/watch?v=Jd1gBSp8dLs","localizado; visionado pendiente"
"unisport","LOS 10 GOLES MÁS IMPORTANTES DE LA HISTORIA","https://www.youtube.com/watch?v=3IjKU8JejvM","localizado; visionado pendiente"
"unisport","La ÚNICA bota que REALMENTE puede desafiar al Vapor 13","https://www.youtube.com/watch?v=OydqcDt46eI","localizado; visionado pendiente"
"unisport","¿Cuál es el nuevo color de adidas más alucinante? | Prueba de juego local","https://www.youtube.com/watch?v=gL1Y2njYDuI","localizado; visionado pendiente"
"unisport","5 habilidades que solo los HABILITADORES DE CINCO ESTRELLAS usan en partidos reales","https://www.youtube.com/watch?v=FMAe8fUm9B4","localizado; visionado pendiente"
"unisport","Las botas más icónicas de CR7 están de vuelta | Nuevas botas Nike Safari","https://www.youtube.com/watch?v=cCp-91PGL4U","localizado; visionado pendiente"
"unisport","3 jugadores que tenían talento para ganar más títulos... ¡PERO!","https://www.youtube.com/watch?v=qErLhWvNsEY","localizado; visionado pendiente"
"unisport","Aprende 5 técnicas FÁCILES de primer toque para vencer a un defensor","https://www.youtube.com/watch?v=u9MYfhNQ7bI","localizado; visionado pendiente"
"unisport","6 TRUCOS PARA ATARSE LAS BOTAS - calificación 6 maneras de atarse las botas","https://www.youtube.com/watch?v=xLTfw4hb2kY","localizado; visionado pendiente"
"unisport","Esta finta de Neymar superará a cualquier defensa | Tutorial","https://www.youtube.com/watch?v=rlJ2ptCRsEQ","localizado; visionado pendiente"
"unisport","CÓMO USAR LOS CALCETINES COMO UN PROFESIONAL","https://www.youtube.com/watch?v=-QCtXiIngyU","localizado; visionado pendiente"
"unisport","5 futbolistas que podrían practicar otros deportes","https://www.youtube.com/watch?v=exNgfjuOjnc","localizado; visionado pendiente"
"unisport","¡10 jugadores que NO SABÍAS que jugaron en estos clubes!","https://www.youtube.com/watch?v=d50BzBHH1g0","localizado; visionado pendiente"
"unisport","¿De verdad podrán competir con adidas? | Análisis de las New Balance Tekela 3","https://www.youtube.com/watch?v=CojXjuwg8F0","localizado; visionado pendiente"
"unisport","5 lecciones importantes que aprender de Cristiano Ronaldo","https://www.youtube.com/watch?v=p3MShPX3J24","localizado; visionado pendiente"
"unisport","Las 5 mejores botas de fútbol baratas de 2020","https://www.youtube.com/watch?v=bYXR9jNz5c4","localizado; visionado pendiente"
"unisport","¡Probando TODAS las botas Nike nuevas! | Prueba de juego vecinal de Nike","https://www.youtube.com/watch?v=ArDz4Avxx2s","localizado; visionado pendiente"
"unisport","El test definitivo del Liverpool | Mané vs. Alisson vs. Origi","https://www.youtube.com/watch?v=niDGdZNVl7w","localizado; visionado pendiente"
"unisport","WHICH ADIDAS BOOT IS BEST FOR DRIBBLING?","https://www.youtube.com/watch?v=V7kSNxIiGLo","localizado; visionado pendiente"
"unisport","¿Juegan al fútbol sobre QUÉ? | Fútbol sobre hielo","https://www.youtube.com/watch?v=XO6Kycpk1Bw","localizado; visionado pendiente"
"unisport","5 REGLAS NO ESCRITAS DEL FÚTBOL | ¡Todo jugador debería saberlas!","https://www.youtube.com/watch?v=2xwuka9M8mE","localizado; visionado pendiente"
"unisport","LAS 5 MEJORES BOTAS AG DE 2020 | Todo lo que necesitas saber","https://www.youtube.com/watch?v=BiyJvpHDd7c","localizado; visionado pendiente"
"unisport","20 futbolistas que no reconocerías por su nombre real","https://www.youtube.com/watch?v=uNOkj043-0I","localizado; visionado pendiente"
"unisport","¿QUÉ CONTIENE LA CAJA? | Botas adidas increíbles","https://www.youtube.com/watch?v=yskD5a97Nz4","localizado; visionado pendiente"
"unisport","LAS 5 PEORES PELEAS ENTRE COMPAÑEROS EN EL FÚTBOL","https://www.youtube.com/watch?v=L9LPkf9ee5A","localizado; visionado pendiente"
"unisport","3 CONSEJOS RÁPIDOS para mejorar tus habilidades de malabarismo.","https://www.youtube.com/watch?v=7i490vG8_Xc","localizado; visionado pendiente"
"unisport","LAS 5 MEJORES ALTERNATIVAS DE BOTAS 2020 | ¡Mira antes de comprar!","https://www.youtube.com/watch?v=KPUPEN6t-Wg","localizado; visionado pendiente"
"unisport","1 HORA de tutoriales | Aprende 35 habilidades de fútbol","https://www.youtube.com/watch?v=y1d__uHGQso","localizado; visionado pendiente"
"unisport","3 cosas que NECESITAS APRENDER de Sadio Mane","https://www.youtube.com/watch?v=dbcERIU_PJc","localizado; visionado pendiente"
"unisport","Me tomó 2 días lograr este truco loco.","https://www.youtube.com/watch?v=zS-aMYt9GPo","localizado; visionado pendiente"
"unisport","LOS 10 JUGADORES MÁS SUBESTIMADOS","https://www.youtube.com/watch?v=n8TYFZv8XGk","localizado; visionado pendiente"
"unisport","Esta es la razón por la que Usain Bolt FRACASÓ en el fútbol","https://www.youtube.com/watch?v=Z6rlaJkUigU","localizado; visionado pendiente"
"unisport","10 botas de fútbol que NECESITAN volver en una nueva versión","https://www.youtube.com/watch?v=io5iFFQ43j4","localizado; visionado pendiente"
"unisport","Aprende 3 habilidades del fútbol | ¡Suelta al defensor!","https://www.youtube.com/watch?v=H38cq91fAN0","localizado; visionado pendiente"
"unisport","¿QUÉ TAN IMPORTANTE ES EL ENTRENADOR?","https://www.youtube.com/watch?v=neaNyBdI4dg","localizado; visionado pendiente"
"unisport","TOP 5 botas de mi colección | ¡FIRMADAS POR CR7!","https://www.youtube.com/watch?v=J5rh-CVJVCU","localizado; visionado pendiente"
"unisport","CÓMO HAN EVOLUCIONADO LOS PORTEROS desde 1871 hasta 2020","https://www.youtube.com/watch?v=n-Vv5dRfvhg","localizado; visionado pendiente"
"unisport","FOOTBALL MOTIVATION | How to stay motivated during lockdown","https://www.youtube.com/watch?v=3PIJ6TYouQw","localizado; visionado pendiente"
"unisport","Accesorios de fútbol que alguna vez fueron geniales","https://www.youtube.com/watch?v=7tknRTrMH7o","localizado; visionado pendiente"
"unisport","LOS ANUNCIALES DE FÚTBOL MÁS LOCOS DE LA HISTORIA | Con Messi, CR7 y Neymar","https://www.youtube.com/watch?v=fS5sValqK4Y","localizado; visionado pendiente"
"unisport","LOS DORSALES MÁS RAROS DEL FÚTBOL | Y por qué los llevan","https://www.youtube.com/watch?v=MountcOheTI","localizado; visionado pendiente"
"unisport","Los 10 mejores futbolistas que NUNCA ganaron la Champions League","https://www.youtube.com/watch?v=7OJHk6cBUqE","localizado; visionado pendiente"
"unisport","Solo para jugadores valientes | Nuevas botas de fútbol Nike","https://www.youtube.com/watch?v=eTKeW-I7wrw","localizado; visionado pendiente"
"unisport","Cuando CR7 no juega al fútbol hace ESTO...!","https://www.youtube.com/watch?v=6xicP1nn0nY","localizado; visionado pendiente"
"unisport","LOS PRIMEROS PASOS PARA CONVERTIRTE EN UN PROFESIONAL | Episodio 1","https://www.youtube.com/watch?v=mp6UyNh0tjo","localizado; visionado pendiente"
"unisport","Futbolistas con un hermano menos famoso","https://www.youtube.com/watch?v=Eqq2Aehvef0","localizado; visionado pendiente"
"unisport","NUEVAS BOTAS DE NEYMAR y todas las botas exclusivas de Nike que ha tenido","https://www.youtube.com/watch?v=gFEivtikN-g","localizado; visionado pendiente"
"unisport","Ahora es el momento de comprar - OFERTA DE FÚTBOL INSANA","https://www.youtube.com/watch?v=7mM_DOeDmu4","localizado; visionado pendiente"
"unisport","LAS PEORES DECISIONES ÁRBITRALES DE LA HISTORIA","https://www.youtube.com/watch?v=_vuF5UFEu54","localizado; visionado pendiente"
"unisport","5 INCREÍBLES HABILIDADES VIRALES DEL FÚTBOL RECREADAS","https://www.youtube.com/watch?v=jfbd2gwnV7U","localizado; visionado pendiente"
"unisport","HUMILLA a los defensores con estas habilidades futbolísticas","https://www.youtube.com/watch?v=tzpmIxukGnE","localizado; visionado pendiente"
"unisport","5 formas de mejorar tus habilidades EN CASA","https://www.youtube.com/watch?v=yAdEr4w3tHo","localizado; visionado pendiente"
"unisport","Nike copió sus botas antiguas, ¡Y...!","https://www.youtube.com/watch?v=2lGYi36mVZY","localizado; visionado pendiente"
"unisport","Reglas de fútbol ridículas de 1863: ¡no las vas a creer!","https://www.youtube.com/watch?v=VKi7aYGWD1s","localizado; visionado pendiente"
"unisport","¿La evolución de las botas de fútbol ha ido demasiado lejos?","https://www.youtube.com/watch?v=HERUQZjx7cw","localizado; visionado pendiente"
"unisport","This exercise made FC Barcelona great - here’s why","https://www.youtube.com/watch?v=AiYfxRcjZrw","localizado; visionado pendiente"
"unisport","5 consejos para mejorar la precisión de tus tiros libres","https://www.youtube.com/watch?v=Amg35qSxw4Y","localizado; visionado pendiente"
"unisport","¡Nike actualizó este botín y su ______!?","https://www.youtube.com/watch?v=GEvnu0tHWxg","localizado; visionado pendiente"
"unisport","EL MEJOR EQUIPO DE FÚTBOL NUEVO DE 2020","https://www.youtube.com/watch?v=bJGP2bUDt1M","localizado; visionado pendiente"
"unisport","3 habilidades de fútbol fáciles que te hacen lucir GENIAL!","https://www.youtube.com/watch?v=cY0YFeJraRk","localizado; visionado pendiente"
"unisport","Superfly 1 ha vuelto… ¡y ya no está nada mal!","https://www.youtube.com/watch?v=etUI4vUxEbw","localizado; visionado pendiente"
"unisport","adidas rehizo la mejor bota de hace 18 años - Y...","https://www.youtube.com/watch?v=5PMQI78n0KI","localizado; visionado pendiente"
"unisport","5 tips to instantly make your boots better","https://www.youtube.com/watch?v=VsFp7R2tnEM","localizado; visionado pendiente"
"unisport","DESAFÍO DE 5 TIROS con FreeKickerz","https://www.youtube.com/watch?v=YSjC8f6hN-g","localizado; visionado pendiente"
"unisport","Nike reinventó la bota que todo el mundo adora… ¡PERO!","https://www.youtube.com/watch?v=z05aHq16zSA","localizado; visionado pendiente"
"unisport","Desafío de tiro | Lewandowski vs Unisport","https://www.youtube.com/watch?v=tQVt2_eYbd4","localizado; visionado pendiente"
"unisport","Who is Unisport? 10 things you didn’t know","https://www.youtube.com/watch?v=At3lu72judo","localizado; visionado pendiente"
"unisport","Los extremos deberían aprender estas 3 cosas de SANCHO","https://www.youtube.com/watch?v=auVKyrpPWPU","localizado; visionado pendiente"
"unisport","5 cosas que no sabías sobre Cristiano Ronaldo","https://www.youtube.com/watch?v=j73jc6pqgbU","localizado; visionado pendiente"
"unisport","5 MANERAS GENIALES DE DAR UN PRIMER TOQUE","https://www.youtube.com/watch?v=-wieyoU_t6g","localizado; visionado pendiente"
"unisport","How to improve your awareness and vision - read the game","https://www.youtube.com/watch?v=I17JwfCVQlw","localizado; visionado pendiente"
"unisport","3 habilidades de fútbol que DEJARÁN IMPACTADOS A TUS AMIGOS!","https://www.youtube.com/watch?v=_O5jYsGfQ90","localizado; visionado pendiente"
"unisport","Las 5 mejores botas de fútbol para tiro en 2020","https://www.youtube.com/watch?v=q_RtXy1w0x0","localizado; visionado pendiente"
"unisport","ESTAS 5 INCREÍBLES HABILIDADES DE FÚTBOL IMPRESIONARÁN A TUS AMIGOS","https://www.youtube.com/watch?v=3j2N1rKrj3M","localizado; visionado pendiente"
"unisport","NEW BOOTS FOR CR7 & MBAPPÉ - YOU can wear them too","https://www.youtube.com/watch?v=R8sbvInZUfY","localizado; visionado pendiente"
"unisport","LAS MEJORES BOTAS CON CALCETÍN | Las 5 mejores botas de caña alta de 2020","https://www.youtube.com/watch?v=gZAq7z7Ny6I","localizado; visionado pendiente"
"unisport","APRENDE 5 HABILIDADES BÁSICAS DEL FÚTBOL | Habilidades que puedes usar en un partido","https://www.youtube.com/watch?v=F3gxt-umkOA","localizado; visionado pendiente"
"unisport","DESAFÍO DE TOQUE DE DYBALA | Poniendo a prueba las habilidades futbolísticas de Dybala","https://www.youtube.com/watch?v=MuOkrfer1Cc","localizado; visionado pendiente"
"unisport","¡10 reglas del fútbol que NO SABÍAS que existían!","https://www.youtube.com/watch?v=OSGneV1pjXU","localizado; visionado pendiente"
"unisport","HOW PROS PREPARE FOR A MATCH | Gameday step-by-step","https://www.youtube.com/watch?v=ytJN7yRilAs","localizado; visionado pendiente"
"unisport","3 cosas que TODO delantero debe aprender de Haaland","https://www.youtube.com/watch?v=kO9FqkAirYg","localizado; visionado pendiente"
"unisport","¡Tres errores importantes que los WINGERS deben evitar!","https://www.youtube.com/watch?v=rierSRUz3wI","localizado; visionado pendiente"
"unisport","Las LOW CUT Predator 20.1 son increíbles: aquí te explicamos por qué","https://www.youtube.com/watch?v=9VHDuig-O-c","localizado; visionado pendiente"
"unisport","LAS 5 BOTAS DE FÚTBOL MÁS CÓMODAS DE 2020","https://www.youtube.com/watch?v=NF3NM1PR6Pg","localizado; visionado pendiente"
"unisport","Marca más goles con estos sencillos consejos","https://www.youtube.com/watch?v=7ErWVufBJVU","localizado; visionado pendiente"
"unisport","EXPLICADO: Las botas de fútbol Nike Phantom Vision 2 BARATAS vs CARAS","https://www.youtube.com/watch?v=bd_5wyPhshk","localizado; visionado pendiente"
"unisport","BARATO vs CARO | Todas las botas de fútbol adidas Predator Mutator 20 explicadas","https://www.youtube.com/watch?v=IuBXw0rhDVo","localizado; visionado pendiente"
"unisport","Ésta es la habilidad más importante del fútbol.","https://www.youtube.com/watch?v=U2ZC4I0BLEg","localizado; visionado pendiente"
"unisport","Aprenda 5 formas geniales de pasar el balón","https://www.youtube.com/watch?v=7NLiIiLz9RE","localizado; visionado pendiente"
"unisport","EXPLICACIÓN DE LOS PUNTOS EN LAS BOTAS DE FÚTBOL | Todo lo que necesitas saber","https://www.youtube.com/watch?v=a8sxbbYVMEQ","localizado; visionado pendiente"
"unisport","3 cosas que todo centrocampista debería aprender de XAVI","https://www.youtube.com/watch?v=CJocJwBO7Ck","localizado; visionado pendiente"
"unisport","Análisis de las Adidas Predator Mutator 20+","https://www.youtube.com/watch?v=GADHq_xsfWA","localizado; visionado pendiente"
"unisport","3 MANERAS DE TENER MÁS CONFIANZA | Aprende habilidades futbolísticas","https://www.youtube.com/watch?v=OLC815TzM04","localizado; visionado pendiente"
"unisport","Pequeños cambios, gran diferencia | Charla técnica sobre las Nike Phantom Vision 2","https://www.youtube.com/watch?v=06oeFrrRi_0","localizado; visionado pendiente"
"unisport","Análisis del Nike Phantom Vision 2 | Por qué es igual pero mejor","https://www.youtube.com/watch?v=8Rr-cFb75V8","localizado; visionado pendiente"
"unisport","TOP 10 Mejores asociaciones futbolísticas de todos los tiempos","https://www.youtube.com/watch?v=nfSTCKhBR_Q","localizado; visionado pendiente"
"unisport","5 errores con las botas de fútbol que probablemente hayas cometido","https://www.youtube.com/watch?v=YjVgLTLr3Bs","localizado; visionado pendiente"
"unisport","3 CAMBIOS QUE TRANSFORMARON EL FÚTBOL PARA MÍ","https://www.youtube.com/watch?v=onKn4gAE54Q","localizado; visionado pendiente"
"unisport","El dios de las habilidades futbolísticas | Entrevista a Ronaldinho","https://www.youtube.com/watch?v=2WSJDtUJwhY","localizado; visionado pendiente"
"unisport","Esta es la razón por la que adidas creó 10 Predators con Frankenstein","https://www.youtube.com/watch?v=1_vGW-o1NaE","localizado; visionado pendiente"
"unisport","EQUIPO DE FÚTBOL QUE NO SABÍAS QUE NECESITABAS | qué empacar","https://www.youtube.com/watch?v=3G0450ki1vg","localizado; visionado pendiente"
"unisport","Estas 3 habilidades del fútbol sorprenderán a tus compañeros | APRENDELAS","https://www.youtube.com/watch?v=CbzGeADg0Dk","localizado; visionado pendiente"
"unisport","5 reglas de fútbol sorprendentes que probablemente hayas roto","https://www.youtube.com/watch?v=OROnzm9GyUg","localizado; visionado pendiente"
"unisport","APRENDE LAS MEJORES HABILIDADES FUTBOLÍSTICAS DE 2019 | Top 5","https://www.youtube.com/watch?v=Uh5oQGW2xa8","localizado; visionado pendiente"
"unisport","3 maneras de hacer mejores a tus compañeros de equipo","https://www.youtube.com/watch?v=lOXrS8xoW6A","localizado; visionado pendiente"
"unisport","""Tengo talento, pero también un poco de suerte"" | Kylian Mbappé","https://www.youtube.com/watch?v=0C_FBXZyreQ","localizado; visionado pendiente"
"unisport","These 2 drills make EVERYONE faster","https://www.youtube.com/watch?v=rLrhleABpXs","localizado; visionado pendiente"
"unisport","LAS 5 MEJORES BOTAS DE FÚTBOL DE 2019","https://www.youtube.com/watch?v=LlcR4VB-6M0","localizado; visionado pendiente"
"unisport","EXPENSIVE vs CHEAP football boots explained","https://www.youtube.com/watch?v=LNNupCyWG1Q","localizado; visionado pendiente"
"unisport","Cómo mejorar tu aceleración | Tutorial de velocidad","https://www.youtube.com/watch?v=bB_GTwmId_k","localizado; visionado pendiente"
"unisport","REBOBINADO 2019: EDICIÓN DE FÚTBOL","https://www.youtube.com/watch?v=2-Dbi9DW9Dk","localizado; visionado pendiente"
"unisport","CÓMO MANTENERSE CALIENTE DURANTE EL INVIERNO | consejos de fútbol","https://www.youtube.com/watch?v=kgus88-cPtE","localizado; visionado pendiente"
"unisport","Mejorar la defensa: cómo destruir a los atacantes","https://www.youtube.com/watch?v=lHyeLZhNpHc","localizado; visionado pendiente"
"unisport","¡HAZ ESTO para vencer a oponentes rápidos!","https://www.youtube.com/watch?v=2J_f7QbrvWU","localizado; visionado pendiente"
"unisport","These tips will help you control the midfield","https://www.youtube.com/watch?v=PWsvaaH56Z0","localizado; visionado pendiente"
"unisport","CÓMO CONTROLAR EL BALÓN EN EL AIRE","https://www.youtube.com/watch?v=ZCms9ihShWc","localizado; visionado pendiente"
"unisport","NEW MBAPPE SUPERFLY 7 SIGNATURE BOOTS","https://www.youtube.com/watch?v=yfEErD6UeqI","localizado; visionado pendiente"
"unisport","El remake de Depredador que todos querían | Crítica de Depredador Manía","https://www.youtube.com/watch?v=f8y_6LdhbCw","localizado; visionado pendiente"
"unisport","¡Los centrocampistas deben evitar estos 3 errores!","https://www.youtube.com/watch?v=QgYbE2fIuwk","localizado; visionado pendiente"
"unisport","Nuevas adidas Predator Mania 19: ¿qué está pasando?","https://www.youtube.com/watch?v=3igjcDbLTcs","localizado; visionado pendiente"
"unisport","Las 5 mejores botas de Messi de la historia | Las mejores botas del ganador del Balón de Oro de 2019","https://www.youtube.com/watch?v=bVXq6m5SNDM","localizado; visionado pendiente"
"unisport","5 maneras de no perder nunca el balón: aprende habilidades futbolísticas","https://www.youtube.com/watch?v=bwh9MnKMBZA","localizado; visionado pendiente"
"unisport","5 señales de que te convertirás en un futbolista profesional","https://www.youtube.com/watch?v=g8MZWIB7RDs","localizado; visionado pendiente"
"unisport","BENDTNER reflexiona sobre su carrera: “¡Ha sido un éxito!”","https://www.youtube.com/watch?v=TUVdmQtwC9g","localizado; visionado pendiente"
"unisport","AHORRA MUCHO DINERO EN ESTAS OFERTAS DE FÚTBOL DEL BLACK FRIDAY","https://www.youtube.com/watch?v=4KFlg7HzCdU","localizado; visionado pendiente"
"unisport","MERCURIAL vs VENOM | Nike football boot battle","https://www.youtube.com/watch?v=ALsQ0nF3ERw","localizado; visionado pendiente"
"unisport","Cómo defenderse de los mejores extremos","https://www.youtube.com/watch?v=Pz0itU4n-SI","localizado; visionado pendiente"
"unisport","LAS MEJORES HABILIDADES DE CR7 EN LA JUVENTUS: Aprende estas habilidades futbolísticas","https://www.youtube.com/watch?v=NTeiiDhpuzw","localizado; visionado pendiente"
"unisport","¿ES ESTA LA BOTA DE FÚTBOL CON MEJOR AJUSTE DE 2019?","https://www.youtube.com/watch?v=ImiZSSK5I2s","localizado; visionado pendiente"
"unisport","ANÁLISIS DE LAS PUMA FUTURE 5.1 ​​| NUEVA Y ENORME ACTUALIZACIÓN","https://www.youtube.com/watch?v=lOHAkVq2S64","localizado; visionado pendiente"
"unisport","5 hábitos que NECESITAS APRENDER de los jugadores profesionales","https://www.youtube.com/watch?v=Ch-9mKiuG8E","localizado; visionado pendiente"
"unisport","¿POR QUÉ LA VELOCIDAD Y EL TIEMPO SON IMPORTANTES PARA VENCER A LOS JUGADORES?","https://www.youtube.com/watch?v=8FazGECI-uk","localizado; visionado pendiente"
"unisport","ESTE NUEVO VAPOR 13 ES SOLO PARA INDIVIDUALES","https://www.youtube.com/watch?v=4NBjAmEc0dA","localizado; visionado pendiente"
"unisport","3 CENTROS QUE NECESITAS APRENDER | aprende habilidades de fútbol","https://www.youtube.com/watch?v=nvajn6BYJog","localizado; visionado pendiente"
"unisport","CÓMO SUPERAR A LOS DEFENSORES CON LOS MOVIMIENTOS CORRECTOS | Aprende habilidades de fútbol","https://www.youtube.com/watch?v=8b6fcqpiTw8","localizado; visionado pendiente"
"unisport","Por qué es caro el balón de la Eurocopa 2020 | Análisis de adidas Uniforia","https://www.youtube.com/watch?v=JI-zh_83dis","localizado; visionado pendiente"
"unisport","¡Habilidades del fútbol callejero que los JUGADORES PROFESIONALES suelen utilizar!","https://www.youtube.com/watch?v=g82sVI4IywI","localizado; visionado pendiente"
"unisport","EJERCICIOS PARA MEJORAR TU TOQUE | Entrenamiento completo con un entrenador","https://www.youtube.com/watch?v=1dCDU701Qc0","localizado; visionado pendiente"
"unisport","¡5 cosas que hacen los futbolistas profesionales y que NO NOTAS!","https://www.youtube.com/watch?v=5C2GwvWlr4M","localizado; visionado pendiente"
"unisport","MEJORA TU FUERZA PARA EL FÚTBOL | Clase magistral de gimnasio con el entrenador","https://www.youtube.com/watch?v=b4d3Zk5NPdg","localizado; visionado pendiente"
"unisport","¿MEJOR EN CUERO? | Prueba de juego Nike Phantom Venom Tech Craft","https://www.youtube.com/watch?v=Ewe3jwStRIE","localizado; visionado pendiente"
"unisport","Cómo fiché por el PSG | Adil Aouchiche","https://www.youtube.com/watch?v=s-FQd1XO6nA","localizado; visionado pendiente"
"unisport","NUEVAS BOTAS ADIDAS CAMUFLAJE | Prueba de juego del paquete de cifrado","https://www.youtube.com/watch?v=p6DWsvkWHY4","localizado; visionado pendiente"
"unisport","5 cosas que todo jugador puede aprender de Messi","https://www.youtube.com/watch?v=HXwef88xc7Y","localizado; visionado pendiente"
"unisport","Estas botas no son para todos | Prueba de juego de Nike Phantom Fire","https://www.youtube.com/watch?v=jjuAo9QXLEM","localizado; visionado pendiente"
"unisport","APRENDE ESTAS 3 SENCILLAS HABILIDADES DE PARTIDO | Mejora tus habilidades futbolísticas","https://www.youtube.com/watch?v=CKCT4LgLDVA","localizado; visionado pendiente"
"unisport","LIONEL MESSI usa estas botas: aquí está el porqué","https://www.youtube.com/watch?v=JQVkNNQN5bk","localizado; visionado pendiente"
"unisport","Cómo jugar sin errores | Tutorial de habilidades","https://www.youtube.com/watch?v=9whHE1Xot28","localizado; visionado pendiente"
"unisport","LOS 5 MEJORES GUANTES DE PORTERO DE 2019","https://www.youtube.com/watch?v=AaMsEXrfMoc","localizado; visionado pendiente"
"unisport","Cómo tener MÁS CONFIANZA en un partido de fútbol","https://www.youtube.com/watch?v=53P4vpfokLU","localizado; visionado pendiente"
"unisport","MASTER THE CLOSE CONTROL | Improve your football skills","https://www.youtube.com/watch?v=Lb7fnryhkiY","localizado; visionado pendiente"
"unisport","CÓMO CABECEAR COMO CR7 | Tutorial de cabezazos: aprende técnicas futbolísticas","https://www.youtube.com/watch?v=g930trA83j0","localizado; visionado pendiente"
"unisport","Cómo lanzar tiros libres como LIONEL MESSI | Aprende las habilidades de Messi","https://www.youtube.com/watch?v=4RcM3G0sWAQ","localizado; visionado pendiente"
"unisport","LAS 5 MEJORES ZAPATILLAS DE FÚTBOL SALA 2019","https://www.youtube.com/watch?v=kGtQzf8nEhI","localizado; visionado pendiente"
"unisport","NUEVAS BOTAS NIKE DE CR7 Y MBAPPÉ | PRUEBA DE JUEGO","https://www.youtube.com/watch?v=oT8K2shV9Uc","localizado; visionado pendiente"
"unisport","Los extremos necesitan estas 5 cualidades | Mejora tus habilidades","https://www.youtube.com/watch?v=baje35i8dck","localizado; visionado pendiente"
"unisport","LEARN 3 NEW FIFA 20 FOOTBALL SKILLS IN REAL LIFE","https://www.youtube.com/watch?v=ZGw6et3Oww4","localizado; visionado pendiente"
"unisport","Eden Hazard | CÓMO Y CUÁNDO USAR HABILIDADES ESPECIALES","https://www.youtube.com/watch?v=atRFeSQxQuQ","localizado; visionado pendiente"
"unisport","5 CONSEJOS RÁPIDOS para mejorar tu tiro","https://www.youtube.com/watch?v=RE9lBLcf3NQ","localizado; visionado pendiente"
"unisport","LOS 5 MEJORES BALONES DE FÚTBOL DE 2019","https://www.youtube.com/watch?v=X3Vw6_feVes","localizado; visionado pendiente"
"unisport","MEJORA TU PUNTUACIÓN con estos ejercicios","https://www.youtube.com/watch?v=VDfR6UA00SE","localizado; visionado pendiente"
"unisport","LAS BOTAS DE FÚTBOL MÁS EXTRAÑAS DE LA HISTORIA | Top 10","https://www.youtube.com/watch?v=ypqBpHI96o8","localizado; visionado pendiente"
"unisport","Estos 5 errores te hacen un jugador promedio","https://www.youtube.com/watch?v=ipZ-t0GsH_E","localizado; visionado pendiente"
"unisport","MEJORES BOTAS DE FÚTBOL NIKE 2019 | Top 5","https://www.youtube.com/watch?v=8p9Gz0qM-1c","localizado; visionado pendiente"
"unisport","3 PASOS PARA MEJORAR TUS HABILIDADES DE PASE","https://www.youtube.com/watch?v=__kbC4hzcTo","localizado; visionado pendiente"
"unisport","5 características de un GRAN centrocampista | Mejora tus habilidades","https://www.youtube.com/watch?v=Vi4PYfxrRKw","localizado; visionado pendiente"
"unisport","CÓMO SE FABRICA UNA ESPADA SAMURAI KATANA","https://www.youtube.com/watch?v=BNOZ9vT69vs","localizado; visionado pendiente"
"unisport","GRANDES NOTICIAS | LO MEJOR QUE HAS ESCUCHADO EN 2019","https://www.youtube.com/watch?v=sqYxZCDyx-w","localizado; visionado pendiente"
"unisport","La bota de 99g que NO pesa 99g | Prueba de juego","https://www.youtube.com/watch?v=srj_EoC43_A","localizado; visionado pendiente"
"unisport","MERCURIAL EN CUERO | Prueba de juego de Nike Tech Craft","https://www.youtube.com/watch?v=gWUDj2qTvMc","localizado; visionado pendiente"
"unisport","This skill makes you a BETTER WINGER","https://www.youtube.com/watch?v=AchNFZ1Dus8","localizado; visionado pendiente"
"unisport","CÓMO LANZAR UNA VOLEA - 5 consejos para aprender esta habilidad futbolística","https://www.youtube.com/watch?v=9-UmE5goPwY","localizado; visionado pendiente"
"unisport","NUEVAS BOTAS NEYMAR JR VAPOR 13 | Prueba de juego","https://www.youtube.com/watch?v=N5FU6DHCiuQ","localizado; visionado pendiente"
"unisport","Divertidas habilidades futbolísticas para IMPRESIONAR A LAS CHICAS","https://www.youtube.com/watch?v=uwX0GGfisRM","localizado; visionado pendiente"
"unisport","Why speed is so important today | football speed tips","https://www.youtube.com/watch?v=Vug7DVAELM8","localizado; visionado pendiente"
"unisport","5 habilidades futbolísticas que SÓLO el 1% de las personas pueden hacer","https://www.youtube.com/watch?v=AWORXAZ6cog","localizado; visionado pendiente"
"unisport","Cómo mejorar como delantero | consejos de habilidades de fútbol de Mo Salah","https://www.youtube.com/watch?v=kJdVkZYBHCc","localizado; visionado pendiente"
"unisport","CR7 EXPLICA SU TÉCNICA DE DISPARO | Consejos de Cristiano Ronaldo","https://www.youtube.com/watch?v=jy47SRdcomo","localizado; visionado pendiente"
"unisport","CONSEJOS DE FÚTBOL DE GABRIEL JESÚS | Entrevista","https://www.youtube.com/watch?v=XvVLLF4SZsY","localizado; visionado pendiente"
"unisport","TUTORIAL DE PATADAS DE BICICLETA | Domina estas habilidades futbolísticas","https://www.youtube.com/watch?v=dwccSyeGn9s","localizado; visionado pendiente"
"unisport","CÓMO CONSEGUIR VELOCIDAD EN LOS PIES | Aumenta la velocidad de tus pies para el fútbol","https://www.youtube.com/watch?v=nGQ5LjZ8Oq4","localizado; visionado pendiente"
"unisport","Create space with THIS match skill","https://www.youtube.com/watch?v=e5lJudRbuOI","localizado; visionado pendiente"
"unisport","LA MEJOR BOTA QUE NADIE USA | Reseña de botas","https://www.youtube.com/watch?v=JUArBScAkQE","localizado; visionado pendiente"
"unisport","SALAH REVEALS HOW TO BECOME FASTER | Speed challenge","https://www.youtube.com/watch?v=gzT-CCgd4co","localizado; visionado pendiente"
"unisport","LAS 10 CAMISETAS DE FÚTBOL MÁS CHULETAS DE 2019","https://www.youtube.com/watch?v=2Ae2sA82ZwA","localizado; visionado pendiente"
"unisport","LA INNOVACIÓN DEFINITIVA | Análisis de botas de fútbol","https://www.youtube.com/watch?v=cWCDVCsUQIg","localizado; visionado pendiente"
"unisport","Entrevista a Cristiano Ronaldo | CR7 revela cómo triunfar","https://www.youtube.com/watch?v=1KJFsm8NDyE","localizado; visionado pendiente"
"unisport","Toni Kroos te enseña cómo ser un GRAN centrocampista","https://www.youtube.com/watch?v=WR9zF9RsoPI","localizado; visionado pendiente"
"unisport","Análisis de las Nike Mercurial Superfly 7 | Vapor 13 con cuello","https://www.youtube.com/watch?v=rfwmqNd32Xs","localizado; visionado pendiente"
"unisport","Lose your defender with this match skill","https://www.youtube.com/watch?v=RpVAOiD9RfE","localizado; visionado pendiente"
"unisport","BARATO vs CARO - Todas las botas Nike Mercurial explicadas: Elite, Pro, Academy o Club","https://www.youtube.com/watch?v=i_7KxYVnGn0","localizado; visionado pendiente"
"unisport","TOP 5 BOTAS DE VELOCIDAD 2019 | Las mejores botas de fútbol ligeras","https://www.youtube.com/watch?v=MN7hKUMRLG0","localizado; visionado pendiente"
"unisport","Isco reveals his FAVORITE football skill","https://www.youtube.com/watch?v=a2-ywAUlAQ0","localizado; visionado pendiente"
"unisport","Crazy new adidas football boots | Play Test on pitch","https://www.youtube.com/watch?v=WwsEJhYEpWQ","localizado; visionado pendiente"
"unisport","WHY VAPOR 13 IS BETTER THAN VAPOR 12","https://www.youtube.com/watch?v=-5EQZx8So_0","localizado; visionado pendiente"
"unisport","Habilidades en espacios reducidos | Aprende estas habilidades de fútbol","https://www.youtube.com/watch?v=p0yeewYPTyM","localizado; visionado pendiente"
"unisport","3 cosas que TODO CENTROCAMPISTA necesita saber | Mejora tu juego","https://www.youtube.com/watch?v=92oe0QZTNH4","localizado; visionado pendiente"
"unisport","APRENDE 50 FLICKS UPS | tutorial de técnicas de fútbol","https://www.youtube.com/watch?v=MdO-9X3IN9w","localizado; visionado pendiente"
"unisport","Por qué Mizuno fabrica las mejores botas de cuero","https://www.youtube.com/watch?v=LC0tT5MWa6g","localizado; visionado pendiente"
"unisport","NIKE MERCURIAL VAPOR 13 REVIEW | Hazard and Neymar can’t be wrong","https://www.youtube.com/watch?v=AN0TbxIJEbA","localizado; visionado pendiente"
"unisport","Aprende 2 técnicas de juego efectivas | Engaña al defensor","https://www.youtube.com/watch?v=kt85R-PcbUs","localizado; visionado pendiente"
"unisport","Vapor 13 y Superfly 7 Tech Talk | TODO LO QUE NECESITAS SABER","https://www.youtube.com/watch?v=G8soHAMu1lM","localizado; visionado pendiente"
"unisport","CÓMO HACER CAÑONES A TUS AMIGOS | la madre de todas las habilidades del fútbol","https://www.youtube.com/watch?v=ubE_WLywCpM","localizado; visionado pendiente"
"unisport","Análisis de PUMA ONE 5.1 ​​y FUTURE 4.1 | ¿La mejor relación calidad-precio?","https://www.youtube.com/watch?v=V-VGHRUltpM","localizado; visionado pendiente"
"unisport","Cómo mejorar como centrocampista creativo | Consejos de los profesionales del Arsenal","https://www.youtube.com/watch?v=ByVBlCkgSUY","localizado; visionado pendiente"
"unisport","¿La entrevista más incómoda de la historia? | Intenta no sentir vergüenza ajena con Raheem Sterling","https://www.youtube.com/watch?v=8KQCS4aVisM","localizado; visionado pendiente"
"unisport","Cómo no estar nervioso en un partido | Entrevista a Virgil van Dijk","https://www.youtube.com/watch?v=GejCopDTeJQ","localizado; visionado pendiente"
"unisport","Reseña de Nike Tiempo Legend 8 | ¿INCREÍBLE o ARRUINADA?","https://www.youtube.com/watch?v=n25E08UtMSQ","localizado; visionado pendiente"
"unisport","Nike Tiempo Legend 8 is NOT what you expected | Tech Talk","https://www.youtube.com/watch?v=Xw73uAvM9JQ","localizado; visionado pendiente"
"unisport","LAS MEJORES BOTAS DE FÚTBOL ADIDAS 2019","https://www.youtube.com/watch?v=u0teVJrB_GA","localizado; visionado pendiente"
"unisport","TOP 5 BOTAS DE FÚTBOL ANCHAS 2019","https://www.youtube.com/watch?v=MRPV7tk3RQI","localizado; visionado pendiente"
"unisport","CÓMO DRIBEAR COMO HAZARD | Aprende técnicas de fútbol","https://www.youtube.com/watch?v=reyQtdvpwHw","localizado; visionado pendiente"
"unisport","Gareth Bale | La importancia de la velocidad","https://www.youtube.com/watch?v=JFmhJf4PepE","localizado; visionado pendiente"
"unisport","IMPROVE YOUR STAMINA AND ENDURANCE","https://www.youtube.com/watch?v=XxKLHd1_oVs","localizado; visionado pendiente"
"unisport","BATALLA DE BOTAS DE FÚTBOL | Adidas X19 vs Nemeziz 19+","https://www.youtube.com/watch?v=yYbOniw7mAE","localizado; visionado pendiente"
"unisport","Tutorial de malabarismo con el talón | Aprende técnicas de fútbol","https://www.youtube.com/watch?v=LjyCSKMQAlA","localizado; visionado pendiente"
"unisport","2 HABILIDADES FUTBOLÍSTICAS QUE TODO EXTREMO NECESITA APRENDER","https://www.youtube.com/watch?v=HEsxfYfO4dQ","localizado; visionado pendiente"
"unisport","3 habilidades de fútbol que PARECEN LOCAS... ¡pero en realidad son fáciles!","https://www.youtube.com/watch?v=h4JVhDBpfYM","localizado; visionado pendiente"
"unisport","PUMA KING REVIEW | Boring or insanely cool?","https://www.youtube.com/watch?v=h0zQ7hZirsc","localizado; visionado pendiente"
"unisport","¿Qué bota Nike es mejor para tiro?","https://www.youtube.com/watch?v=EyQ7LjJz-2E","localizado; visionado pendiente"
"unisport","THE FOOTBALL BOOT EVERYONE SHOULD TRY","https://www.youtube.com/watch?v=sYrtMwAJVlY","localizado; visionado pendiente"
"unisport","“Nadie se acuerda de los cacahuetes moscados y los escalones” - Consejos de Raheem Sterling","https://www.youtube.com/watch?v=YoZJPml90I8","localizado; visionado pendiente"
"unisport","Los jóvenes del Real Madrid revelan cómo triunfar en el fútbol","https://www.youtube.com/watch?v=vpTg-YINjrE","localizado; visionado pendiente"
"unisport","LOS 5 MEJORES EQUIPOS PARA DELANTEROS | Equipamiento de fútbol imprescindible","https://www.youtube.com/watch?v=wz61OfhrIwM","localizado; visionado pendiente"
"unisport","APRENDE ESTE INCREÍBLE FLICK UP | Tutorial de habilidades de fútbol","https://www.youtube.com/watch?v=PCvq0lHyTbA","localizado; visionado pendiente"
"unisport","Cómo mejorar tu visión | Conviértete en un mejor futbolista","https://www.youtube.com/watch?v=SNHm1ut67WA","localizado; visionado pendiente"
"unisport","Aprende a jugar como Frenkie De Jong | Habilidades futbolísticas","https://www.youtube.com/watch?v=kJlJnwtkw7c","localizado; visionado pendiente"
"unisport","This first touch skill will beat ANY defender","https://www.youtube.com/watch?v=F-ZnogIQL08","localizado; visionado pendiente"
"unisport","PRO vs AMATEUR | Tested to the limit","https://www.youtube.com/watch?v=VqTgLxYdpes","localizado; visionado pendiente"
"unisport","Lo que los jugadores jóvenes NECESITAN para triunfar - Consejos de Jürgen Klopp","https://www.youtube.com/watch?v=41khN86KxvI","localizado; visionado pendiente"
"unisport","Estas 3 habilidades del fútbol vencerán al defensor TODAS las veces","https://www.youtube.com/watch?v=bdyLjuHYn2k","localizado; visionado pendiente"
"unisport","BARATO vs CARO | Todas las botas de fútbol adidas Nemeziz 19 explicadas","https://www.youtube.com/watch?v=OIl8l92h_W4","localizado; visionado pendiente"
"unisport","APRENDE LA HABILIDAD DEFINITIVA DEL EXTREMO: la jugada favorita de Salah y Robben","https://www.youtube.com/watch?v=V_9nmpX9xyk","localizado; visionado pendiente"
"unisport","Adidas X19+ REVIEW | la actualización que estábamos esperando","https://www.youtube.com/watch?v=axGHgxX2JwY","localizado; visionado pendiente"
"unisport","3 ejercicios de definición que puedes hacer solo | Habilidades de fútbol","https://www.youtube.com/watch?v=aJwWT54fvmQ","localizado; visionado pendiente"
"unisport","Adidas tardó 2 años en fabricar esto | Todo lo que necesitas saber","https://www.youtube.com/watch?v=1ETJP5w3D0s","localizado; visionado pendiente"
"unisport","Messi hace esto todo el tiempo: tú también deberías","https://www.youtube.com/watch?v=xatOqkbYb-c","localizado; visionado pendiente"
"unisport","ADIDAS NEMEZIZ 19+ REVIEW | ¿Revolucionario o simplemente extraño?","https://www.youtube.com/watch?v=00sH-cE50Bs","localizado; visionado pendiente"
"unisport","Esta sencilla habilidad te convertirá en un mejor extremo.","https://www.youtube.com/watch?v=o-zUbLmGGcQ","localizado; visionado pendiente"
"unisport","El truco definitivo para proteger el fútbol","https://www.youtube.com/watch?v=AR3keavqzy4","localizado; visionado pendiente"
"unisport","Aprenda la habilidad de fútbol Butterfly Lift","https://www.youtube.com/watch?v=9IwBmE7m8yA","localizado; visionado pendiente"
"unisport","Klopp: “Es fácil crear un equipo exitoso”","https://www.youtube.com/watch?v=E-XwWyk1XCo","localizado; visionado pendiente"
"unisport","What you can do to BOSS MIDFIELD like Kanté | Learn football skills","https://www.youtube.com/watch?v=0N0dBRhk6qs","localizado; visionado pendiente"
"unisport","La técnica secreta de tiro que NECESITAS aprender","https://www.youtube.com/watch?v=yXfM0lT5taQ","localizado; visionado pendiente"
"unisport","Estos 3 consejos te convertirán en un mejor mediocampista","https://www.youtube.com/watch?v=WSOiSIMN-QY","localizado; visionado pendiente"
"unisport","Cómo jugar como Paul Pogba | Aprende técnicas futbolísticas","https://www.youtube.com/watch?v=hTM-wW11Wec","localizado; visionado pendiente"
"unisport","Mejora tu rendimiento | Conviértete en un mejor jugador de fútbol","https://www.youtube.com/watch?v=QZVd1Ll0M8U","localizado; visionado pendiente"
"unisport","APRENDE LA HABILIDAD DE LEVANTAR EL RAKE EN EL FÚTBOL","https://www.youtube.com/watch?v=bhR4gzFyFPo","localizado; visionado pendiente"
"unisport","CÓMO REVISAR BOTAS DE FÚTBOL COMO UN PROFESIONAL | La guía definitiva","https://www.youtube.com/watch?v=fusWbSWnVzY","localizado; visionado pendiente"
"unisport","THE MOST SPECIAL DERBY IN THE WORLD?","https://www.youtube.com/watch?v=XyCPiIY_XEs","localizado; visionado pendiente"
"unisport","DEJA AL DEFENSOR EN EL POLVO | Aprende técnicas de fútbol con efecto","https://www.youtube.com/watch?v=gTCvQfEKIio","localizado; visionado pendiente"
"unisport","CÓMO MEJORAR AL INSTANTE TUS HABILIDADES DE DRIBLING","https://www.youtube.com/watch?v=VsVzlXU3u9k","localizado; visionado pendiente"
"unisport","La razón por la que NO DEBERÍAS HACER ESTO | PUMA FUTURE sin cordones","https://www.youtube.com/watch?v=mpkG8TFwtFU","localizado; visionado pendiente"
"unisport","CÓMO MEJORAR LOS TIROS LEJOS | Marca goles de 35 m","https://www.youtube.com/watch?v=z_5NCE_pe0Q","localizado; visionado pendiente"
"unisport","Estas botas son solo para jugadores de habilidad | Prueba de juego de adidas Virtuso","https://www.youtube.com/watch?v=2KimmC1GMYY","localizado; visionado pendiente"
"unisport","Vence a todos los defensores con esta habilidad futbolística | Aprende la Croqueta","https://www.youtube.com/watch?v=DH46nA2B1fo","localizado; visionado pendiente"
"unisport","HOW TO GET TO THE PREMIER LEAGUE | Do you have what it takes to go pro?","https://www.youtube.com/watch?v=p8SoEO1jOeY","localizado; visionado pendiente"
"unisport","CÓMO ENTRENAR SIN EQUIPO | Mejora tus habilidades futbolísticas","https://www.youtube.com/watch?v=VV2mXo9DRkw","localizado; visionado pendiente"
"unisport","CÓMO SER UN MEJOR EXTREMO | Mejora tus habilidades futbolísticas de inmediato","https://www.youtube.com/watch?v=iIYgLHY84A8","localizado; visionado pendiente"
"unisport","EL ARTE DE MARCAR GOLES: consejos de un delantero profesional","https://www.youtube.com/watch?v=wH11U_GND7Q","localizado; visionado pendiente"
"unisport","“Messi inspires me” | ASAP Ferg talks soccer and sneakers","https://www.youtube.com/watch?v=8ZbePdfqlGQ","localizado; visionado pendiente"
"unisport","Desafío objetivo | Botas de fútbol Nike T90 Laser","https://www.youtube.com/watch?v=iDyp1V_gRYM","localizado; visionado pendiente"
"unisport","Las mejores botas de fútbol del momento | ¿Qué llevamos en nuestra bolsa?","https://www.youtube.com/watch?v=uvTMoaMR1Yg","localizado; visionado pendiente"
"unisport","LAS MEJORES BOTAS DE BAJO PRESUPUESTO | Botas de fútbol con una excelente relación calidad-precio","https://www.youtube.com/watch?v=_PCE7CtPB4Y","localizado; visionado pendiente"
"unisport","CÓMO HACER EL GIRO DE CRUYFF | Aprende esta sencilla pero letal técnica futbolística","https://www.youtube.com/watch?v=LRSUw7mgqAY","localizado; visionado pendiente"
"unisport","3 CONSEJOS PARA MEJORAR TUS TIROS LIBRES con David Beckham","https://www.youtube.com/watch?v=eKM2JiVE4ds","localizado; visionado pendiente"
"unisport","HOW TO DO THE BACKHEEL | Learn this amazing football skill","https://www.youtube.com/watch?v=fxjkYkD4YPc","localizado; visionado pendiente"
"unisport","ROASTED BY BECKHAM AND ZIDANE | Savage interview with legends","https://www.youtube.com/watch?v=6M9HPGgKcXc","localizado; visionado pendiente"
"unisport","LEARN THE SCOOP TURN | the KING of football skills","https://www.youtube.com/watch?v=EHk635lx5A4","localizado; visionado pendiente"
"unisport","CÓMO SE RELAJA UN FUTBOLISTA PROFESIONAL | Cómo es realmente ser un profesional","https://www.youtube.com/watch?v=6bVEDX8Op8Y","localizado; visionado pendiente"
"unisport","¿Estas botas de hace 20 años todavía funcionan?","https://www.youtube.com/watch?v=dTtz1GG-dj8","localizado; visionado pendiente"
"unisport","DESAFÍO DE MALABARES DE LIONEL MESSI | poniendo a prueba las habilidades de Messi","https://www.youtube.com/watch?v=pvFiep6BOT4","localizado; visionado pendiente"
"unisport","CÓMO HACER UN NUEZ MOSCADA | Aprende estas importantes habilidades futbolísticas","https://www.youtube.com/watch?v=mVxzTF8QTEs","localizado; visionado pendiente"
"unisport","Movimiento de estilo libre que NECESITAS aprender | Tutorial de Hop the World","https://www.youtube.com/watch?v=qbKU1nZcnHE","localizado; visionado pendiente"
"unisport","Recreando los mejores momentos de Neymar | Aprende las habilidades futbolísticas de Neymar","https://www.youtube.com/watch?v=Sok1Kq88pXI","localizado; visionado pendiente"
"unisport","5 ways Mbappe can surpass Messi and Ronaldo","https://www.youtube.com/watch?v=TP-LREMdpxY","localizado; visionado pendiente"
"unisport","2019 Neymar football boots | everything you need to know","https://www.youtube.com/watch?v=1b9w5jxCUlU","localizado; visionado pendiente"
"unisport","LIMPIA TUS BOTAS DE FÚTBOL EN 2 MINUTOS | Haz que duren más","https://www.youtube.com/watch?v=gICp8AzRBu0","localizado; visionado pendiente"
"unisport","Consejos de Gareth Bale para los nudillos | Mejora tus habilidades futbolísticas","https://www.youtube.com/watch?v=AfjaqT4JIO0","localizado; visionado pendiente"
"unisport","MARCA MÁS GOLES | Programa de entrenamiento de fútbol de 30 minutos para finalizar","https://www.youtube.com/watch?v=eOnAvWc0au4","localizado; visionado pendiente"
"unisport","APRENDE EL ""PING"" | Tutorial de pases largos en el fútbol","https://www.youtube.com/watch?v=PMoaKZNOS3U","localizado; visionado pendiente"
"unisport","Benzema: La importancia de la mentalidad en el fútbol profesional","https://www.youtube.com/watch?v=GGgBBE7Chsw","localizado; visionado pendiente"
"unisport","CÓMO MARCAR MÁS GOLES | Consejos profesionales de Sergio Agüero","https://www.youtube.com/watch?v=eHEyBG4pWuQ","localizado; visionado pendiente"
"unisport","Esta habilidad futbolística vencerá a cualquier defensor | Aprende el giro de McGeady","https://www.youtube.com/watch?v=qIB76HqVaHE","localizado; visionado pendiente"
"unisport","CÓMO TRIUNFAR EN EL FÚTBOL | Entrevista inspiradora con Lukaku","https://www.youtube.com/watch?v=cpvMcm4cZNs","localizado; visionado pendiente"
"unisport","HABILIDADES FUTBOLÍSTICAS con GRIEZMANN | Entrevista divertida","https://www.youtube.com/watch?v=01FjDcXS4iQ","localizado; visionado pendiente"
"unisport","CÓMO SACAR UN CÓRNER COMO UN PROFESIONAL","https://www.youtube.com/watch?v=efdxdNxqBQI","localizado; visionado pendiente"
"unisport","BARATO vs CARO | Todas las botas de fútbol Nike Phantom Venom 2019","https://www.youtube.com/watch?v=PODt4gWqo60","localizado; visionado pendiente"
"unisport","Asa al defensor con este simple movimiento | Tutorial de habilidades de fútbol","https://www.youtube.com/watch?v=9-qcRYljdY8","localizado; visionado pendiente"
"unisport","LOS CALLÉ CON GOLES | Paulo Dybala sobre los que me critican","https://www.youtube.com/watch?v=_Elv9m-lf-I","localizado; visionado pendiente"
"unisport","APRENDE HABILIDADES FUTBOLÍSTICAS | Tutorial de Hocus Pocus","https://www.youtube.com/watch?v=qmrEKVVun10","localizado; visionado pendiente"
"unisport","ENTREVISTA A LIONEL MESSI | ""Este fue un día inolvidable""","https://www.youtube.com/watch?v=FktnMutgijc","localizado; visionado pendiente"
"unisport","La decisión más fácil que tomarás hoy","https://www.youtube.com/watch?v=eB4cb6wiyoU","localizado; visionado pendiente"
"unisport","CÓMO PARAR UN PENALTI con MANUEL NEUER | Aprende las habilidades del portero","https://www.youtube.com/watch?v=1-m1X808FOI","localizado; visionado pendiente"
"unisport","APRENDE A LIKE | 3 variaciones geniales de la habilidad futbolística LIKE","https://www.youtube.com/watch?v=whRh9S29Sv4","localizado; visionado pendiente"
"unisport","LA VERDAD sobre los tutoriales de habilidades en YouTube...","https://www.youtube.com/watch?v=-hL64pk9sIg","localizado; visionado pendiente"
"unisport","ANÁLISIS DEL NIKE PHANTOM VENOM | ¿La bota de delantero perfecta?","https://www.youtube.com/watch?v=AqsqL20rADk","localizado; visionado pendiente"
"unisport","NUEVO Nike Phantom Venom: ¡TODO lo que necesitas saber!","https://www.youtube.com/watch?v=foCqc7Swi4s","localizado; visionado pendiente"
"unisport","If this isn’t comfortable, you’re doing it wrong","https://www.youtube.com/watch?v=48lRYyQ5YSQ","localizado; visionado pendiente"
"unisport","PUMA FUTURE 19.1 ANÁLISIS | Más loco y mejor","https://www.youtube.com/watch?v=thmSr9hMUns","localizado; visionado pendiente"
"unisport","¡¿QUÉ le hicieron a la Copa Mundial?!","https://www.youtube.com/watch?v=6U-3B4wWP2s","localizado; visionado pendiente"
"unisport","CÓMO MEJORAR TU CONFIANZA ANTE LA PORTERÍA","https://www.youtube.com/watch?v=FM5pJEmEp8Y","localizado; visionado pendiente"
"unisport","LAS 5 MEJORES BOTAS DE CUERO DE 2019","https://www.youtube.com/watch?v=CJA9EIQXIcY","localizado; visionado pendiente"
"unisport","CÓMO APRENDER EL GIRO MARSELLERO | La Ruleta de Zidane en el fútbol","https://www.youtube.com/watch?v=3IpA1P1gB9k","localizado; visionado pendiente"
"unisport","BEST FOOTBALL VIDEOS ON YOUTUBE | Unisport","https://www.youtube.com/watch?v=18IgvBGO-bY","localizado; visionado pendiente"
"unisport","APRENDE LA VUELTA AL MUNDO EN POCO TIEMPO | tutorial de estilo libre","https://www.youtube.com/watch?v=qUILNHgvk6Q","localizado; visionado pendiente"
"unisport","REBOBINADO 2018: EDICIÓN DE FÚTBOL","https://www.youtube.com/watch?v=zN5k38FaGKY","localizado; visionado pendiente"
"unisport","TOP 10 BOTAS DE FÚTBOL MÁS HERMOSAS DE 2018 | Los mejores diseños","https://www.youtube.com/watch?v=8lRmmXcWgxo","localizado; visionado pendiente"
"unisport","HOW TO ALWAYS SCORE PENALTIES | Penalty kick tutorial","https://www.youtube.com/watch?v=od-dwl1QCbQ","localizado; visionado pendiente"
"unisport","Los mayores fallos con botas de fútbol de 2018: las 5 mejores botas de fútbol WTF","https://www.youtube.com/watch?v=btT6iWHqyz4","localizado; visionado pendiente"
"unisport","HABILIDADES INCREÍBLES DEL FÚTBOL FEMENINO | consejos y habilidades de jugadoras profesionales","https://www.youtube.com/watch?v=dBwSWME06Jw","localizado; visionado pendiente"
"unisport","APRENDE EL CORTE DE CR7 | Cómo lograr esta efectiva habilidad futbolística","https://www.youtube.com/watch?v=nL_J83wHcfk","localizado; visionado pendiente"
"unisport","MEJORES LANZAMIENTOS DE BOTAS DE 2018 | Las 5 mejores botas de fútbol","https://www.youtube.com/watch?v=J4N_CV5knoA","localizado; visionado pendiente"
"unisport","LA VERDAD SOBRE SER UN PROFESIONAL | Consejos para jóvenes jugadores","https://www.youtube.com/watch?v=YgNR4k6s3FQ","localizado; visionado pendiente"
"unisport","TOP 5 MEJORES ZAPATILLAS PARA FUTBOLISTAS 2018 + 2019","https://www.youtube.com/watch?v=3MXpLGJDw6o","localizado; visionado pendiente"
"unisport","¿CÓMO SER UN BUEN COMPAÑERO DE EQUIPO?","https://www.youtube.com/watch?v=FpEDAC-YW-E","localizado; visionado pendiente"
"unisport","APRENDE EL Flick de Marcelo | Mejora tus habilidades futbolísticas con un toque genial","https://www.youtube.com/watch?v=CyF3J-160is","localizado; visionado pendiente"
"unisport","CÓMO CONSEGUÍ MÁS DE 380 BOTAS DE FÚTBOL GRATIS... y cómo tú también puedes","https://www.youtube.com/watch?v=JQaAX_tZvuQ","localizado; visionado pendiente"
"unisport","APRENDE 50 HABILIDADES DE PARTIDO | Impresionante tutorial de técnicas de fútbol","https://www.youtube.com/watch?v=ROL7JDRbPc0","localizado; visionado pendiente"
"unisport","CÓMO CONSEGUIR LAS BOTAS DE FÚTBOL QUE QUIERES PARA NAVIDAD","https://www.youtube.com/watch?v=LUm8F5miz0k","localizado; visionado pendiente"
"unisport","APRENDE 3 VARIACIONES DEL RAINBOW FLICK 🌈","https://www.youtube.com/watch?v=SgPgcjn2kcI","localizado; visionado pendiente"
"unisport","TODAS LAS BOTAS DEL BALÓN DE ORO | Las nuevas botas de Modric y Mbappé","https://www.youtube.com/watch?v=8PF_sUEiNvw","localizado; visionado pendiente"
"unisport","LAS 5 MEJORES BOTAS SIN CORDONES","https://www.youtube.com/watch?v=x-IqICzyUH0","localizado; visionado pendiente"
"unisport","APRENDE EL TOQUE DE RONALDINHO | Mejora tus habilidades futbolísticas","https://www.youtube.com/watch?v=MrfPc2tEi90","localizado; visionado pendiente"
"unisport","DO YOU NEED AN AGENT TO BECOME A PRO? | Q&A","https://www.youtube.com/watch?v=sF5PzD7HgOc","localizado; visionado pendiente"
"unisport","CÓMO LOGRAR UN TIRO MÁS FUERTE | aprende a disparar más fuerte en el fútbol","https://www.youtube.com/watch?v=Ft22Bi4J-ik","localizado; visionado pendiente"
"unisport","ANÁLISIS DE LAS NIKE MERCURIAL GS360 | ¡¿Botas de fútbol recicladas?!","https://www.youtube.com/watch?v=Snp-6PSRqj8","localizado; visionado pendiente"
"unisport","DESAFÍO DE LIONEL MESSI AL TRAVESAÑO | Poniendo a prueba la precisión de Messi","https://www.youtube.com/watch?v=HQLOhkdkL1g","localizado; visionado pendiente"
"unisport","PAULO DYBALA MUESTRA SUS MEJORES JUGADAS | Habilidades futbolísticas de Dybala","https://www.youtube.com/watch?v=j1-rP4-LFaM","localizado; visionado pendiente"
"unisport","CÓMO IDENTIFICAR BOTAS DE FÚTBOL FALSAS","https://www.youtube.com/watch?v=QGcanSXPspA","localizado; visionado pendiente"
"unisport","LAS MEJORES OFERTAS DE FÚTBOL DEL BLACK FRIDAY Y BLACK WEEK QUE TIENES QUE VER","https://www.youtube.com/watch?v=yu3w4gFFv6U","localizado; visionado pendiente"
"unisport","5 habilidades futbolísticas de Douglas Costa que debes aprender","https://www.youtube.com/watch?v=-cm0XoQk0wY","localizado; visionado pendiente"
"unisport","DENTRO DE UNA FÁBRICA DE BOTAS DE FÚTBOL","https://www.youtube.com/watch?v=XzhNyd1I6Tc","localizado; visionado pendiente"
"unisport","How to convince your coach you should play | Get more playing time","https://www.youtube.com/watch?v=d96Rpp1htow","localizado; visionado pendiente"
"unisport","APRENDE HABILIDADES FUTBOLÍSTICAS LLAMATIVAS | movimientos de habilidad avanzados","https://www.youtube.com/watch?v=6-icYdFheC0","localizado; visionado pendiente"
"unisport","¡NUEVAS BOTAS NIKE AZULES! | Botas de fútbol Nike Always Forward Wave 2","https://www.youtube.com/watch?v=fIu6GzLih5g","localizado; visionado pendiente"
"unisport","APRENDE EL SOMBRERO | Habilidades de fútbol de Neymar","https://www.youtube.com/watch?v=sI07i6cLRxo","localizado; visionado pendiente"
"unisport","LA NUEVA COPA 19+ | Nueva tecnología de cuero","https://www.youtube.com/watch?v=g4lTmPq9A1c","localizado; visionado pendiente"
"unisport","CONSEJOS DE BALOTELLI PARA PENALTIS Y TRUCOS CON LAS BOTAS | consejos para jugadores profesionales","https://www.youtube.com/watch?v=d3ZN00Mu0V8","localizado; visionado pendiente"
"unisport","ADIDAS COPA 19+ REVIEW: ¿las mejores botas de fútbol de cuero de la historia?","https://www.youtube.com/watch?v=88n7C4bvdhQ","localizado; visionado pendiente"
"unisport","PROBADO AL LÍMITE EN UN LABORATORIO DE FÚTBOL","https://www.youtube.com/watch?v=gi8rAd8n7aI","localizado; visionado pendiente"
"unisport","MESSI & CR7 SKILLS YOU NEED TO LEARN | top 5 football skills","https://www.youtube.com/watch?v=vnZP2TIv2QU","localizado; visionado pendiente"
"unisport","5 tips for playing in the cold | WINTER FOOTBALL GEAR","https://www.youtube.com/watch?v=Oxh7k_xBoRM","localizado; visionado pendiente"
"unisport","5 VARIACIONES DE ELÁSTICO QUE NECESITAS APRENDER | Cómo hacer estas técnicas de fútbol","https://www.youtube.com/watch?v=EcprD79ABHg","localizado; visionado pendiente"
"unisport","APRENDE 3 HABILIDADES DE FÚTBOL PARA PRINCIPIANTES","https://www.youtube.com/watch?v=UfwHwTz67Dg","localizado; visionado pendiente"
"unisport","5 MANERAS DE MEJORAR TUS TIROS LIBRES | Consejos épicos para tiros libres","https://www.youtube.com/watch?v=a-WTr8rcK6M","localizado; visionado pendiente"
"unisport","LA MEJOR CAPA BASE PARA FÚTBOL 2018 | Las 5 mejores capas base para fútbol","https://www.youtube.com/watch?v=cl2PpSW6uG0","localizado; visionado pendiente"
"unisport","APRENDE LAS HABILIDADES DE FÚTBOL DE SICK HAZARD, PT. 2 | Cómo jugar como Hazard","https://www.youtube.com/watch?v=5_u5Hw_n6JQ","localizado; visionado pendiente"
"unisport","6 HABILIDADES DEL FÚTBOL CLÁSICO QUE NECESITAS APRENDER","https://www.youtube.com/watch?v=Xui5tTCx66A","localizado; visionado pendiente"
"unisport","5 maneras de lucir MEJOR AL INSTANTE en la cancha","https://www.youtube.com/watch?v=EbeFhN9nVVQ","localizado; visionado pendiente"
"unisport","5 GENIALES HABILIDADES DE VINICIUS JUNIOR QUE NECESITAS APRENDER","https://www.youtube.com/watch?v=LZUVyEYUWEw","localizado; visionado pendiente"
"unisport","TRABAJO DURO VS TALENTO | ¿Qué es lo más importante en el fútbol?","https://www.youtube.com/watch?v=1Okcuy_mR1M","localizado; visionado pendiente"
"unisport","APRENDE HABILIDADES AVANZADAS DE FÚTBOL 1 CONTRA 1 | juega como un profesional","https://www.youtube.com/watch?v=2hhnU8JP7CI","localizado; visionado pendiente"
"unisport","APRENDE LAS HABILIDADES FUTBOLÍSTICAS DE MBAPPÉ","https://www.youtube.com/watch?v=vV4Kn38etdM","localizado; visionado pendiente"
"unisport","CÓMO MARCAR SIEMPRE GOLES | Mejora tus habilidades futbolísticas como delantero","https://www.youtube.com/watch?v=XegFdK9UQN4","localizado; visionado pendiente"
"unisport","APRENDE LAS IMPRESIONANTES HABILIDADES DE POGBA | Habilidades futbolísticas muy llamativas","https://www.youtube.com/watch?v=ISi0DavftDM","localizado; visionado pendiente"
"unisport","5 VARIACIONES DE PASO QUE NECESITAS APRENDER | Domina estas habilidades futbolísticas","https://www.youtube.com/watch?v=hoIyqNJ-gVg","localizado; visionado pendiente"
"unisport","¿VOLT ⚡️ o AZUL 🅿️? Nuevas botas de fútbol Nike Always Forward","https://www.youtube.com/watch?v=qulXEEA883I","localizado; visionado pendiente"
"unisport","NUEVAS BOTAS DE FÚTBOL NIKE INCREÍBLES | Prueba de juego Nike Always Forward","https://www.youtube.com/watch?v=ee1bckgt2X0","localizado; visionado pendiente"
"unisport","MEJORES ZAPATILLAS DE INTERIOR 2018 | Las 5 mejores zapatillas de fútbol sala y fútbol sala","https://www.youtube.com/watch?v=laDUJIFmxWs","localizado; visionado pendiente"
"unisport","JUEGA COMO AGUERO | Aprende 5 increíbles habilidades futbolísticas de Agüero","https://www.youtube.com/watch?v=85xD5iXR3BI","localizado; visionado pendiente"
"unisport","LAS 5 MEJORES MANERAS EN QUE EL FÚTBOL PUEDE CAMBIAR TU VIDA","https://www.youtube.com/watch?v=uzu0TgB6X6g","localizado; visionado pendiente"
"unisport","¿EL MEJOR VIDEO DE MOTIVACIÓN DE FÚTBOL DE ESTE AÑO? | Juanro Freestyle","https://www.youtube.com/watch?v=UGMUsHTtlHM","localizado; visionado pendiente"
"unisport","THE RONALDINHO BOOTS ARE BACK | Nike 10R Tiempo Legend 7 remake football boots","https://www.youtube.com/watch?v=B91OuEHvmQU","localizado; visionado pendiente"
"unisport","¡Impresionantes nuevos colores PUMA! Prueba de juego del PUMA Stun Pack","https://www.youtube.com/watch?v=a0mL3xTB2Mc","localizado; visionado pendiente"
"unisport","APRENDE 5 IMPRESIONANTES HABILIDADES FUTBOLÍSTICAS DE BALE","https://www.youtube.com/watch?v=mO1HxIrmLKE","localizado; visionado pendiente"
"unisport","Reseña de PLAYR Smart Coach | Registra tus datos como un profesional","https://www.youtube.com/watch?v=cBZrj6OpYoA","localizado; visionado pendiente"
"unisport","LAS MEJORES BOTAS DE FÚTBOL PARA NIÑOS | Las 5 mejores botas para niños de 2018","https://www.youtube.com/watch?v=VJtTrg1qnF4","localizado; visionado pendiente"
"unisport","HOW PROS CHOOSE THEIR FOOTBALL BOOTS","https://www.youtube.com/watch?v=zX9CNfSXbDE","localizado; visionado pendiente"
"unisport","APRENDE ESTAS 3 HABILIDADES DE FÚTBOL GENIALES: ¡MÁS FÁCILES DE LO QUE PARECEN!","https://www.youtube.com/watch?v=YYIXoVQoQNs","localizado; visionado pendiente"
"unisport","CÓMO ENTRENAR COMO UN PROFESIONAL | Mejora tus habilidades futbolísticas","https://www.youtube.com/watch?v=C0zht6MUF2o","localizado; visionado pendiente"
"unisport","LEARN THE GÖTZEBRERO FLICK - How to do this awesome football skill","https://www.youtube.com/watch?v=keHMBbcKj8E","localizado; visionado pendiente"
"unisport","5 EJERCICIO PARA HACER SIN BALÓN - Aprende estas habilidades de fútbol","https://www.youtube.com/watch?v=FU06zgPGp0c","localizado; visionado pendiente"
"unisport","Los mejores jugadores de fútbol freestylers del mundo muestran sus habilidades distintivas | Fútb...","https://www.youtube.com/watch?v=puPe9BBvIOU","localizado; visionado pendiente"
"unisport","LAS 5 MEJORES BOTAS DE FÚTBOL DE CORTE ALTO DE 2018","https://www.youtube.com/watch?v=4hYcW8jJKRU","localizado; visionado pendiente"
"unisport","¿CÓMO ELEGIR LAS BOTAS DE FÚTBOL ADECUADAS?","https://www.youtube.com/watch?v=PnhGBoFrSr0","localizado; visionado pendiente"
"unisport","5 EJERCICIOS PARA HACER CON AMIGOS | Entrenamiento de fútbol genial","https://www.youtube.com/watch?v=SUZmmOfhUSI","localizado; visionado pendiente"
"unisport","PSG x Jordan: La mejor colaboración futbolística de la historia","https://www.youtube.com/watch?v=8uNPt-oni2Q","localizado; visionado pendiente"
"unisport","EL ÚLTIMO CAPÍTULO DE CR7 | Las nuevas botas de fútbol de Ronaldo son increíbles","https://www.youtube.com/watch?v=Yf1fDPW3SFI","localizado; visionado pendiente"
"unisport","TODAS LAS BOTAS CR7 CHAPTER | Nuevas botas de fútbol Chapter 7 para Ronaldo","https://www.youtube.com/watch?v=HyGkVPk1elg","localizado; visionado pendiente"
"unisport","LEARN DEFENDING TIPS FROM A PRO | PSG defender Thilo Kehrer","https://www.youtube.com/watch?v=QGFCRfjtO5Y","localizado; visionado pendiente"
"unisport","¿¡DEPREDADORES ROSAS?! Botas de fútbol adidas Spectral Mode","https://www.youtube.com/watch?v=qy8x5VgEK4c","localizado; visionado pendiente"
"unisport","¿Puede la FIFA hacerte mejor EN LA VIDA REAL?","https://www.youtube.com/watch?v=tSXcsR2aroI","localizado; visionado pendiente"
"unisport","MEJORA TU TOQUE | Ejercicios que mejorarán tus habilidades futbolísticas","https://www.youtube.com/watch?v=AwrpnTq73Qs","localizado; visionado pendiente"
"unisport","CÓMO MEJORAR TU VELOCIDAD | Corre más rápido con estas 3 técnicas de entrenamiento de fútbol","https://www.youtube.com/watch?v=Qp-IoQk5dfA","localizado; visionado pendiente"
"unisport","CÓMO VENCER A LOS DEFENSORES GRANDES | Aprende estas habilidades de fútbol","https://www.youtube.com/watch?v=2JZ2Jm6xOno","localizado; visionado pendiente"
"unisport","PROBANDO LAS NUEVAS BOTAS PSG X JORDAN | Prueba de juego","https://www.youtube.com/watch?v=BA2VOrQvl0o","localizado; visionado pendiente"
"unisport","APRENDE 5 FLICKS UPS QUE NO HAS VISTO ANTES | Impresionante tutorial de técnicas de fútbol","https://www.youtube.com/watch?v=JDAfPH21GA0","localizado; visionado pendiente"
"unisport","LOS MITOS MÁS CONOCIDOS SOBRE LAS BOTAS DE FÚTBOL DESMENTIDOS con SR4U","https://www.youtube.com/watch?v=2Wa39Y7iwL0","localizado; visionado pendiente"
"unisport","PREVENIR LESIONES EN EL FÚTBOL | Los 3 mejores consejos","https://www.youtube.com/watch?v=EMcOz6zJ1A4","localizado; visionado pendiente"
"unisport","5 EJERCICIOS ESENCIALES DE DRIBLING EN FÚTBOL QUE NECESITAS APRENDER","https://www.youtube.com/watch?v=RSZdIE1ivpo","localizado; visionado pendiente"
"unisport","CÓMO FABRICAMOS NUESTRAS PROPIAS BOTAS DE FÚTBOL | Documental de Unisport","https://www.youtube.com/watch?v=NryuMd36L58","localizado; visionado pendiente"
"unisport","Aprende a defenderte de los delanteros rápidos","https://www.youtube.com/watch?v=Sfu0PgfyCtQ","localizado; visionado pendiente"
"unisport","RIYAD MAHREZ REACCIONA A SUS MEJORES MOVIMIENTOS DE HABILIDAD","https://www.youtube.com/watch?v=-9y8N8FwTmM","localizado; visionado pendiente"
"unisport","LAS MEJORES BOTAS DE FÚTBOL QUE NO HAS PROBADO | Prueba de juego Mizuno Gold","https://www.youtube.com/watch?v=HrVKwFA9Tmg","localizado; visionado pendiente"
"unisport","LAS 5 MEJORES BOTAS DE FÚTBOL DE 2018 con SR4U","https://www.youtube.com/watch?v=Sj3AxOMvdSM","localizado; visionado pendiente"
"unisport","SR4U REACCIONA A LAS NUEVAS Y LOCAS BOTAS PUMA CITY PACK","https://www.youtube.com/watch?v=cZ5fKylSbBo","localizado; visionado pendiente"
"unisport","SADIO MANE ENSEÑA SUS HABILIDADES FAVORITAS | juega como un profesional","https://www.youtube.com/watch?v=aUgW_9E-tDo","localizado; visionado pendiente"
"unisport","5 fintas corporales que debes aprender: cómo hacer estas habilidades de fútbol","https://www.youtube.com/watch?v=_TTojY8MihU","localizado; visionado pendiente"
"unisport","APRENDE EL TIRO TRIVELA - Mejora tus habilidades futbolísticas con SR4U","https://www.youtube.com/watch?v=6ti3k7wTFMA","localizado; visionado pendiente"
"unisport","HOW IT FEELS TO MAKE YOUR OWN FOOTBALL BOOT | Unisport X PUMA City Pack","https://www.youtube.com/watch?v=POjdcDXXKJM","localizado; visionado pendiente"
"unisport","¡NUESTRAS BOTAS DE FÚTBOL PERSONALIZADAS! | Prueba de juego Unisport x PUMA City Pack","https://www.youtube.com/watch?v=MSqzyCG9eL0","localizado; visionado pendiente"
"unisport","APRENDE LAS HABILIDADES FUTBOLÍSTICAS DE MODRIC | Cómo jugar como Luka Modric","https://www.youtube.com/watch?v=6CHyx7lTPDc","localizado; visionado pendiente"
"unisport","ADIDAS vs NIKE | ¿Cuál es mejor? Gran batalla de botas de fútbol con SR4U","https://www.youtube.com/watch?v=rEX9c9x7gXM","localizado; visionado pendiente"
"unisport","EL SECRETO PARA DEFENDER A LOS MEJORES DEL MUNDO - Aprende a defender con Maxwell","https://www.youtube.com/watch?v=PksKrk9d0EM","localizado; visionado pendiente"
"unisport","¿Es demasiado mayor a los 17 años para ser profesional? ¿Aún puedes serlo?","https://www.youtube.com/watch?v=vvZGzOitClA","localizado; visionado pendiente"
"unisport","FINALMENTE de vuelta en negro y rojo | adidas Predator Accelerator remake con SR4U","https://www.youtube.com/watch?v=jyd8BXqlf8Q","localizado; visionado pendiente"
"unisport","NUEVO TUTORIAL DE HABILIDADES | cómo aprender esta increíble habilidad","https://www.youtube.com/watch?v=CvHtg2v9Tb8","localizado; visionado pendiente"
"unisport","Botas Nike Rising Fire y desafío de barra transversal con SR4U","https://www.youtube.com/watch?v=hA3N94Bb_6Q","localizado; visionado pendiente"
"unisport","SIEMPRE ENFOQUE - Cómo ser un mejor defensor con Laporte","https://www.youtube.com/watch?v=nhZnx7vdBU8","localizado; visionado pendiente"
"unisport","CONVIÉRTETE EN UN MEJOR CENTROCAMPISTA: cómo mejorar como futbolista de baja estatura | Entrevist...","https://www.youtube.com/watch?v=lxGbyVpp5vo","localizado; visionado pendiente"
"unisport","¿LOS MEJORES TRUCOS CON BOTAS DE FÚTBOL DE 2018?","https://www.youtube.com/watch?v=A9Tb55m8ueg","localizado; visionado pendiente"
"unisport","SOLO 1000 PARES - Nike Phantom Vision Edición Limitada Blanca y Dorada","https://www.youtube.com/watch?v=wL-Nu0czW18","localizado; visionado pendiente"
"unisport","¿Espinilleras pequeñas o grandes? ¿Qué talla elegir?","https://www.youtube.com/watch?v=Ub-C1yRJD2M","localizado; visionado pendiente"
"unisport","LAS 5 HABILIDADES DE FÚTBOL MÁS BÁSICAS QUE DEBES APRENDER","https://www.youtube.com/watch?v=pH_G1f6KzfI","localizado; visionado pendiente"
"unisport","APRENDE UNA HABILIDAD FÁCIL Y GENIAL PARA PRINCIPIANTES | Cómo hacer esta genial habilidad futbol...","https://www.youtube.com/watch?v=IxcJWBhWnfc","localizado; visionado pendiente"
"unisport","CÓMO HACER QUE TUS BOTAS DE FÚTBOL DUREN MÁS","https://www.youtube.com/watch?v=FKkdTpzdz9M","localizado; visionado pendiente"
"unisport","Prueba de campo del PUMA Eclipse Pack | Botas blackout increíbles","https://www.youtube.com/watch?v=LLlhsrAXL8U","localizado; visionado pendiente"
"unisport","CÓMO SE PREPARA EL PSG PARA LA NUEVA TEMPORADA | Marco Verratti y Maxwell","https://www.youtube.com/watch?v=-M5sEM9txUM","localizado; visionado pendiente"
"unisport","SE ANUNCIARON LOS GANADORES DEL SORTEO DE 1 MILLÓN DE SUSCRIPTORES","https://www.youtube.com/watch?v=LwIE0iapofg","localizado; visionado pendiente"
"unisport","Los 5 mejores balones de fútbol de 2018: los mejores balones de partido","https://www.youtube.com/watch?v=BivXeZh4E4w","localizado; visionado pendiente"
"unisport","""NO PIERDAS EL BALÓN"": cómo ser un mejor centrocampista con Ilkay Gündogan","https://www.youtube.com/watch?v=_aFXMzKB7ic","localizado; visionado pendiente"
"unisport","LAS 5 MEJORES BOTAS DE FÚTBOL DE CUERPO BAJO DE 2018","https://www.youtube.com/watch?v=xBFcY8l7K3c","localizado; visionado pendiente"
"unisport","ALL NIKE PHANTOM VISION FOOTBALL BOOTS - ELITE, PRO & ACADEMY","https://www.youtube.com/watch?v=bi0GEFIBGVM","localizado; visionado pendiente"
"unisport","LEARN KEVIN DE BRUYNE SKILLS | how to play like kevin de bruyne","https://www.youtube.com/watch?v=DG1U81XMpJA","localizado; visionado pendiente"
"unisport","NIKE RAISED ON CONCRETE PLAY TEST | Sick new Nike football boots","https://www.youtube.com/watch?v=4y5H_umnIKQ","localizado; visionado pendiente"
"unisport","APRENDE LOS MEJORES TRUCOS ROMPE-TOBILLOS, DE FÚTBOL, con 7MLC","https://www.youtube.com/watch?v=Li0UCEJF8Wg","localizado; visionado pendiente"
"unisport","PRUEBA DE JUEGO ADIDAS TEAM MODE: COLORES NUEVOS INCREÍBLES","https://www.youtube.com/watch?v=8GM43IhQY5k","localizado; visionado pendiente"
"unisport","VISIÓN FANTASMA vs MAGISTA OBRA 2","https://www.youtube.com/watch?v=XDNvbdtrb5Q","localizado; visionado pendiente"
"unisport","NUEVAS BOTAS DE FÚTBOL PUMA - Prueba de juego Puma Uprising con 7MLC","https://www.youtube.com/watch?v=qwf02YbInrQ","localizado; visionado pendiente"
"unisport","APRENDE 3 LEVANTADITAS ASOMBROSAS | impresiona a tus compañeros de equipo con trucos","https://www.youtube.com/watch?v=o0s33aTyHyU","localizado; visionado pendiente"
"unisport","Prueba de juego de cuero Mizuno Morelia Japón: ¿botas de fútbol de cuero Kobe?","https://www.youtube.com/watch?v=rUePn9xTou8","localizado; visionado pendiente"
"unisport","Prueba de juego de las Nike Phantom Vision Elite | Primeras impresiones de las nuevas botas De Br...","https://www.youtube.com/watch?v=4t708UwFWKs","localizado; visionado pendiente"
"unisport","Botas de fútbol adidas Shadow Mode Blackout: lo mejor que puedes conseguir","https://www.youtube.com/watch?v=X2PIR3OsNUM","localizado; visionado pendiente"
"unisport","¿Las mejores botas de fútbol Nike de la historia? | Charla técnica sobre Nike Phantom Vision","https://www.youtube.com/watch?v=GssQDZbuVQ4","localizado; visionado pendiente"
"unisport","Análisis de las Nike Phantom Vision Elite | Nuevas botas de fútbol Nike","https://www.youtube.com/watch?v=y7fitPUCnqA","localizado; visionado pendiente"
"unisport","Cómo impresionar a un visor de porteros | Consejos para convertirse en un jugador profesional","https://www.youtube.com/watch?v=r50QzUWY6_E","localizado; visionado pendiente"
"unisport","CÓMO ELEGIR TU PUESTO | ¿Qué rol es mejor para ti?","https://www.youtube.com/watch?v=jjPhsjmPR4Y","localizado; visionado pendiente"
"unisport","Aprende Cinco levantaditas chidas y fáciles | Te enseñamos trucos impresionantes de fútbol","https://www.youtube.com/watch?v=PeZCcoXWpg0","localizado; visionado pendiente"
"unisport","TOP 5 BOTAS DE VELOCIDAD 2018 | Las mejores botas de fútbol para velocidad y ligereza","https://www.youtube.com/watch?v=TJY-t6sU-PI","localizado; visionado pendiente"
"unisport","Aprende 3 trucos de fútbol asombrosos de principiante \ levantaditas callejeras chidas","https://www.youtube.com/watch?v=-0KOgV2Ra6o","localizado; visionado pendiente"
"unisport","LOS 5 MOMENTOS MÁS IMPACTANTES DEL MUNDIAL 2018","https://www.youtube.com/watch?v=bUxQw3pHMbM","localizado; visionado pendiente"
"unisport","Why VAR will either SAVE or KILL football","https://www.youtube.com/watch?v=OOxpkdWTdc8","localizado; visionado pendiente"
"unisport","Kylian Mbappé: Todo el mundo ama a los jugadores creativos | Entrevista a Mbappé","https://www.youtube.com/watch?v=0VZW8UeuLmU","localizado; visionado pendiente"
"unisport","¿El mejor remake de Adidas hasta la fecha? | Predator Accelerator Electricity 2018","https://www.youtube.com/watch?v=Ylw_WhmIo1U","localizado; visionado pendiente"
"unisport","Prueba de juego de adidas Predator Accelerator | ¡Remake 1:1 del original!","https://www.youtube.com/watch?v=EQXPWEYAFFo","localizado; visionado pendiente"
"unisport","NUEVAS BOTAS VAPOR 12 PARA NEYMAR | Prueba de juego","https://www.youtube.com/watch?v=65HUvZsYAtw","localizado; visionado pendiente"
"unisport","APRENDE LOS MEJORES TRUCOS FRANCESES DE FÚTBOL | cómo jugar igual que Mbappé","https://www.youtube.com/watch?v=06s8HHzNd5I","localizado; visionado pendiente"
"unisport","Los 5 mejores balones de la Copa del Mundo | Prueba de los balones Adidas, de la Copa del Mundo.","https://www.youtube.com/watch?v=ZV3gQuI_55E","localizado; visionado pendiente"
"unisport","Los 5 mayores fracasos en la historia de la Copa del Mundo","https://www.youtube.com/watch?v=Pt2NtcdCXpY","localizado; visionado pendiente"
"unisport","IMPRESIONANTE COPA DEL MUNDO PREDATOR 18+ y nuevo balón Telstar Mechta","https://www.youtube.com/watch?v=T4uvxdwbjLQ","localizado; visionado pendiente"
"unisport","APRENDE LOS MEJORES TRUCOS DE FÚTBOL DE BRASIL | Cómo jugar igual que Neymar","https://www.youtube.com/watch?v=Iwx_ceD5lZA","localizado; visionado pendiente"
"unisport","Entrevista SAVAGE con Eden Hazard y desafío ""Intenta no reír""","https://www.youtube.com/watch?v=4mW0fCJR8Uw","localizado; visionado pendiente"
"unisport","CÓMO IMPRESIONAR A TUS AMIGOS | Aprende trucos asombrosos de fútbol","https://www.youtube.com/watch?v=YmSePQ61M6o","localizado; visionado pendiente"
"unisport","LAS 5 MEJORES BOTAS DE FÚTBOL PARA UN AJUSTE SEGURO","https://www.youtube.com/watch?v=TABjBkOoYRM","localizado; visionado pendiente"
"unisport","TOP 5 BIGGEST WORLD CUP FOOTBALL INNOVATIONS","https://www.youtube.com/watch?v=8SrOO-Ep7BM","localizado; visionado pendiente"
"unisport","SORTEO Y CELEBRACIÓN DE 1 MILLÓN DE SUSCRIPTORES","https://www.youtube.com/watch?v=6NGc-p9KWAo","localizado; visionado pendiente"
"unisport","MI LEGADO SERÁ GRANDE | Entrevista a Cristiano Ronaldo y preguntas rápidas épicas","https://www.youtube.com/watch?v=EjMeFu9ylUk","localizado; visionado pendiente"
"unisport","APRENDE CINCO TRUCOS DE FÚTBOL DE MESSI parte 2 | Cómo jugar igual que Lionel Messi","https://www.youtube.com/watch?v=9t-EK0IHyUU","localizado; visionado pendiente"
"unisport","¿CÓMO MEJORAR TUS HABILIDADES DE DRIBLING?","https://www.youtube.com/watch?v=6kUEXGSAgvU","localizado; visionado pendiente"
"unisport","Top 5 World Cup Commercials by the football brands","https://www.youtube.com/watch?v=bh_aMQe1yOI","localizado; visionado pendiente"
"unisport","Aprende los mejores de trucos de fútbol de la Copa de Mundo.","https://www.youtube.com/watch?v=BY8QTh8vHXU","localizado; visionado pendiente"
"unisport","LAS 5 MEJORES BOTAS DE FÚTBOL DEL MUNDIAL JAMÁS FABRICADAS","https://www.youtube.com/watch?v=q_YF0LM3k_k","localizado; visionado pendiente"
"unisport","Entrevista a Ronaldo y Hazard sobre sus ambiciones en el Mundial | ¿PODRÁN GANAR?","https://www.youtube.com/watch?v=oKd5UpsyvUM","localizado; visionado pendiente"
"unisport","ADIDAS NEMEZIZ 18+ REVIEW - featuring adidas Nemeziz 18.1","https://www.youtube.com/watch?v=xfyZfDSKrmA","localizado; visionado pendiente"
"unisport","APRENDE CINCO TRUCOS CHIDOS DE COUTIHNO | Cómo jugar igual que Philippe Coutinho","https://www.youtube.com/watch?v=HcLD3cGv6vE","localizado; visionado pendiente"
"unisport","Los mejores y más modernos zapatos de fútbol? | Juego de prueba de los Rebula 2 MIJ de Mizuno","https://www.youtube.com/watch?v=i-rxzMsd8lw","localizado; visionado pendiente"
"unisport","HOW A WORLD CUP 2018 FOOTBALL SHIRT IS MADE","https://www.youtube.com/watch?v=_zyLZQd_QFM","localizado; visionado pendiente"
"unisport","LAS 10 MEJORES CAMISETAS DEL MUNDIAL 2018 | ¿Qué país tiene la mejor camiseta?","https://www.youtube.com/watch?v=IgP-ZUnlkGM","localizado; visionado pendiente"
"unisport","Cristiano Ronaldo: mi estilo de juego ha cambiado | CR7 en su físico y dribbling","https://www.youtube.com/watch?v=enKVTHL2J30","localizado; visionado pendiente"
"unisport","Aprende el movimiento de freestyle ""Rebote con la Rodilla"" - Tutorial del martinete","https://www.youtube.com/watch?v=_3D6XcZHzZA","localizado; visionado pendiente"
"unisport","CÓMO MEJORAR COMO ATACANTE | El video de Roberto Firmino","https://www.youtube.com/watch?v=5CcjExTRR4M","localizado; visionado pendiente"
"unisport","NUEVOS PUMA FUTURE 2.1 y PUMA ONE 1: ¿mejores que antes? | Charla técnica","https://www.youtube.com/watch?v=zsXfHh-xZOU","localizado; visionado pendiente"
"unisport","APRENDE CINCO TRUCOS CHIDOS DE FUTBOL DE ISCO","https://www.youtube.com/watch?v=qCtycLYicL8","localizado; visionado pendiente"
"unisport","NUEVAS BOTAS DE FÚTBOL PUMA PARA LA COPA MUNDIAL | FUTURE 2.1 Y ONE 1 | Prueba de juego","https://www.youtube.com/watch?v=yDkFhcQV5yQ","localizado; visionado pendiente"
"unisport","BARATO vs CARO | Todas las botas de fútbol adidas X18: 18+, 18.1, 18.2 y 18.3","https://www.youtube.com/watch?v=nV6LQlgYxUE","localizado; visionado pendiente"
"unisport","adidas Nemeziz 18+ Tech Talk | botas de fútbol hechas de CINTA","https://www.youtube.com/watch?v=iZK3TawZvrw","localizado; visionado pendiente"
"unisport","Prueba del modo Energía de adidas: nuevas botas de fútbol Nemeziz 18+ y X18+ para la Copa del Mundo","https://www.youtube.com/watch?v=k38S7qIJRq0","localizado; visionado pendiente"
"unisport","APRENDE LOS MEJORES TRUCOS DE LA LIGA DE CAMPEONES","https://www.youtube.com/watch?v=Jo0XmLx2PNc","localizado; visionado pendiente"
"unisport","¿Es mejor sin cordones? | adidas X18+ Tech Talk","https://www.youtube.com/watch?v=o_gtTTEcSIc","localizado; visionado pendiente"
"unisport","ADIDAS X18+ REVIEW - ¡X ahora no tiene cordones!","https://www.youtube.com/watch?v=G91Z8cPJ9j0","localizado; visionado pendiente"
"unisport","CÓMO HACER UNA SENCILLA Y GENIAL LEVANTADITA | Aprende trucos de fútbol de Ronaldinho","https://www.youtube.com/watch?v=bOS2HaTx9xI","localizado; visionado pendiente"
"unisport","Aprende ESA levantadita de Ronaldinho | Trucos de futbol de R10","https://www.youtube.com/watch?v=sCJUnnZUq9g","localizado; visionado pendiente"
"unisport","KNUCKLEBALL vs CURVA vs POTENCIA | ¿cuál tiro libre es mejor?","https://www.youtube.com/watch?v=sKDN7P7U4Ls","localizado; visionado pendiente"
"unisport","APRENDE LOS TÚNELES MÁS EFECTIVOS -  los trucos más humillantes de futbol.","https://www.youtube.com/watch?v=tHtz8c1DUdo","localizado; visionado pendiente"
"unisport","Estrella de la NBA con increíbles habilidades futbolísticas | Visita a la casa de Steve Nash y co...","https://www.youtube.com/watch?v=-AkTYqxkszQ","localizado; visionado pendiente"
"unisport","¿POR QUÉ NEW BALANCE NO FABRICARÁ BOTAS DE PUNTO? | Charla técnica sobre Tekela 1.0 y Furon 4.0","https://www.youtube.com/watch?v=smzvDnBsY7M","localizado; visionado pendiente"
"unisport","APRENDE HABILIDADES GENIALES Y FÁCILES | 5 asombrosas habilidades de futbol","https://www.youtube.com/watch?v=1iUolYa2ueA","localizado; visionado pendiente"
"unisport","LOS 5 MEJORES CALCETINES DE FÚTBOL | Primavera 2018","https://www.youtube.com/watch?v=sCibVdXnh6Y","localizado; visionado pendiente"
"unisport","¿LAS MEJORES BOTAS DE FÚTBOL NIKE PARA EL MUNDIAL DE LA HISTORIA? | Nike Just Do It Pack","https://www.youtube.com/watch?v=VYgtg-ocy44","localizado; visionado pendiente"
"unisport","APRENDE LOS TRUCOS DE FUTBOL DE MOHAMED SALAH - cómo jugar igual que Salah","https://www.youtube.com/watch?v=Y7iO07grvC8","localizado; visionado pendiente"
"unisport","APRENDE A CORRER MÁS RÁPIDO EN EL FUTBOL | cómo mejorar tu velocidad","https://www.youtube.com/watch?v=UHq765y9d0Y","localizado; visionado pendiente"
"unisport","ZAPATOS DE FUTBOL  DE LA COPA DEL MUNDO ""SOLO HAZLO"" DE NIKE - Nuevo y loco paquete blanco","https://www.youtube.com/watch?v=mpQxiIa3Lfc","localizado; visionado pendiente"
"unisport","5 SECRETOS que los futbolistas profesionales hacen mejor tú.","https://www.youtube.com/watch?v=4dBqstz_Gkk","localizado; visionado pendiente"
"unisport","Cómo prevenir las uñas azules: aprende a evitar las uñas negras","https://www.youtube.com/watch?v=elGrp2ttN_8","localizado; visionado pendiente"
"unisport","Paul Pogba responde a sus nuevos zapatos: ""Un chido par de locos""","https://www.youtube.com/watch?v=r2-JjY_FW60","localizado; visionado pendiente"
"unisport","APRENDE CÓMO CONVERTIRTE EN UN MEJOR DEFENSA con Djibril Sidibe","https://www.youtube.com/watch?v=ERCvibiI7t4","localizado; visionado pendiente"
"unisport","LAS 5 MEJORES BOTAS DE FÚTBOL NIKE | Primavera 2018","https://www.youtube.com/watch?v=T_rl88YEo1s","localizado; visionado pendiente"
"unisport","APRENDE LA LEVANTADITA DE GÖETZE | Cómo hacer este genial truco de futbol","https://www.youtube.com/watch?v=L-foDIG8rSM","localizado; visionado pendiente"
"unisport","¿LA MEJOR COLECCIÓN DE POGBA HASTA LA FECHA? Increíbles botas y zapatillas adidas Predator 18+ Po...","https://www.youtube.com/watch?v=a2mVQ1Ul9BM","localizado; visionado pendiente"
"unisport","Juego de prueba de Paul Pogba con los Predator 18+ de Adidas | Nuevos zapatyos de futbol para Pogba","https://www.youtube.com/watch?v=ZRgp_Fss35w","localizado; visionado pendiente"
"unisport","Aprende trucos geniales de un pase en el futbol.","https://www.youtube.com/watch?v=uGlW36nv_fE","localizado; visionado pendiente"
"unisport","LOS CINCO MEJORES ZAPATOS DE TEJIDO PARA FUTBOL | Edición primavera 2018","https://www.youtube.com/watch?v=a76Xom-2J24","localizado; visionado pendiente"
"unisport","PAQUETE HERENCIA DE LOS MERCURIAL NIKE - los mejores diseños de los Mercurial en Superfly y Vapor","https://www.youtube.com/watch?v=JSnUShe36Pc","localizado; visionado pendiente"
"unisport","Nike ACC vs Adidas NSG: ¿Qué tecnología de botas de fútbol funciona mejor?","https://www.youtube.com/watch?v=Dp5kyko-HI0","localizado; visionado pendiente"
"unisport","¿CÓMO TENER MÁS CONFIANZA EN LOS PARTIDOS DE FÚTBOL? PREGUNTAS Y RESPUESTAS #19","https://www.youtube.com/watch?v=sGSzmJBjIKE","localizado; visionado pendiente"
"unisport","APRENDE LOS TRUCOS DE FUTBOL DE GRIEZMANN | Cómo hacer fintas como Antoine Griezmann","https://www.youtube.com/watch?v=u-fcA3A-BvM","localizado; visionado pendiente"
"unisport","MEJORA TU VELOCIDAD","https://www.youtube.com/watch?v=xt-j23CcOHU","localizado; visionado pendiente"
"unisport","CÓMO ABANDONAR LAS BOTAS DE FÚTBOL COMO UN PROFESIONAL","https://www.youtube.com/watch?v=aND32Haoa24","localizado; visionado pendiente"
"unisport","LOS MEJORES 5 GUANTES DE PORTERO DEL 2018","https://www.youtube.com/watch?v=af0xmOFItIY","localizado; visionado pendiente"
"unisport","APRENDA 5 HABILIDADES FRÍAS DEL FÚTBOL 1 v 1","https://www.youtube.com/watch?v=qJlmaM5TAwU","localizado; visionado pendiente"
"unisport","CONSEJOS PARA JUGAR AL FÚTBOL BAJO LA LLUVIA","https://www.youtube.com/watch?v=X0yMAmyIC8U","localizado; visionado pendiente"
"unisport","APRENDE EL TRUCO DE FUTBOL ""EL COHETE"" DE NEYMAR","https://www.youtube.com/watch?v=3AcHVNL8LIo","localizado; visionado pendiente"
"unisport","COMO PROTEGERSE MEJOR UNO MISMO | Las 5 mejores chapuzas de protección","https://www.youtube.com/watch?v=W2yY4PxDvsg","localizado; visionado pendiente"
"unisport","¿EL MEJOR DERBI DEL MUNDO? | Chivas vs. América","https://www.youtube.com/watch?v=jeCNpt4tyhs","localizado; visionado pendiente"
"unisport","Botas de fútbol Nike Hypervenom Phantom 3 Game of Gold NEGRAS y DORADAS","https://www.youtube.com/watch?v=Ylc3B6bHWDQ","localizado; visionado pendiente"
"unisport","Revisión de los Netfit Lite de PUMA -  mejores que los zapatos de freestyle Archive Lite?","https://www.youtube.com/watch?v=zTBUNrkYf5o","localizado; visionado pendiente"
"unisport","Aprende dos trucos de futbol rápidamente con Kieran Brown.","https://www.youtube.com/watch?v=-wPWJlxfl_0","localizado; visionado pendiente"
"unisport","Las tres jugadas MÁS humillantes.","https://www.youtube.com/watch?v=OqAMpO9s_AI","localizado; visionado pendiente"
"unisport","TOP 5 Tecnologías de botas de fútbol que de verdad funcionan - Sin Trucos!","https://www.youtube.com/watch?v=_VN-g-B28bs","localizado; visionado pendiente"
"unisport","PUMA Frenzy Pack: ¿Locura o belleza? Nuevos colores FUTURE & ONE","https://www.youtube.com/watch?v=Gku887EV-pQ","localizado; visionado pendiente"
"unisport","COMO MEJORAR LA HABILIDAD DE FUTBOL EN CASA? P&R 18","https://www.youtube.com/watch?v=AC9pxfWSSNE","localizado; visionado pendiente"
"unisport","MOHAMED SALAH BOOT HISTORY | 2006 - 2018","https://www.youtube.com/watch?v=XNE-8NBK_0g","localizado; visionado pendiente"
"unisport","Las mejores chapuzas de futbol de todas? | Episodio Unisport Sin Cortes 58","https://www.youtube.com/watch?v=eDFZgZt8zjw","localizado; visionado pendiente"
"unisport","Juego de Prueba de los ""Ataque Mortal"", de Adidas -  Nuevos zapatos de futbol para Pogba y Compañía","https://www.youtube.com/watch?v=5XhF9VEsmZw","localizado; visionado pendiente"
"unisport","Virgil Abloh Mercurial Vapor 12 de Nike | Zapatos de futbol Off White","https://www.youtube.com/watch?v=9-ZUhlOnwDw","localizado; visionado pendiente"
"unisport","LOS MEJORES 5 trucos de futbol de Neymar pt. 2 | Aprender a driblar como Neymar","https://www.youtube.com/watch?v=sSAD_XNNHmY","localizado; visionado pendiente"
"unisport","APRENDE EL TORNADO: la famosa habilidad futbolística de CR7 de FIFA 18","https://www.youtube.com/watch?v=HyyHi3C_0fo","localizado; visionado pendiente"
"unisport","CÓMO HACER QUE TU EQUIPO SEA MÁS PROFESIONAL","https://www.youtube.com/watch?v=hH36KihhIO4","localizado; visionado pendiente"
"unisport","¿Importa el peso en las botas de fútbol?","https://www.youtube.com/watch?v=rECeTG7GblM","localizado; visionado pendiente"
"unisport","JUEGO DE PRUEBA DE LOS CR7 CAPÍTULO 6 - todavía el mejor Mercurial Superfly para Ronaldo?","https://www.youtube.com/watch?v=O8mc8YM9X4M","localizado; visionado pendiente"
"unisport","Nike Mercurial Superfly 6 CR7 Capítulo 6: Nacido Líder.","https://www.youtube.com/watch?v=uX6ePxu39rk","localizado; visionado pendiente"
"unisport","TRUCOS DE FUTBOL Y FINTAS de un Jugador Profesional","https://www.youtube.com/watch?v=88o6SjCnGfk","localizado; visionado pendiente"
"unisport","Aprende a hacer el balón fijo | El truco de futbol más básico de todos.","https://www.youtube.com/watch?v=gMl-hdoOMNE","localizado; visionado pendiente"
"unisport","LOS 5 ZAPATOS DE FUTBOL CON MEJOR RELACIÓN COSTO-CALIDAD DEL 2018","https://www.youtube.com/watch?v=UIJjLu7miHg","localizado; visionado pendiente"
"unisport","Los mejores 5 trucos de futbol de Paulo Dybala | Aprende a jugar como Dybala","https://www.youtube.com/watch?v=m9D0dlXqYpg","localizado; visionado pendiente"
"unisport","LOS 5 MEJORES ZAPATOS PARA HACER FINTAS.","https://www.youtube.com/watch?v=w8shB3K-T5k","localizado; visionado pendiente"
"unisport","Aprende más trucos de futbol de CR7 | Cómo hacer fintas igual que CR7 PT 2","https://www.youtube.com/watch?v=faYZCdHF2Bo","localizado; visionado pendiente"
"unisport","¿LA MEJOR COMBINACIÓN DE COLORES DE 2018? PUMA FUTURE Netfit 18.1 Texture Safari","https://www.youtube.com/watch?v=xizPVwFPamQ","localizado; visionado pendiente"
"unisport","NIKE QUÉ SON LAS MERCURIAL | Blackout Superfly 6 del 20.º aniversario","https://www.youtube.com/watch?v=5s7lKgP-Q6Q","localizado; visionado pendiente"
"unisport","Reto de futbol ÉPICO y perdido vs jugadores profesionales - podemos ganarles?","https://www.youtube.com/watch?v=6wG9bs7ZYS8","localizado; visionado pendiente"
"unisport","LOS 5 ERRORES A EVITAR EN LA COMPRA DE ZAPATOS DE FUTBOL.","https://www.youtube.com/watch?v=9_IQahys6To","localizado; visionado pendiente"
"unisport","Qué buscan los visores en los futbolistas?","https://www.youtube.com/watch?v=_MKos5tAoPk","localizado; visionado pendiente"
"unisport","APRENDE COMO HACERLE TÚNEL A CUALQUIERA | 2 trucos de túnel, con Lisa Freestyle","https://www.youtube.com/watch?v=12ANAvXLT-c","localizado; visionado pendiente"
"unisport","adidas Nite Crawler Pack | ¿El pack más genial para anochecer?","https://www.youtube.com/watch?v=B6VZhWsMOFM","localizado; visionado pendiente"
"unisport","Baratos vs Costosos | Cuáles Mercurial debo comprar? Elite, Pro, o Academy.","https://www.youtube.com/watch?v=dsu2zv5mHS0","localizado; visionado pendiente"
"unisport","¿Las botas de fútbol Power te harán disparar con más fuerza? | Sin cortar 55 1/2","https://www.youtube.com/watch?v=h57sjtq55RE","localizado; visionado pendiente"
"unisport","Vapor 12 vs Vapor 11 | Batalla entre zapatos de futbol Mercurial de Nike","https://www.youtube.com/watch?v=Arl0C9SM2qs","localizado; visionado pendiente"
"unisport","APRENDE LOS TRUCOS DE FUTBOL DE SÁNCHEZ | Cómo amagar como Alexis Sánchez","https://www.youtube.com/watch?v=WYWzRiAx03g","localizado; visionado pendiente"
"unisport","¿El fútbol callejero te hará mejor futbolista? P&R 17","https://www.youtube.com/watch?v=_KhJF0_yWwM","localizado; visionado pendiente"
"unisport","REVISIÓN DE MERCURIAL SUPERFLY 6 DE NIKE","https://www.youtube.com/watch?v=R7ywHwzzM5g","localizado; visionado pendiente"
"unisport","Lionel Messi: El Balón de Oro NO es mi meta.","https://www.youtube.com/watch?v=6z7jlIYmKr0","localizado; visionado pendiente"
"unisport","ESTE TRUCO, CUALQUIERA PUEDE APRENDERLO EN CUATRO PASOS","https://www.youtube.com/watch?v=C099me4MIvc","localizado; visionado pendiente"
"unisport","NUEVAS NIKE MERCURIAL SUPERFLY 6 Y VAPOR 12 NEGRAS","https://www.youtube.com/watch?v=jE2uS_eu46I","localizado; visionado pendiente"
"unisport","Aprende trucos de futbol geniales de Eden Hazard | Cómo amagar igual que Hazard.","https://www.youtube.com/watch?v=zh2awX0HN6E","localizado; visionado pendiente"
"unisport","Primera impresión de los Nike Mercurial Vapor 12, presentados por NEYMAR JR","https://www.youtube.com/watch?v=dnSqpKk_9g0","localizado; visionado pendiente"
"unisport","¿MERECE LA PENA PAGAR 30 € ADICIONALES POR EL CUELLO DE LAS SUPERFLY 6? | Sin cortar 55","https://www.youtube.com/watch?v=rwq6oyBxWOI","localizado; visionado pendiente"
"unisport","LAS 5 MEJORES HABILIDADES DIVERTIDAS DEL FÚTBOL QUE TE HARÁN DESTACAR","https://www.youtube.com/watch?v=levZiWJl7R0","localizado; visionado pendiente"
"unisport","SUPERFLY 6 vs VAPOR 12 | Nike Mercurial Boot Battle","https://www.youtube.com/watch?v=7_9WPS5JpVM","localizado; visionado pendiente"
"unisport","APRENDE LAS GENIALES HABILIDADES FUTBOLÍSTICAS DE MBAPPÉ","https://www.youtube.com/watch?v=V8sR4syamLQ","localizado; visionado pendiente"
"unisport","NIKE MERCURIAL: la historia de todas las botas de fútbol Nike Mercurial Vapor y Superfly","https://www.youtube.com/watch?v=pPwyFR4L3do","localizado; visionado pendiente"
"unisport","Nike Mercurial Superfly 6 & Vapor 12 Tech Talk","https://www.youtube.com/watch?v=KtoCvPYUoaw","localizado; visionado pendiente"
"unisport","Análisis de las Nike Mercurial Vapor 12 Elite | unas Superfly 6 de corte bajo","https://www.youtube.com/watch?v=WcyWYA7jC8s","localizado; visionado pendiente"
"unisport","APRENDE 3 FLICK UPS RÁPIDO - 3 habilidades sencillas de fútbol","https://www.youtube.com/watch?v=MnaYsj8LCds","localizado; visionado pendiente"
"unisport","LOS 5 TRUCOS MÁS ESENCIALES DEL FUTBOL CALLEJERO","https://www.youtube.com/watch?v=qnV51mGp7PE","localizado; visionado pendiente"
"unisport","CÓMO PREPARARSE PARA UN PARTIDO DE FÚTBOL COMO UN PROFESIONAL","https://www.youtube.com/watch?v=WHkoIriya5M","localizado; visionado pendiente"
"unisport","3 habilidades futbolísticas para humillar a tus oponentes","https://www.youtube.com/watch?v=SQiv0_Lpwog","localizado; visionado pendiente"
"unisport","LAS 5 MEJORES BOTAS PARA TIRO","https://www.youtube.com/watch?v=mqPln47YoPI","localizado; visionado pendiente"
"unisport","NIKE FAST AF | ¡Nuevos nombres para las botas de fútbol Nike!","https://www.youtube.com/watch?v=AGIYKswe1e4","localizado; visionado pendiente"
"unisport","APRENDE LAS HABILIDADES DE RONALDINHO","https://www.youtube.com/watch?v=l5j6OBpWzHo","localizado; visionado pendiente"
"unisport","LAS 5 MEJORES HABILIDADES FUTBOLÍSTICAS DE POGBA","https://www.youtube.com/watch?v=p-G7069JInM","localizado; visionado pendiente"
"unisport","¿Puedes arreglar y reparar una bota de fútbol rota?","https://www.youtube.com/watch?v=cNwpe4pD4eE","localizado; visionado pendiente"
"unisport","Prueba y desafío de juego a sangre fría de adidas: colores impactantes para Pogba y Suárez","https://www.youtube.com/watch?v=BpEdixcsZ7A","localizado; visionado pendiente"
"unisport","¿Por qué las marcas fabrican botas de fútbol de gama baja?","https://www.youtube.com/watch?v=GiT_m4T3ZCI","localizado; visionado pendiente"
"unisport","PUMA finalmente ha creado una buena bota de fútbol ONE 18.1 | Charla técnica de PUMA ONE","https://www.youtube.com/watch?v=LtB5SvWu_Qo","localizado; visionado pendiente"
"unisport","DESAFÍO DE PENALTIS vs FREEKICKERZ","https://www.youtube.com/watch?v=Nf9Mcl1Ti_k","localizado; visionado pendiente"
"unisport","LOS 5 MEJORES FALLOS CON TRUCOS DE BOTAS: Piensa antes de hacerle esto a tus botas de fútbol","https://www.youtube.com/watch?v=1oj756hbHHY","localizado; visionado pendiente"
"unisport","IMPOSSIBLE FREESTYLE SKILLS WITH GIANT FOOTBALL","https://www.youtube.com/watch?v=4QJAqtkTdvM","localizado; visionado pendiente"
"unisport","HISTORIA DE LAS BOTAS DE COUTINHO 2006 - 2018 | Todas las botas de fútbol que usó Philippe Coutinho","https://www.youtube.com/watch?v=_tO-N70yspI","localizado; visionado pendiente"
"unisport","CÓMO MEJORAR TU PIE DÉBIL | Aprende a disparar con ambos pies","https://www.youtube.com/watch?v=YLG59RA253c","localizado; visionado pendiente"
"unisport","PRUEBA DE JUEGO DEL PUMA ONE 18.1","https://www.youtube.com/watch?v=D6-xlY-F-IQ","localizado; visionado pendiente"
"unisport","Prueba y desafío del Nike Mercurial Vapor 11 BHM","https://www.youtube.com/watch?v=pIRxUDCHN8I","localizado; visionado pendiente"
"unisport","APRENDE LA LEVANTADITA DE ARCOIRIS","https://www.youtube.com/watch?v=aQtcAwE4xHA","localizado; visionado pendiente"
"unisport","PUMA FUTURE 18.1 Yellow Play Test: ¿la mejor combinación de colores hasta ahora?","https://www.youtube.com/watch?v=gNGMsm6VdAA","localizado; visionado pendiente"
"unisport","Botas de fútbol Nike Mercurial Vapor 11 BHM para el Mes de la Historia Negra","https://www.youtube.com/watch?v=d76o-8bqMSQ","localizado; visionado pendiente"
"unisport","¿Cuál es la mejor jugada de habilidad en una partida? Pregunta y respuesta n.° 16","https://www.youtube.com/watch?v=FVLUzYZVVUE","localizado; visionado pendiente"
"unisport","SERGIO RAMOS REVELA QUÉ LO IMPULSA COMO FUTBOLISTA","https://www.youtube.com/watch?v=zDh2XSb0BpI","localizado; visionado pendiente"
"unisport","FREEKICKERZ vs UNISPORT: Desafío goleador épico","https://www.youtube.com/watch?v=IeH61ovgSx0","localizado; visionado pendiente"
"unisport","LAS 5 MEJORES HABILIDADES FUTBOLÍSTICAS DE MESSI","https://www.youtube.com/watch?v=_5sCeWY7Vlg","localizado; visionado pendiente"
"unisport","CÓMO ELEGIR LA TALLA CORRECTA DE UN BALÓN DE FÚTBOL | Unisport Uncut Ep. 53","https://www.youtube.com/watch?v=gcxS23Xyduo","localizado; visionado pendiente"
"unisport","Prueba de juego de adidas Lone Hunter: ¿el pack de adidas más loco en años?","https://www.youtube.com/watch?v=ZwIsD3jUnYw","localizado; visionado pendiente"
"unisport","TOP 5 BEST CONTROL FOOTBALL BOOTS","https://www.youtube.com/watch?v=o46gkXxXYfU","localizado; visionado pendiente"
"unisport","Cómo entrenar solo | 3 ejercicios individuales de entrenamiento de fútbol","https://www.youtube.com/watch?v=Y8i6QDPQ0v0","localizado; visionado pendiente"
"unisport","RESUMIENDO EL 2017","https://www.youtube.com/watch?v=JysWl0QYwMY","localizado; visionado pendiente"
"unisport","3 habilidades para superar a los defensores sin moverse","https://www.youtube.com/watch?v=RfOxn5aCXbQ","localizado; visionado pendiente"
"unisport","¿Puede convertirse en un jugador de fútbol profesional? 100 días a un contrato profesional","https://www.youtube.com/watch?v=ns1eyPmIGFw","localizado; visionado pendiente"
"unisport","LOS 5 MEJORES FALLOS EN BOTAS DE FÚTBOL DE 2017","https://www.youtube.com/watch?v=aScVhe-J3aA","localizado; visionado pendiente"
"unisport","TOP 10 BEST LOOKING FOOTBALL BOOTS & COLOURWAYS OF 2017","https://www.youtube.com/watch?v=Z_N0yYeM7yw","localizado; visionado pendiente"
"unisport","Las 5 mejores botas de fútbol del año 2017","https://www.youtube.com/watch?v=LO5bMTP7_fk","localizado; visionado pendiente"
"unisport","Aprende 5 geniales habilidades del fútbol brasileño","https://www.youtube.com/watch?v=cSoaKkxfGOU","localizado; visionado pendiente"
"unisport","¿Las botas de fútbol Nike de Neymar más geniales de la historia?","https://www.youtube.com/watch?v=pH2kKOpI_GA","localizado; visionado pendiente"
"unisport","Neymar Nike Mercurial Vapor 11 Puro Fenomeno Play Test & Challenge","https://www.youtube.com/watch?v=PVcZ3HINciM","localizado; visionado pendiente"
"unisport","¿Cuál es la mejor zapatilla de interior del mercado? Preguntas y respuestas 15","https://www.youtube.com/watch?v=9HZeP5k51GA","localizado; visionado pendiente"
"unisport","FREEKICKERZ vs UNISPORT: Reto épico de remate en dos toques","https://www.youtube.com/watch?v=BWYVLUtpiCk","localizado; visionado pendiente"
"unisport","Botas Nike Tiempo Legend 7 Sergio Ramos BLANCAS Y DORADAS","https://www.youtube.com/watch?v=Cp_EOHhGuf4","localizado; visionado pendiente"
"unisport","5 toques geniales más | Aprende habilidades futbolísticas en el campo","https://www.youtube.com/watch?v=72MSt7rJcTo","localizado; visionado pendiente"
"unisport","Historia de las botas de Griezmann 2009-2017 | Todas las botas de fútbol de Antoine Griezmann","https://www.youtube.com/watch?v=PoHT3KWfCmA","localizado; visionado pendiente"
"unisport","¡PRUEBA DE JUEGO PUMA FUTURE GRIZI CON ANTOINE GRIEZMANN!","https://www.youtube.com/watch?v=Nt0Kc_jfTgw","localizado; visionado pendiente"
"unisport","¿POR QUÉ LAS TALLAS DE LAS BOTAS SON TAN DIFERENTES DE UNA MARCA A OTRA?","https://www.youtube.com/watch?v=GYQR5asf7Us","localizado; visionado pendiente"
"unisport","APRENDE A RABONA | Aprende las habilidades básicas del fútbol","https://www.youtube.com/watch?v=Zfxq6xLTztw","localizado; visionado pendiente"
"unisport","BOTINES CR7 BALÓN DE ORO ORO","https://www.youtube.com/watch?v=QxEaLE0r1QU","localizado; visionado pendiente"
"unisport","WHY YOU SHOULDN'T BUY FAKE FOOTBALL BOOTS","https://www.youtube.com/watch?v=O0xfjNiVqX8","localizado; visionado pendiente"
"unisport","Cómo lanzar una bola de nudillos | Aprende el tiro libre de CR7","https://www.youtube.com/watch?v=JQYBM0p-j6I","localizado; visionado pendiente"
"unisport","5 habilidades geniales para entrenar en el fútbol | Impresiona a tu entrenador y compañeros","https://www.youtube.com/watch?v=OFpFdhpM9zs","localizado; visionado pendiente"
"unisport","adidas Predator 18+ vs ACE 17+ | Batalla por el control de las botas de fútbol","https://www.youtube.com/watch?v=hek_30sjdK4","localizado; visionado pendiente"
"unisport","Análisis del balón de fútbol adidas Telstar 18 World Cup: ¿150 € frente a 35 €? ¿Vale la pena pag...","https://www.youtube.com/watch?v=xlFKZxcrvjA","localizado; visionado pendiente"
"unisport","Aprende 3 habilidades de fútbol para usar en un partido","https://www.youtube.com/watch?v=DUepb7XTiXA","localizado; visionado pendiente"
"unisport","NETFIT & CHILL - how to lace your football boots in 11 different ways","https://www.youtube.com/watch?v=Rb5hulRKszo","localizado; visionado pendiente"
"unisport","CHEAP vs EXPENSIVE adidas Predator 18+ football boots explained","https://www.youtube.com/watch?v=7piI8mbmAVU","localizado; visionado pendiente"
"unisport","Cómo mejorar en tus terminaciones de las jugadas | Aprende a anotar más goles","https://www.youtube.com/watch?v=CxzwMe4TL74","localizado; visionado pendiente"
"unisport","adidas SKYSTALKER PLAY TEST AND CHALLENGE WITH CL WINNER","https://www.youtube.com/watch?v=NpddvmVd3mY","localizado; visionado pendiente"
"unisport","Cómo curvar el balón | Aprende a hacer tiros libres con curva","https://www.youtube.com/watch?v=vR2Grj1f0VE","localizado; visionado pendiente"
"unisport","POR QUÉ PREDATOR 18+ NO ES UN AS","https://www.youtube.com/watch?v=A2QeXnSX8TM","localizado; visionado pendiente"
"unisport","Aprende a destruir a tu defensor | 3 regates humillantes en el fútbol","https://www.youtube.com/watch?v=LW8aDPIGIsw","localizado; visionado pendiente"
"unisport","adidas Predator la historia de todas las botas de fútbol Predator","https://www.youtube.com/watch?v=3N6pXHi3_nM","localizado; visionado pendiente"
"unisport","Prueba de juego Nike Flyknit Ultra Fire & Ice","https://www.youtube.com/watch?v=SZBR2NrXjUg","localizado; visionado pendiente"
"unisport","ADIDAS PREDATOR 18+ TECH TALK | THE REBIRTH OF AN ICON?","https://www.youtube.com/watch?v=xlmaZuBKItI","localizado; visionado pendiente"
"unisport","Análisis de las adidas Predator 18+","https://www.youtube.com/watch?v=1SwKxkzUh04","localizado; visionado pendiente"
"unisport","Cómo se preparan Rusia y adidas para el Mundial 2018","https://www.youtube.com/watch?v=Qed0tvvESBI","localizado; visionado pendiente"
"unisport","ESPECTACULARES NIKE FLYKNIT ULTRA FUEGO Y HIELO","https://www.youtube.com/watch?v=cFHxa-_Yw4M","localizado; visionado pendiente"
"unisport","Charla técnica sobre Puma Future 18.1 Netfit","https://www.youtube.com/watch?v=eCXp3NF7HhM","localizado; visionado pendiente"
"unisport","PUMA FUTURE 18.1 NETFIT REVIEW - ¿la mejor bota de fútbol de 2017?","https://www.youtube.com/watch?v=q-rZNfRo5hU","localizado; visionado pendiente"
"unisport","5 habilidades que un profesional usaría en un partido","https://www.youtube.com/watch?v=hVdG25sXdpM","localizado; visionado pendiente"
"unisport","CÓMO CUIDAR TUS BOTAS DE FÚTBOL","https://www.youtube.com/watch?v=HVyyVdwb5Mg","localizado; visionado pendiente"
"unisport","Más habilidades futbolísticas que IMPRESIONARÁN A TUS AMIGOS","https://www.youtube.com/watch?v=PUh3_x7UwfQ","localizado; visionado pendiente"
"unisport","LA BOTA QUE CAMBIÓ EL MUNDO | Unisport Q&A #14","https://www.youtube.com/watch?v=dxdRv4bqRNc","localizado; visionado pendiente"
"unisport","MID CUT BOOTS = HERE TO STAY? Unisport Uncut 50","https://www.youtube.com/watch?v=sGYocWYiTJw","localizado; visionado pendiente"
"unisport","ADIDAS TELSTAR WORLD CUP FOOTBALL FIRST IMPRESSION","https://www.youtube.com/watch?v=AXyB-Y7xj5E","localizado; visionado pendiente"
"unisport","CÓMO CONVERTIRSE EN UN FUTBOLISTA PROFESIONAL","https://www.youtube.com/watch?v=iEEaMzR3MuY","localizado; visionado pendiente"
"unisport","Aprende los regates más efectivos | 5 habilidades fáciles de fútbol","https://www.youtube.com/watch?v=KBs8WxYW06k","localizado; visionado pendiente"
"unisport","HISTORIA DE LAS BOTAS HAZARD 1998-2017 | Todas las botas de fútbol de Eden Hazard","https://www.youtube.com/watch?v=BHdwlHstZ5E","localizado; visionado pendiente"
"unisport","CÓMO PREPARAR TU EQUIPAJE PARA EL INVIERNO | Prepara tu mochila de fútbol como un profesional","https://www.youtube.com/watch?v=MTqs3n5hGvs","localizado; visionado pendiente"
"unisport","Prueba de juego de ADIDAS EARTH STORM","https://www.youtube.com/watch?v=y6gZ6InBZ-I","localizado; visionado pendiente"
"unisport","Prueba de juego y desafío de NIKE FIRE & ICE","https://www.youtube.com/watch?v=WGFMoVYB1J0","localizado; visionado pendiente"
"unisport","Prueba de juego del Predator Accelerator de adidas x Beckham","https://www.youtube.com/watch?v=XmY7vldckNk","localizado; visionado pendiente"
"unisport","NUEVAS BOTAS DE FÚTBOL NIKE FIRE & ICE","https://www.youtube.com/watch?v=y6o02T933FA","localizado; visionado pendiente"
"unisport","¡Consejos para futbolistas de FRENCH STREET FOOTBALL CHAMPIONS!","https://www.youtube.com/watch?v=05WDeDMbod8","localizado; visionado pendiente"
"unisport","Los 5 mejores trucos para usar calcetines de fútbol","https://www.youtube.com/watch?v=VG9nowgtMkU","localizado; visionado pendiente"
"unisport","LAS MALÍSIMAS NIKE DE CR7 SON LAS MEJORES PARA CRISTIANO RONALDO","https://www.youtube.com/watch?v=e0Wl4GQki5c","localizado; visionado pendiente"
"unisport","NEW PAUL POGBA COLLECTION | adidas Pogba Capsule II","https://www.youtube.com/watch?v=-ADgsJRj64o","localizado; visionado pendiente"
"unisport","3 JUGADAS GENIALES QUE HAN HECHO LOS JUGADORES PROFESIONALES","https://www.youtube.com/watch?v=cljq2PsQdWo","localizado; visionado pendiente"
"unisport","APRENDE LAS MEJORES HABILIDADES DEL FIFA EN LA VIDA REAL","https://www.youtube.com/watch?v=hIChhzwlREs","localizado; visionado pendiente"
"unisport","Invest in THIS football gear | Unisport Q&A #13","https://www.youtube.com/watch?v=lZbZozOJd7M","localizado; visionado pendiente"
"unisport","Mi colección de botas de fútbol 2017 explicada | el video definitivo para los fanáticos de las botas","https://www.youtube.com/watch?v=dNaqdzmFB6Q","localizado; visionado pendiente"
"unisport","Football Boots by position? REVEALED! | Unisport Uncut 49","https://www.youtube.com/watch?v=j63FTrqFyx8","localizado; visionado pendiente"
"unisport","LAS 5 MEJORES ALTERNATIVAS A LAS BOTAS: opciones más económicas que las botas de fútbol de alta gama","https://www.youtube.com/watch?v=MBfKmtFYuqY","localizado; visionado pendiente"
"unisport","CÓMO RECUPERARSE DE UNA LESIÓN DEPORTIVA","https://www.youtube.com/watch?v=Cq7zdNJIm7I","localizado; visionado pendiente"
"unisport","Aprende 5 trucos DEMENTES de túnel - Caños humillantes.","https://www.youtube.com/watch?v=d89Z3fajSTE","localizado; visionado pendiente"
"unisport","NUEVAS BOTAS DE MESSI GENIAL adidas Nemeziz 17+ Messi Pyro Storm","https://www.youtube.com/watch?v=RmGDeJAQlCs","localizado; visionado pendiente"
"unisport","Nike Hypervenom GX Play Test","https://www.youtube.com/watch?v=XJ500kubxBU","localizado; visionado pendiente"
"unisport","TOP 5 BOTAS DE FÚTBOL MÁS DURABLES | Botas que no se rompen","https://www.youtube.com/watch?v=_HRPP-30CCE","localizado; visionado pendiente"
"unisport","Las 5 Mejores Jugadas Futbolísticas de Neymar","https://www.youtube.com/watch?v=XVp8IoyYyRE","localizado; visionado pendiente"
"unisport","HISTORIA DE LAS BOTAS QUE HA USADO DYBALA 2011 - 2017 | Todas las botas de fútbol de Paulo Dybala","https://www.youtube.com/watch?v=vNvQowkmP9w","localizado; visionado pendiente"
"unisport","APRENDE 2 TRUCOS DE FÚTBOL EN 3 MINUTOS - Puedes hacerlo!","https://www.youtube.com/watch?v=9L-VYqwUNY0","localizado; visionado pendiente"
"unisport","Los 5 mejores trucos para botas de fútbol","https://www.youtube.com/watch?v=W2IWzQFK248","localizado; visionado pendiente"
"unisport","Cómo no volver a tener ampollas | Los 5 mejores trucos para las ampollas","https://www.youtube.com/watch?v=FSCufXmZnYo","localizado; visionado pendiente"
"unisport","APRENDE 5 JUGADAS EFECTIVAS DE FÚTBOL PARA PRINCIPIANTES","https://www.youtube.com/watch?v=JlqzSTigJ4Q","localizado; visionado pendiente"
"unisport","ADIDAS PYRO STORM prueba de juego y reto","https://www.youtube.com/watch?v=QligWCDRzdA","localizado; visionado pendiente"
"unisport","¿Importa la apariencia? Unisport Uncut Ep. 48","https://www.youtube.com/watch?v=8WnBr8UGtFk","localizado; visionado pendiente"
"unisport","LAS 5 MEJORES ZAPATILLAS PARA FÚTBOL SALA, INTERIOR Y CALLEJERO","https://www.youtube.com/watch?v=Vn3JIOmn3Pg","localizado; visionado pendiente"
"unisport","5 Razones para Jugar Futbol Callejero, presentando a Ohplai","https://www.youtube.com/watch?v=HcVpXvlrsZY","localizado; visionado pendiente"
"unisport","repeticion en video en futbol: buena o mala!?  Unisport Q&A #12","https://www.youtube.com/watch?v=5BzG7C8w1Tg","localizado; visionado pendiente"
"unisport","APRENDE LOS MEJORES TRUCOS DE FUTBOL DE CR7","https://www.youtube.com/watch?v=egY_Srgvx7Y","localizado; visionado pendiente"
"unisport","CR7 NIKE MERCURIAL SUPERFLY PRUEBA DE JUEGO  |  Capítulo 5 Cut to Brilliance","https://www.youtube.com/watch?v=IPVvqPTXQ94","localizado; visionado pendiente"
"unisport","NEW NIKE CR7 BOOTS | Mercurial Superfly 5 Chapter 5 Cut to Brilliance","https://www.youtube.com/watch?v=McHZOoQHy0M","localizado; visionado pendiente"
"unisport","NUEVAS BOTAS FIFA - Botas de fútbol Nike Hypervenom Phantom III DF de EA Sports X","https://www.youtube.com/watch?v=ZzUuC2DGQZ8","localizado; visionado pendiente"
"unisport","5 trucos de fútbol que puedes usar en un partido","https://www.youtube.com/watch?v=HE0vLjTLIzM","localizado; visionado pendiente"
"unisport","CHEAP vs EXPENSIVE FOOTBALL BOOTS - which to buy?","https://www.youtube.com/watch?v=mgrEmnuocxs","localizado; visionado pendiente"
"unisport","HISTORIA DE LAS BOTAS DE ZLATAN 1998-2017 | Todas las botas de fútbol de Zlatan Ibrahimovic","https://www.youtube.com/watch?v=tPLNU_VqHtA","localizado; visionado pendiente"
"unisport","LAS 5 PRINCIPALES BOTAS DE FÚTBOL QUE TAMBIÉN PUEDES USAR COMO SNEAKERS","https://www.youtube.com/watch?v=rNZDTs_X6Og","localizado; visionado pendiente"
"unisport","EDEN HAZARD- El reto del larguero - ¿QUIÉN GANA?","https://www.youtube.com/watch?v=a_QqFE3a0S4","localizado; visionado pendiente"
"unisport","BATALLA DE BOTAS NIKE FLYKNIT ULTRA vs VAPOR 11","https://www.youtube.com/watch?v=chsmotH42WQ","localizado; visionado pendiente"
"unisport","CÓMO SER MÁS RÁPIDO PT II","https://www.youtube.com/watch?v=Wi_AqDKdfjg","localizado; visionado pendiente"
"unisport","101 JUGADAS PARTE 2 | LA MEJOR COMPILACIÓN DE HABILIDADES DE FÚTBOL","https://www.youtube.com/watch?v=ARCEDuVSkT0","localizado; visionado pendiente"
"unisport","NUEVO MESSI ADIDAS NEMEZIZ 17+ 360AGILIDAD","https://www.youtube.com/watch?v=se5RuppSjqM","localizado; visionado pendiente"
"unisport","Prueba de juego Nike Flyknit Ultra con Eden Hazard","https://www.youtube.com/watch?v=Nl5sE56jnEY","localizado; visionado pendiente"
"unisport","PRUEBA DE JUEGO DE PRECISIÓN DE ADIDAS PREDATOR","https://www.youtube.com/watch?v=p1xj96dOFPE","localizado; visionado pendiente"
"unisport","EL NIKE VAPOR DEFINITIVO CON FLYKNIT","https://www.youtube.com/watch?v=eaJNOQjpATA","localizado; visionado pendiente"
"unisport","LAS 5 MEJORES BOTAS DE FÚTBOL PARA PIES ESTRECHOS","https://www.youtube.com/watch?v=6ChA-gy3-0A","localizado; visionado pendiente"
"unisport","NUEVOS COLORES ELECTRIZANTES DE ADIDAS | PACK ADIDAS THUNDER STORM","https://www.youtube.com/watch?v=oL0zzuxTV58","localizado; visionado pendiente"
"unisport","¡¡¡El mercado de fichajes más loco de la historia!!! | Unisport Uncut #47","https://www.youtube.com/watch?v=pf1G9Te_iDw","localizado; visionado pendiente"
"unisport","CÓMO PREPARAR TU BOLSA DE FÚTBOL","https://www.youtube.com/watch?v=uTZTv45l1qg","localizado; visionado pendiente"
"unisport","LOS 5 MEJORES CALCETINES DE FÚTBOL","https://www.youtube.com/watch?v=CITC3hHotxk","localizado; visionado pendiente"
"unisport","HISTORIA DE LAS BOTAS DE POGBA 2009 - 2017  | TODAS LAS BOTAS DE FÚTBOL DE PAUL POGBA","https://www.youtube.com/watch?v=m2cRuiRlJJ0","localizado; visionado pendiente"
"unisport","¿CUÁL ES LA BOTA MÁS SOBREVALORADA DE LA HISTORIA? Preguntas y respuestas de Unisport n.° 11","https://www.youtube.com/watch?v=hTkwtMJKHys","localizado; visionado pendiente"
"unisport","¿PEREZOSO? ¡APRENDE FÚTBOL FÁCIL SENTADO Y RÁPIDO!","https://www.youtube.com/watch?v=0c1DHWmkvjA","localizado; visionado pendiente"
"unisport","TOP 5 ICONIC FOOTBALL BOOTS","https://www.youtube.com/watch?v=70iayx8ducI","localizado; visionado pendiente"
"unisport","Nike Rising Fast Pack | Play test & First impression","https://www.youtube.com/watch?v=6Xte3ScIsgE","localizado; visionado pendiente"
"unisport","3 HABILIDADES ESENCIALES DEL FÚTBOL | ¡TIENES QUE APRENDERLAS!","https://www.youtube.com/watch?v=Q8WSxmjpHdA","localizado; visionado pendiente"
"unisport","101 Flick Ups Part 1 | THE ULTIMATE FOOTBALL SKILLS COMPILATION","https://www.youtube.com/watch?v=kpCXzU7O-l8","localizado; visionado pendiente"
"unisport","CÓMO COMPRAR LAS BOTAS DE FÚTBOL ADECUADAS","https://www.youtube.com/watch?v=aRYbJiHh1JE","localizado; visionado pendiente"
"unisport","Nike Academy Pack Play Test: ¡Todas las botas de fútbol Nike en negro total!","https://www.youtube.com/watch?v=oAsd5JH_lkg","localizado; visionado pendiente"
"unisport","Aprende  2 trucos de fútbol en dos minutos! Se puede?","https://www.youtube.com/watch?v=kIlPMEwqou8","localizado; visionado pendiente"
"unisport","Superfly 5 vs. X17+ | Batalla de botas Nike Mercurial vs. adidas PURESPEED","https://www.youtube.com/watch?v=hiaGGyIDhmc","localizado; visionado pendiente"
"unisport","Aprende 3 sencillos trucos de futbol de principiante","https://www.youtube.com/watch?v=mUBsH0PabyA","localizado; visionado pendiente"
"unisport","LAS 5 MEJORES BOTAS DE FÚTBOL SINTÉTICAS","https://www.youtube.com/watch?v=iu4lFjP_z_8","localizado; visionado pendiente"
"unisport","NIKE TECH CRAFT PACK 2017 | Prueba de juego y primera impresión","https://www.youtube.com/watch?v=EuMZke9CPDA","localizado; visionado pendiente"
"unisport","CÓMO HACER DOMINADAS","https://www.youtube.com/watch?v=cvK2itaxyDA","localizado; visionado pendiente"
"unisport","TOP 5 LIGHTEST FOOTBALL BOOTS 2017","https://www.youtube.com/watch?v=vQV1S_KDoIU","localizado; visionado pendiente"
"unisport","¿LA MEJOR BOTA DE FIRMA DE 2017? Unisport Uncut, Ep. 46","https://www.youtube.com/watch?v=5BsDlIhL2nM","localizado; visionado pendiente"
"unisport","Mizuno - How boots are made","https://www.youtube.com/watch?v=Whya6sytA1A","localizado; visionado pendiente"
"unisport","ADIDAS OCEAN STORM PLAY TEST | Trying new adidas boots","https://www.youtube.com/watch?v=LMn-HvgWUFM","localizado; visionado pendiente"
"unisport","LAS 10 MEJORES CAMISETAS PARA LA PRÓXIMA TEMPORADA","https://www.youtube.com/watch?v=xR1Vzpv3QA4","localizado; visionado pendiente"
"unisport","TODAS LAS BOTAS DE FÚTBOL NIKE DE NEYMAR","https://www.youtube.com/watch?v=ufZ0hUhwtK8","localizado; visionado pendiente"
"unisport","LAS MEJORES ZAPATILLAS PARA FUTBOLISTAS | ¡Las necesitas en tu armario!","https://www.youtube.com/watch?v=mYGee9wKmuY","localizado; visionado pendiente"
"unisport","APRENDE ESTOS TRUCOS DE FUTBOL EN 3 MINUTOS","https://www.youtube.com/watch?v=0EugSoqxlf8","localizado; visionado pendiente"
"unisport","NEMEZIZ 17+ AZUL MARINO | Nuevas botas adidas Nemeziz 17+ Ocean Storm","https://www.youtube.com/watch?v=VW6rI75qb4Y","localizado; visionado pendiente"
"unisport","EL CLÁSICO EXPLICADO - La rivalidad entre el Real Madrid y el FC Barcelona","https://www.youtube.com/watch?v=ozUzGMhVCVM","localizado; visionado pendiente"
"unisport","¿LAS NUEVAS BOTAS DE NEYMAR SON MEJORES QUE LAS ANTIGUAS? | Prueba de juego de las Nike Mercurial...","https://www.youtube.com/watch?v=TLHIXxuW-yg","localizado; visionado pendiente"
"unisport","¿LA MAYOR INNOVACIÓN DE 2017?","https://www.youtube.com/watch?v=sa6yqzMn5X0","localizado; visionado pendiente"
"unisport","LOS 5 MEJORES TRUCOS PARA QUE TUS BOTAS DE FÚTBOL SEAN MÁS CÓMODAS","https://www.youtube.com/watch?v=XzBvei4sf6Y","localizado; visionado pendiente"
"unisport","¡Las mejores botas de fútbol descontinuadas que deberían REGRESAR! Unisport Uncut Ep. 45","https://www.youtube.com/watch?v=m9nc1w0GCFw","localizado; visionado pendiente"
"unisport","¡UNA BOTA CON CIERRE! Under Armour Destacado","https://www.youtube.com/watch?v=65_KN_iIL9E","localizado; visionado pendiente"
"unisport","LAS MEJORES HABILIDADES DEL FÚTBOL | 5 simples toques hacia arriba tras un pase","https://www.youtube.com/watch?v=NxzmfuZJXBQ","localizado; visionado pendiente"
"unisport","TOP 5 TAKE DOWN BOOTS - get one of these cheap football boots","https://www.youtube.com/watch?v=KSy8b2KkkS0","localizado; visionado pendiente"
"unisport","¿LA MEJOR BOTA DE CUERO MODERNA? Nike Tiempo Legend 7 vs. Mizuno Rebula vs. PUMA ONE","https://www.youtube.com/watch?v=ao1kKToLiT4","localizado; visionado pendiente"
"unisport","¿FLYKNIT SE ESTÁ IMPULSANDO? El futuro de Nike Flyknit en las botas de fútbol.","https://www.youtube.com/watch?v=ynylkDTYVSg","localizado; visionado pendiente"
"unisport","NIKE TIEMPO LEGEND 7 REVIEW","https://www.youtube.com/watch?v=YQsCqEpgGFI","localizado; visionado pendiente"
"unisport","What makes Sergio Ramos the BEST defender in the WORLD?","https://www.youtube.com/watch?v=bQy8AL0CRtI","localizado; visionado pendiente"
"unisport","Delivering LIMITED NIKE BOOTS to a Subscriber - Only 100 pairs in the WORLD!","https://www.youtube.com/watch?v=9v4i8kSeHCw","localizado; visionado pendiente"
"unisport","Desafío del muro de Neymar | ¿Quién tiene más habilidades futbolísticas?","https://www.youtube.com/watch?v=nHEuu-bs0d8","localizado; visionado pendiente"
"unisport","¿INCREÍBLE, MALO o ""MEH""? | RESEÑA DEL PUMA ONE 17.1","https://www.youtube.com/watch?v=4wFpA-yEhyE","localizado; visionado pendiente"
"unisport","Zapatillas Nike Anti-Zapatos Baratas para Todos | Nike Premier 2.0","https://www.youtube.com/watch?v=VwhsQkSQnbs","localizado; visionado pendiente"
"unisport","Botas de fútbol Nike negras - Tiempo Legend 7 Pitch Dark","https://www.youtube.com/watch?v=P47xsXd0ikg","localizado; visionado pendiente"
"unisport","¿SIN CORDONES = EL MEJOR TRUCO DE LA HISTORIA? Preguntas y respuestas de Unisport n.° 10","https://www.youtube.com/watch?v=om7Wexq2CWg","localizado; visionado pendiente"
"unisport","Nike Tiempo Legend 7 BARATO vs CARO explicado: ¿cuál comprar?","https://www.youtube.com/watch?v=XTFHelOPHaQ","localizado; visionado pendiente"
"unisport","5 Trucos sencillos de fútbol sin tener que hacer dominadas.","https://www.youtube.com/watch?v=0f_mq8LS1sc","localizado; visionado pendiente"
"unisport","¡BOTAS ADIDAS APAGADAS! | adidas Magnetic Storm Pack","https://www.youtube.com/watch?v=QDaUD4D5AlQ","localizado; visionado pendiente"
"unisport","¿MÁS GENIAL QUE LOS COLORES DE HOMBRE? Botas de fútbol Nike para mujer","https://www.youtube.com/watch?v=P1P8AKcF_Zs","localizado; visionado pendiente"
"unisport","¿Lo mejor que puedes conseguir? Charla técnica de Mizuno Rebula","https://www.youtube.com/watch?v=yk6fcPM115A","localizado; visionado pendiente"
"unisport","NUEVOS COLORES NIKE INCREÍBLES | Prueba de juego, suelta y segura","https://www.youtube.com/watch?v=gG2Y5rdW7oo","localizado; visionado pendiente"
"unisport","CÓMO BOMBEAR TU PELOTA DE FÚTBOL: consigue la presión adecuada | Unisport Uncut 43","https://www.youtube.com/watch?v=YKD65pIP5cM","localizado; visionado pendiente"
"unisport","5 Trucos Sencillos de Futbol que  Impresionarán a Tus Amigos! PT2","https://www.youtube.com/watch?v=_7uW_7T92MU","localizado; visionado pendiente"
"unisport","¿Te encanta la comodidad? ¡Mira esto! | Prueba de Tokio Play de Mizuno Rebula","https://www.youtube.com/watch?v=aytCtfO1qEM","localizado; visionado pendiente"
"unisport","NUEVAS BOTAS DE MESSI GENIAL | adidas Nemeziz 17+ 360Agility","https://www.youtube.com/watch?v=8MB4xdemT48","localizado; visionado pendiente"
"unisport","Charla técnica de PUMA ONE: ¿evoSPEED y evoTOUCH en uno?","https://www.youtube.com/watch?v=arlFdllibVU","localizado; visionado pendiente"
"unisport","¿CIERRA LA ACADEMIA NIKE? ¿POR QUÉ?","https://www.youtube.com/watch?v=SSTRvDzYwC4","localizado; visionado pendiente"
"unisport","NIKE TIEMPO LEGEND 7 CHARLA TÉCNICA","https://www.youtube.com/watch?v=lmWK0OacX38","localizado; visionado pendiente"
"unisport","EQUÍPATE POR MENOS DE 300 EUROS","https://www.youtube.com/watch?v=CS9V4L3gGhU","localizado; visionado pendiente"
"unisport","Los mejores 5 trucos de futbol sin usar los pies!","https://www.youtube.com/watch?v=7J2SeXtjyTs","localizado; visionado pendiente"
"unisport","Nike Tiempo Legend 7 Blackout Platinum | ¡Primer vistazo!","https://www.youtube.com/watch?v=VAmXOAAUS0o","localizado; visionado pendiente"
"unisport","Las 5 mejores botas de fútbol baratas por menos de 120 € (2017)","https://www.youtube.com/watch?v=4XNDCTlKAjY","localizado; visionado pendiente"
"unisport","Nike Mercurial Vapor 11 vs. adidas Nemeziz 17+ | Batalla de velocidad entre botas de fútbol","https://www.youtube.com/watch?v=aqt1YuybywI","localizado; visionado pendiente"
"unisport","Mírate mejor de lo que eres en los trucos de fútbol","https://www.youtube.com/watch?v=h0Y5lDs0YY8","localizado; visionado pendiente"
"unisport","LA COLECCIÓN DE BOTAS DE FÚTBOL MÁS GRANDE DEL MUNDO, VALORADA EN 210.000 $","https://www.youtube.com/watch?v=u6fUMH2Hc8s","localizado; visionado pendiente"
"unisport","evoSPEED + evoTOUCH = PUMA ONE","https://www.youtube.com/watch?v=1316fBBryr4","localizado; visionado pendiente"
"unisport","Todo mundo puede aprender estos trucos de fútbol","https://www.youtube.com/watch?v=PVybiJXG3W4","localizado; visionado pendiente"
"unisport","adidas X17+ PURESPEED - ¿LA COMBINACIÓN DE COLORES MÁS INCREÍBLE HASTA AHORA?","https://www.youtube.com/watch?v=szgToE8Uda8","localizado; visionado pendiente"
"unisport","¿Cuál es la mejor celebración de un gol? Preguntas y respuestas de Unisport n.° 9","https://www.youtube.com/watch?v=QRGdqKU-dsU","localizado; visionado pendiente"
"unisport","¿Funcionan los collares? | Sin cortes, episodio 42","https://www.youtube.com/watch?v=s1KK8U-Mlsc","localizado; visionado pendiente"
"unisport","HOW TO CLEAN YOUR FOOTBALL BOOTS","https://www.youtube.com/watch?v=xmz0m1DTUng","localizado; visionado pendiente"
"unisport","Aprende el AKKA 3000: la madre de todas las habilidades del fútbol","https://www.youtube.com/watch?v=zeHHCVgVCcY","localizado; visionado pendiente"
"unisport","HOW WOULD YOUR CUSTOM ADIDAS NEMEZIZ LOOK LIKE?","https://www.youtube.com/watch?v=bz603eOKum8","localizado; visionado pendiente"
"unisport","¿NIKE O ADIDAS? ¿Cuál es la mejor marca? | Unisport Uncut Ep. 41","https://www.youtube.com/watch?v=6iRjU6nFFEQ","localizado; visionado pendiente"
"unisport","LEARN 2 FOOTBALL SKILLS & PANNA MOVES WITH SKILLTWINS","https://www.youtube.com/watch?v=ipHq0w8PcJ0","localizado; visionado pendiente"
"unisport","Nemeziz 17+ vs Messi 16+ | Batalla de botas de fútbol adidas Agility","https://www.youtube.com/watch?v=yh-CNyK9rx4","localizado; visionado pendiente"
"unisport","5 levantaditas simples - la mejor manera de iniciar tu educación de trucos de futbol?","https://www.youtube.com/watch?v=hlovDI8K8Ec","localizado; visionado pendiente"
"unisport","GANAMOS - ADIDAS TANGO LEAGUE CAMPEONES NÓRDICOS","https://www.youtube.com/watch?v=R2E54qJmFHI","localizado; visionado pendiente"
"unisport","adidas X17+ PURESPEED tech talk-  gran actualizacion o solo imagen?","https://www.youtube.com/watch?v=NTLgn1pf-aM","localizado; visionado pendiente"
"unisport","“Unboxing” de Adidas Dust Storm | Nemeziz 360 Agility, X17+ PureSpeed, Ace 17+ PureControl","https://www.youtube.com/watch?v=6wETA1dMXVc","localizado; visionado pendiente"
"unisport","¿LA MEJOR BOTA SIN CORDONES HASTA LA FECHA? adidas Nemeziz 17+","https://www.youtube.com/watch?v=YG0kKOCiG78","localizado; visionado pendiente"
"unisport","Botas de fútbol adidas Nemeziz 17 BARATAS vs. CARAS, explicadas","https://www.youtube.com/watch?v=Ghh9-khLB1Q","localizado; visionado pendiente"
"unisport","Unboxing de las adidas Nemeziz 17+ 360Agility: todas las botas de fútbol del nuevo silo Messi","https://www.youtube.com/watch?v=sCiOKX732nk","localizado; visionado pendiente"
"unisport","Análisis técnico de los adidas Nemeziz 17+ 360 Agility","https://www.youtube.com/watch?v=83QDxDpds7M","localizado; visionado pendiente"
"unisport","¡HECHAS DE CINTA! – Reseña de Adidas Nemeziz 17+","https://www.youtube.com/watch?v=K7Wnin7RYBQ","localizado; visionado pendiente"
"unisport","CÓMO SER MÁS RÁPIDO","https://www.youtube.com/watch?v=WbTbbhJBkbM","localizado; visionado pendiente"
"unisport","NUEVAS BOTAS DE FÚTBOL NIKE REFLECTANTES - Es hora de brillar","https://www.youtube.com/watch?v=3eXPLVySZeE","localizado; visionado pendiente"
"unisport","PRUEBA DE JUEGO DEL PACK NIKE TIME TO SHINE","https://www.youtube.com/watch?v=_NF_Cr_GtPA","localizado; visionado pendiente"
"unisport","Desempaquetado del Nike Time to Shine Pack | Descubre los últimos Nike Mercurial, Hypervenom, Mag...","https://www.youtube.com/watch?v=17zFJK50Ckk","localizado; visionado pendiente"
"unisport","LAS 5 BOTAS DE FÚTBOL MÁS CÓMODAS","https://www.youtube.com/watch?v=hYxDcaX08Cw","localizado; visionado pendiente"
"unisport","Conoce al PADRINO de las habilidades del fútbol callejero: Edward van Gils vs. Ochocinco","https://www.youtube.com/watch?v=-L5Ta5utVNI","localizado; visionado pendiente"
"unisport","¿¡ACABARÁS CON LA LÍNEA NIKE MERCURIAL!? Preguntas y respuestas de Unisport #8","https://www.youtube.com/watch?v=jgX-G55TPBQ","localizado; visionado pendiente"
"unisport","LA MEJOR SUELA: ¿Cuál es la mejor forma de tacos para una bota de fútbol? | Unisport Uncut Ep. 40","https://www.youtube.com/watch?v=AmAV-MeorEc","localizado; visionado pendiente"
"unisport","LAS 5 MEJORES HABILIDADES DEL FÚTBOL QUE LA MAYORÍA DE LA GENTE NO PUEDE HACER - ¿Puedes hacer esto?","https://www.youtube.com/watch?v=jm2bzkD6U0g","localizado; visionado pendiente"
"unisport","CÓMO ELEGIR LA TALLA ADECUADA","https://www.youtube.com/watch?v=3n-SrA77Jhg","localizado; visionado pendiente"
"unisport","LEGENDARY FOOTBALL BOOTS - We love Mercurial, Predator & F50! Uncut Ep. 39","https://www.youtube.com/watch?v=VfZBTgZ5Te0","localizado; visionado pendiente"
"unisport","Habilidades futbolísticas increíbles | El equipo Unisport gana el evento PUMA #TheLoudest","https://www.youtube.com/watch?v=W5HTc40XcnE","localizado; visionado pendiente"
"unisport","TOP 5 LEATHER FOOTBALL BOOTS - Which is best?","https://www.youtube.com/watch?v=ipCGZdlsLJA","localizado; visionado pendiente"
"unisport","¡Aprenderás estas 2 habilidades de fútbol en 3 MINUTOS!","https://www.youtube.com/watch?v=mr4As_TBBSY","localizado; visionado pendiente"
"unisport","¿POR QUÉ LOS PROFESIONALES USAN BOTINES DE FÚTBOL ANTIEDAD? - Unisport Uncut Ep. 38","https://www.youtube.com/watch?v=Qk24_ay3sXM","localizado; visionado pendiente"
"unisport","ICONIC FOOTBALL BOOTS RE-RELEASED - Top 5 best remakes","https://www.youtube.com/watch?v=57561KqrUoc","localizado; visionado pendiente"
"unisport","PRUEBA DE JUEGO ÉPICA EN MIAMI | Prueba de juego adidas ACE 17+ Purecontrol Champagne Pack","https://www.youtube.com/watch?v=WeuLB6Ju1EY","localizado; visionado pendiente"
"unisport","adidas ACE 16+ PURECONTROL ULTRA BOOST Unboxing","https://www.youtube.com/watch?v=Dm9jFFa57Hc","localizado; visionado pendiente"
"unisport","PRUEBA DE JUEGO DE ADIDAS PREDATOR MANIA","https://www.youtube.com/watch?v=TdbZg8JpNxs","localizado; visionado pendiente"
"unisport","adidas Champagne Pack - Predator Mania & ACE 17+ Purecontrol unboxing","https://www.youtube.com/watch?v=wmetlJovw6I","localizado; visionado pendiente"
"unisport","Cómo elegir guantes de portero, Unisport Uncut Episodio 37","https://www.youtube.com/watch?v=nK7uqdpVIuo","localizado; visionado pendiente"
"unisport","LOS 5 MEJORES Y MÁS FÁCILES TRUCOS DE SOCCER CALLEJERO - Apréndelos hoy!","https://www.youtube.com/watch?v=hj_7vcBm2EE","localizado; visionado pendiente"
"unisport","BOTAS TOTTI DORADAS","https://www.youtube.com/watch?v=ueewkBDF6zQ","localizado; visionado pendiente"
"unisport","¿CUÁL ES LA PEOR BOTA, PERO LA MÁS COMPRADA DE LA HISTORIA? Preguntas y respuestas de Unisport n.° 7","https://www.youtube.com/watch?v=_d8OpzfS3Os","localizado; visionado pendiente"
"unisport","TODAS LAS BOTAS DE FÚTBOL ADIDAS MESSI: ¿CUÁL ES LA MEJOR?","https://www.youtube.com/watch?v=iyKGNn_6vSM","localizado; visionado pendiente"
"unisport","TODAS LAS BOTAS DE FÚTBOL NIKE CR7: ¿CUÁL ES LA MEJOR?","https://www.youtube.com/watch?v=YZtuQ-hj-5Q","localizado; visionado pendiente"
"unisport","Real vs. Barça - ¿QUIÉN ES MEJOR? La batalla de El Clásico | Uncut Ep. 36","https://www.youtube.com/watch?v=EcApp1SS0Rk","localizado; visionado pendiente"
"unisport","TOP 5 maneras de hacer panna a sus amigos - Aprender HUMILLANTES habilidades de fútbol!","https://www.youtube.com/watch?v=8RLHWHc2Apw","localizado; visionado pendiente"
"unisport","¿BOTAS DE FÚTBOL CON ACNÉ? evoPOWER 3D Dot","https://www.youtube.com/watch?v=52dPnGC_5_s","localizado; visionado pendiente"
"unisport","Los 5 mejores guantes de portero de 2017: ¿la mejor opción para los porteros?","https://www.youtube.com/watch?v=LNL-6IOn1go","localizado; visionado pendiente"
"unisport","CÓMO ELEGIR ESPINILLERAS COMO UN PROFESIONAL - UNISPORT TECH TALK","https://www.youtube.com/watch?v=Iwfq7gT2rCg","localizado; visionado pendiente"
"unisport","HI-TOP FOOTBALL BOOTS FROM 1950s - are they good? | PUMA Super Atom","https://www.youtube.com/watch?v=rnBH14BtJrM","localizado; visionado pendiente"
"unisport","ANÁLISIS DE BALONES 2017 - NIKE vs ADIDAS | ¿Ordem 4 o Krasava es el mejor balón?","https://www.youtube.com/watch?v=nN5tqwA6x5o","localizado; visionado pendiente"
"unisport","Las 5 botas más subestimadas: joyas secretas de botas","https://www.youtube.com/watch?v=Rxz1KeoOdyo","localizado; visionado pendiente"
"unisport","CR7 NIKE MERCURIAL SUPERFLY 5 UNBOXING | Chapter 4 for Cristiano Ronaldo","https://www.youtube.com/watch?v=X6kaoYFXkZs","localizado; visionado pendiente"
"unisport","¿LAS BOTAS DE FIRMA MÁS GENIAL HASTA LA FECHA? | Nuevas Nike Mercurial Superfly 5 de CR7","https://www.youtube.com/watch?v=28SMDNg_SG8","localizado; visionado pendiente"
"unisport","Prueba de juego de CR7 Nike Mercurial Superfly | Capítulo 4","https://www.youtube.com/watch?v=7_S7nkejEfA","localizado; visionado pendiente"
"unisport","NEW X16+ and MESSI TURBOCHARGE BOOTS | adidas Purechaos & Pureagility","https://www.youtube.com/watch?v=xWNHv0XXhdo","localizado; visionado pendiente"
"unisport","¡UNA ENTREGA ÉPICA DE HYPERVENOM 3 CON ASTON MARTIN!","https://www.youtube.com/watch?v=OnTLVecztIQ","localizado; visionado pendiente"
"unisport","NIKE MOTION BLUR | ¿Los mejores colores nuevos de Nike en 2017?","https://www.youtube.com/watch?v=Y_efoQ1BXkw","localizado; visionado pendiente"
"unisport","PRUEBA DE JUEGO NIKE MOTION BLUR","https://www.youtube.com/watch?v=AU4eWWh9-IA","localizado; visionado pendiente"
"unisport","PRUEBA DE JUEGO GREEN PURECONTROL | adidas ACE17+ Turbocharge","https://www.youtube.com/watch?v=TS60sHmYUqU","localizado; visionado pendiente"
"unisport","¡NUEVO COLOR PURECONTROL BRILLANTE! adidas ACE17+ Purecontrol Turbocharge","https://www.youtube.com/watch?v=oQ-jtiGeKKI","localizado; visionado pendiente"
"unisport","LAS MEJORES BOTAS PARA NIÑOS | TOP 5 Botas para Niños","https://www.youtube.com/watch?v=ofJY_yLYOQU","localizado; visionado pendiente"
"unisport","LOS CINCO MEJORES TRUCOS DE FÚTBOL PARA PRINCIPIANTES","https://www.youtube.com/watch?v=DcnRId7Zmbs","localizado; visionado pendiente"
"unisport","IMPRESIONANTES BOTAS DE FÚTBOL AIR MAX PRUEBA DE JUEGO","https://www.youtube.com/watch?v=dd1FdP6WHFY","localizado; visionado pendiente"
"unisport","Pack Nike Revolution de Air Max: unas botas Air Max épicas","https://www.youtube.com/watch?v=NSkYaz_LicY","localizado; visionado pendiente"
"unisport","NO HAGAS ESTO CON TUS BOTAS - Top 5 cosas que no debes hacer","https://www.youtube.com/watch?v=WRYqguPjXWE","localizado; visionado pendiente"
"unisport","Cordones: ¿con o sin cordones? | Unisport Uncut Ep. 35","https://www.youtube.com/watch?v=veM0SlSS8zA","localizado; visionado pendiente"
"unisport","Academia Nike: Cómo me convertí en futbolista profesional | Pontus Almqvist","https://www.youtube.com/watch?v=49OKH-fERJ8","localizado; visionado pendiente"
"unisport","SUPERFLY 5 vs VAPOR 11 | Nike Mercurial Battle","https://www.youtube.com/watch?v=1oAq5wR-B48","localizado; visionado pendiente"
"unisport","FÚTBOL 25$ vs 140$: ¿MEJOR?","https://www.youtube.com/watch?v=-SmKVsvC6oM","localizado; visionado pendiente"
"unisport","MOST UNDERRATED FOOTBALL BOOTS EVER?? | Unisport Q&A #6","https://www.youtube.com/watch?v=RvqroaRpyt8","localizado; visionado pendiente"
"unisport","LAS 5 MEJORES BOTAS DEL MERCADO - Primavera 2017","https://www.youtube.com/watch?v=kjoF-I-F9H4","localizado; visionado pendiente"
"unisport","¿El MEJOR delantero de Europa es ____? | Evento Nike Strike Night","https://www.youtube.com/watch?v=ZNVYd252jcc","localizado; visionado pendiente"
"unisport","Análisis de las adidas ACE 17+ PURECONTROL sin cordones","https://www.youtube.com/watch?v=qn8e9fmfIB8","localizado; visionado pendiente"
"unisport","PSG vs FC Barcelona pre-match with Serge Aurier","https://www.youtube.com/watch?v=HRkctM618gk","localizado; visionado pendiente"
"unisport","¿EL MEJOR MATERIAL PARA LA PARTE SUPERIOR? | Unisport Uncut Ep. 34","https://www.youtube.com/watch?v=ab3LFeqtIiI","localizado; visionado pendiente"
"unisport","LAS 5 MEJORES BOTAS PARA PIES ANCHOS","https://www.youtube.com/watch?v=qorzt5bSNkU","localizado; visionado pendiente"
"unisport","ENTREGA DE NUEVAS BOTAS NIKE A EDINSON CAVANI","https://www.youtube.com/watch?v=_mD2qXj76pI","localizado; visionado pendiente"
"unisport","BOTAS ADIDAS CAMO | Pack de camuflaje Purechaos y Purecontrol","https://www.youtube.com/watch?v=ACqrsU_IRmo","localizado; visionado pendiente"
"unisport","SICK NEW BLACK NIKE HYPERVENOM 3","https://www.youtube.com/watch?v=1QK7gVC956E","localizado; visionado pendiente"
"unisport","LOS MEJORES 5 trucos de futbol hechos por Profesionales","https://www.youtube.com/watch?v=Dxccb6VKLxU","localizado; visionado pendiente"
"unisport","¿POR QUÉ LAS BOTAS DE FÚTBOL SON TAN CARAS?","https://www.youtube.com/watch?v=cwuTd5BDJkY","localizado; visionado pendiente"
"unisport","LAS 5 MEJORES BOTAS AG | ¿Por qué no usar botas FG en césped artificial?","https://www.youtube.com/watch?v=K5U-mPmHEhM","localizado; visionado pendiente"
"unisport","Hypervenom 3 BARATO vs CARO: explicación","https://www.youtube.com/watch?v=8ICuJdEqACM","localizado; visionado pendiente"
"unisport","¡Las mejores botas PUMA de la historia! Análisis de las evoPOWER Vigor","https://www.youtube.com/watch?v=804t23UzVv0","localizado; visionado pendiente"
"unisport","Estos 5 sencillos trucos de futbol impresionarán a tus amigos!!","https://www.youtube.com/watch?v=JLW1gfgpbSc","localizado; visionado pendiente"
"unisport","MITOS SOBRE LAS BOTAS DE FÚTBOL | Unisport Uncut Ep. 33","https://www.youtube.com/watch?v=IuWJ4xdwayU","localizado; visionado pendiente"
"unisport","Even Pro Footballers Have Superstitious Rituals | Interviews with Cabaye & Navas","https://www.youtube.com/watch?v=L6CKRp-VRBY","localizado; visionado pendiente"
"unisport","DEBATE SOBRE EL MEJOR FÚTBOL DE 2017 | Unisport Uncut Ep. 32","https://www.youtube.com/watch?v=SvIcqPanWX8","localizado; visionado pendiente"
"unisport","¿MEJOR QUE LA MEJOR BOTA DE 2015? Prueba de juego de Visaro 2","https://www.youtube.com/watch?v=PJnX4yreEIs","localizado; visionado pendiente"
"unisport","NUEVAS BOTAS ADIDAS DE LA CHAMPIONS LEAGUE | Dragon Pack","https://www.youtube.com/watch?v=JZ0lR93a7s8","localizado; visionado pendiente"
"unisport","¿LA BOTA DE CUERO NIKE DEFINITIVA? Nike Hypervenom 3 Tech Craft","https://www.youtube.com/watch?v=SVVXfhQ5_y4","localizado; visionado pendiente"
"unisport","FAVORITE FOOTBALL BOOT OF ALL TIME?? | Unisport Q&A #5","https://www.youtube.com/watch?v=r1W5HXFDf_Y","localizado; visionado pendiente"
"unisport","¡FIFA 17 extremo vs DESAFÍO DE LA VIDA REAL con Benteke!","https://www.youtube.com/watch?v=ehH_dUpKKMU","localizado; visionado pendiente"
"unisport","LAS 5 MEJORES BOTAS NIKE DE LA HISTORIA","https://www.youtube.com/watch?v=d3XyqDP47MU","localizado; visionado pendiente"
"unisport","Mesut Özil: ""Tengo un gran respeto por los freestylers"" | adidas Blue Blast","https://www.youtube.com/watch?v=Rp8eMIzSrBE","localizado; visionado pendiente"
"unisport","¿El mejor Hypervenom de la historia? Hypervenom 3 vs. Hypervenom 1","https://www.youtube.com/watch?v=7IclZ-Zde2s","localizado; visionado pendiente"
"unisport","EXPLICACIÓN DE HYPERVENOM 3 DE CORTE ALTO O BAJO","https://www.youtube.com/watch?v=qdqKjbIBI6Y","localizado; visionado pendiente"
"unisport","NUEVAS ADIDAS Y NIKE COLOR BONANZA | Unisports Ep sin cortes. 31","https://www.youtube.com/watch?v=MBVUgKX5nfw","localizado; visionado pendiente"
"unisport","PLAY TEST: NIKE RADIATION FLARE PACK","https://www.youtube.com/watch?v=Gjt3_C9p0E8","localizado; visionado pendiente"
"unisport","El CORTAUÑAS | Aprende a practicar freestyle con PWG #14","https://www.youtube.com/watch?v=U_T0X92_Pxw","localizado; visionado pendiente"
"unisport","NIKE HYPERVENOM 3 - Esto es lo que pasó en el evento de lanzamiento","https://www.youtube.com/watch?v=qSHHOqBZJJY","localizado; visionado pendiente"
"unisport","LAS 5 MEJORES BOTAS DE CÚSPIDE ALTA","https://www.youtube.com/watch?v=0d8kJc3pyPk","localizado; visionado pendiente"
"unisport","YOUTUBERS REACT TO NIKE HYPERVENOM 3 feat. Freekickerz, Delantero09 & Fifalosophy","https://www.youtube.com/watch?v=sv8_7RGCHkE","localizado; visionado pendiente"
"unisport","CÓMO JUGAR COMO PEDRO | Pedro habla sobre el entrenamiento","https://www.youtube.com/watch?v=6W-HmLTOtt8","localizado; visionado pendiente"
"unisport","Christian Benteke, what are your favorite exercises? | Interview with Benteke","https://www.youtube.com/watch?v=MYdEMsNGdN0","localizado; visionado pendiente"
"unisport","Análisis de las Nike Hypervenom 3","https://www.youtube.com/watch?v=wYc_82fQplk","localizado; visionado pendiente"
"unisport","Olivier Giroud's new favourite boot - unboxing the new PUMA evoPOWER Vigor","https://www.youtube.com/watch?v=y9aIrMZ0XWM","localizado; visionado pendiente"
"unisport","Charla técnica sobre Nike Hypervenom 3 vs Hypervenom 2: ¡el nuevo Flyknit Hypervenom Phantom 3!","https://www.youtube.com/watch?v=hP_h0ixTDBo","localizado; visionado pendiente"
"unisport","Charla técnica sobre el nuevo PUMA evoPOWER Vigor 1: gran novedad e impresionante actualización d...","https://www.youtube.com/watch?v=ldQBTTk3Dj4","localizado; visionado pendiente"
"unisport","WHICH PRO FOOTBALLER HAS THE BEST BANTER?! Unisport Q&A #4","https://www.youtube.com/watch?v=NCCuVsu6fW0","localizado; visionado pendiente"
"unisport","ACE17+ vs Magista Obra 2: ¿Cuál es el mejor? | Batalla de botas Nike Magista vs Adidas Purecontrol","https://www.youtube.com/watch?v=RBk5dlYc_6Y","localizado; visionado pendiente"
"unisport","Nike Magista Obra II training event with FC Barcelona players Sergi Roberto and Samuel Umtiti","https://www.youtube.com/watch?v=Itk0a-A6Ojs","localizado; visionado pendiente"
"unisport","Unisport Uncut Episode 30 | adidas ACE17+ Purecontrol & PUMA evoPOWER Vigor 1","https://www.youtube.com/watch?v=M5U7TV3912s","localizado; visionado pendiente"
"unisport","Las 5 MEJORES botas adidas de 2017 | con Purecontrol, Purechaos, Copa 17.1 y X16","https://www.youtube.com/watch?v=25j3MdXdWwA","localizado; visionado pendiente"
"unisport","adidas ACE 17+ PureControl Boost Play Test - Unisport feat. vvbasvv | Worn by Pogba & Özil","https://www.youtube.com/watch?v=I1oGx1r9h0g","localizado; visionado pendiente"
"unisport","adidas ACE 17+ Purecontrol WITH NEW COLLAR | Laceless Checkered Black Pro version","https://www.youtube.com/watch?v=GOysJJG8KpA","localizado; visionado pendiente"
"unisport","Welcome to Unisport WebTV - Subscribe now! #unisportlife","https://www.youtube.com/watch?v=QYyOeymCnWw","localizado; visionado pendiente"
"unisport","adidas GLITCH Tech Talk: construye tu propia bota de fútbol y cómo ponértela adidas GLITCH","https://www.youtube.com/watch?v=T-HLmDCxmqo","localizado; visionado pendiente"
"unisport","Christmas giveaway & Top 3 moments of 2016 - Episode 24 | Christmas in Unisport 2016","https://www.youtube.com/watch?v=6KSn1T8k1Mo","localizado; visionado pendiente"
"unisport","Chili challenge with boot & football review - Episode 23 | Christmas in Unisport 2016","https://www.youtube.com/watch?v=uo0vPzK2e10","localizado; visionado pendiente"
"unisport","Los tiros libres más brutales y las mejores jugadas de 2016 - Episodio 22 | Navidad en Unisport 2...","https://www.youtube.com/watch?v=Goz4g5qgsw0","localizado; visionado pendiente"
"unisport","Las 5 mejores camisetas del año - Episodio 21 | Navidad en Unisport 2016","https://www.youtube.com/watch?v=UCE0-k3nFpg","localizado; visionado pendiente"
"unisport","Insane try not to laugh challenge - Episode 20 | Christmas in Unisport 2016 - Epic funny challenges","https://www.youtube.com/watch?v=ddfab8OlxYA","localizado; visionado pendiente"
"unisport","FIFA 17: Finland vs Denmark - Episode 19 | Christmas in Unisport 2016","https://www.youtube.com/watch?v=y90uNzlQLcI","localizado; visionado pendiente"
"unisport","Las mayores innovaciones en botas de fútbol - Episodio 18 | Navidad en Unisport 2016: historia de...","https://www.youtube.com/watch?v=5Von8t7VpeU","localizado; visionado pendiente"
"unisport","Las 5 mejores botas Joltter de 2016 - Episodio 17 | Navidad en Unisport 2016 con Nike Magista Opu...","https://www.youtube.com/watch?v=HetfjPCb-Uo","localizado; visionado pendiente"
"unisport","Team of the year 2016 - Episode 16 | Christmas in Unisport 2016: best players of the year","https://www.youtube.com/watch?v=zKYXAbrWTvk","localizado; visionado pendiente"
"unisport","Desafío de volea y remate con Nike Anti-Clog - Episodio 15 | Navidad en Unisport 2016","https://www.youtube.com/watch?v=VzHoRiheXFs","localizado; visionado pendiente"
"unisport","FIFA 17 Chelsea vs Manchester United - Episode 14 | Christmas in Unisport 2016; Pogba vs Hazard","https://www.youtube.com/watch?v=AdfLevW8trw","localizado; visionado pendiente"
"unisport","Cómo elegir zapatillas de interior - Episodio 13 | Navidad en Unisport 2016 con adidas Tango","https://www.youtube.com/watch?v=oG956TdmjJk","localizado; visionado pendiente"
"unisport","Los 5 mejores trucos de fútbol freestyle del año - Episodio 12 | Navidad en Unisport 2016 con PWG","https://www.youtube.com/watch?v=Z3hiIc8v04w","localizado; visionado pendiente"
"unisport","TicTacToe Challenge - Episode 11| Christmas in Unisport with Nike FootballX","https://www.youtube.com/watch?v=PHDKerUEMwM","localizado; visionado pendiente"
"unisport","Top 5 Boots 2016 JayMike - Episode 10 | Christmas in Unisport 2016 w/Nike Mercurial Vapor 11","https://www.youtube.com/watch?v=cLDW-Qu18wQ","localizado; visionado pendiente"
"unisport","Q&A #3: adidas Glitch - Episode 9 | Christmas in Unisport 2016","https://www.youtube.com/watch?v=ff19-jxahd4","localizado; visionado pendiente"
"unisport","Call out penalties with Champions League GK - Episode 8 | Christmas in Unisport 2016 w/Anti Clog","https://www.youtube.com/watch?v=PLzZ22UD5oU","localizado; visionado pendiente"
"unisport","FIFA 17 Dortmund vs Real Madrid - Episode 7 | Christmas in Unisport 2016","https://www.youtube.com/watch?v=Zjm8I9608sw","localizado; visionado pendiente"
"unisport","How to customise football boots - Episode 6 | Christmas in Unisport 2016 w/ACE17 1 Leather","https://www.youtube.com/watch?v=vfeMDquhDqk","localizado; visionado pendiente"
"unisport","ACE17+ con Mesut Özil - Entrevista de Unisport sobre la sesión de fotos de PureControl en adidas","https://www.youtube.com/watch?v=Uk_3NgeohY0","localizado; visionado pendiente"
"unisport","Build a Kit - Episode 5 | Christmas in Unisport 2016 with Tiempo Legend & evoTOUCH","https://www.youtube.com/watch?v=T36bUi6byMI","localizado; visionado pendiente"
"unisport","Las 5 mejores botas baratas - Episodio 4 | Navidad en Unisport 2016 Las mejores botas de fútbol p...","https://www.youtube.com/watch?v=mw4Hz_8V43M","localizado; visionado pendiente"
"unisport","Messi vs Ronaldo - Episodio 3 | Navidad en Unisport 2016; Calentamiento para el Clásico","https://www.youtube.com/watch?v=-YbrkRzqiiY","localizado; visionado pendiente"
"unisport","Desempaquetado y entrega de Neymar Jr. Mercurial Vapor 11: ¡JayMike conoce a NJR!","https://www.youtube.com/watch?v=YRb431tgFIg","localizado; visionado pendiente"
"unisport","Crossbar & Power Challenge - Episode 2 | Christmas in Unisport 2016 w/ACE16+ & ACE17+","https://www.youtube.com/watch?v=cQx0MQ-5z8U","localizado; visionado pendiente"
"unisport","CHRISTMAS IS BACK - Episode 1 | Christmas In Unisport 2016 with Tech Craft 2.0","https://www.youtube.com/watch?v=iH6NZZA8JFg","localizado; visionado pendiente"
"unisport","Rio Ferdinand sobre Cristiano Ronaldo: ""¡Está compitiendo consigo mismo!"" | Evento CR7 Superfly e...","https://www.youtube.com/watch?v=wV0Fl0ZN7Vg","localizado; visionado pendiente"
"unisport","BEST LIMITED EDITION BOOTS?! Unisport Q&A #2","https://www.youtube.com/watch?v=Kw9Kj1uiItI","localizado; visionado pendiente"
"unisport","adidas ACE17.1 & 17.1 Leather Tech Talk","https://www.youtube.com/watch?v=G_LfQOgx0vQ","localizado; visionado pendiente"
"unisport","Prueba de juego y primera impresión de las adidas ACE17+ Purecontrol Control sin cordones","https://www.youtube.com/watch?v=czjfAkJEPtU","localizado; visionado pendiente"
"unisport","adidas ACE 17+ Purecontrol Tech Talk: con plantilla Boost usada por Paul Pogba","https://www.youtube.com/watch?v=OXoJwBbDu70","localizado; visionado pendiente"
"unisport","Unisport Sin Cortes Episodio 29 | Nike Tech Craft 2.0, CR7 y Copa 17.1","https://www.youtube.com/watch?v=p7MT2uY0Xq4","localizado; visionado pendiente"
"unisport","La Vuelta  Al Mundo Lemmens (LVML) | Aprende cómo hacer freestyle con PWG #13","https://www.youtube.com/watch?v=CE60-e-g17o","localizado; visionado pendiente"
"unisport","adidas Copa 17.1 Tech Talk | Una actualización moderna del Copa Mundial","https://www.youtube.com/watch?v=jhAXl-0rBJk","localizado; visionado pendiente"
"unisport","Entrevista en inglés de Cristiano Ronaldo acerca de sus nuevos zapatos Mercurial Superfly CR7","https://www.youtube.com/watch?v=CR6AwEqh4Xs","localizado; visionado pendiente"
"unisport","Cristiano Ronaldo sobre los tiros libres: ""Hay que nacer con eso""","https://www.youtube.com/watch?v=8m1oja94ooY","localizado; visionado pendiente"
"unisport","Cristiano Ronaldo sobre sus nuevas botas CR7: ""Muy orgulloso"" | Nike Mercurial Superfly 5 CR7 Cap...","https://www.youtube.com/watch?v=9taptyCibKE","localizado; visionado pendiente"
"unisport","Prueba de juego de las Nike Mercurial Superfly 5 CR7 con Cristiano Ronaldo. Capítulo 3: Descubrim...","https://www.youtube.com/watch?v=Wm_vehySm5M","localizado; visionado pendiente"
"unisport","Nike vs. adidas vs. PUMA: La batalla de los cuellos de los calcetines. Charla técnica | Purecontr...","https://www.youtube.com/watch?v=lWhkcDbAgA4","localizado; visionado pendiente"
"unisport","Tutorial LVM Homie de Touzani - Aprende freestyle con Unisport y PWG #12","https://www.youtube.com/watch?v=Hnj82JP2oHM","localizado; visionado pendiente"
"unisport","NIKE SUPERFLY 5 vs MAGISTA OBRA 2?! Unisport Q&A #1","https://www.youtube.com/watch?v=U-XipYgWxwA","localizado; visionado pendiente"
"unisport","Cómo conseguir el mejor ajuste en tus botas de fútbol | Truco de agua caliente para evitar ampoll...","https://www.youtube.com/watch?v=ljgXHEvxk7M","localizado; visionado pendiente"
"unisport","Desafío del travesaño: CHRISTIAN ERIKSEN vs JOLTTER - ¡Jugador de fútbol Unisport VS Pro!","https://www.youtube.com/watch?v=PsbZ-iEaUJU","localizado; visionado pendiente"
"unisport","Unisport Training #9 Defend like Jérôme Boateng I Clear to the Moon","https://www.youtube.com/watch?v=VRsX8dH43d8","localizado; visionado pendiente"
"unisport","Unisport Training #8 Defend like Jérôme Boateng I Body Check","https://www.youtube.com/watch?v=FiJm8uBLFEk","localizado; visionado pendiente"
"unisport","Unisport Training #7 Defend like Jérôme Boateng I The Boateng Box","https://www.youtube.com/watch?v=hhfoTMzABaM","localizado; visionado pendiente"
"unisport","Tutorial de la VAM de Abbas - Aprende cómo hacer freestyle con Unisport, y PWG","https://www.youtube.com/watch?v=JDNmJcQ9joY","localizado; visionado pendiente"
"unisport","adidas Messi16+ Pureagility Space Dust Unisport: Prueba de juego y primera impresión - NUEVAS BOT...","https://www.youtube.com/watch?v=QyvuWfwlv5Q","localizado; visionado pendiente"
"unisport","Jan Vertonghen talks Nike Floodlight Pack, Magista & header tips with Joltter","https://www.youtube.com/watch?v=XWdzsJw4ix0","localizado; visionado pendiente"
"unisport","Análisis de las adidas X16+ PureChaos por Unisport | El pack estrella de Bale, Benzema y Suárez","https://www.youtube.com/watch?v=Qr0s9NsLWiI","localizado; visionado pendiente"
"unisport","Unisport Uncut Episodio 28 | ¡¿ADIÓS A LUCA?! | adidas Stellar Pack, Nike Floodlight Pack y más","https://www.youtube.com/watch?v=khPWoHDqzjM","localizado; visionado pendiente"
"unisport","Unisport Training #5 Become a Monster in the Box like Robert Lewandowski I The Lewandoski Run","https://www.youtube.com/watch?v=g9awgJm3zF0","localizado; visionado pendiente"
"unisport","Unisport Training #6 Become a Monster in the Box like Lewandowski I Lewandowski Box","https://www.youtube.com/watch?v=lSudi3lUcL0","localizado; visionado pendiente"
"unisport","Entrenamiento Unisport n.º 4: Conviértete en un monstruo en el área como Robert Lewandowski - Bou...","https://www.youtube.com/watch?v=cng9MZWbcUU","localizado; visionado pendiente"
"unisport","Christian Eriksen: Esta es mi historia - Tutorial de tiros libres con el genio danés","https://www.youtube.com/watch?v=XLpyHOBLmVo","localizado; visionado pendiente"
"unisport","Reseña destacada de Under Amour por Unisport | ¿Una bota de velocidad atrevida y ajena a todo?","https://www.youtube.com/watch?v=alwpoTc-nwU","localizado; visionado pendiente"
"unisport","Episodio 27 de Unisport Uncut con Joltter y JayMike | adidas Viper Pack y Nike Anti Clog","https://www.youtube.com/watch?v=q_y0LVl_EDk","localizado; visionado pendiente"
"unisport","Reseña de Nike Mercurial Vapor 11 por Unisport | ¿La mejor bota de velocidad del mercado?","https://www.youtube.com/watch?v=6h_i_n3F2Xw","localizado; visionado pendiente"
"unisport","Are you our new WebTV host? | Join the Unisport team with JayMike, Joltter, PWG and Luca","https://www.youtube.com/watch?v=uu0RuBtzbKs","localizado; visionado pendiente"
"unisport","adidas 99g giveaway & 250k Unisport subscriber celebration","https://www.youtube.com/watch?v=HrervPUfc4s","localizado; visionado pendiente"
"unisport","Entrenamiento Unisport #3 - Aprende a dominar el espacio como Andrés Iniesta - El Box de Iniesta","https://www.youtube.com/watch?v=WEtwxmUuqrE","localizado; visionado pendiente"
"unisport","Entrenamiento Unisport #2 - Aprende a dominar el espacio como Andrés Iniesta - El Árbol de Navidad","https://www.youtube.com/watch?v=SlkCrM8ZjpQ","localizado; visionado pendiente"
"unisport","Entrenamiento Unisport #1 - Aprende a dominar el espacio como Andrés Iniesta - Control Extremo","https://www.youtube.com/watch?v=3LL3dOw2f-8","localizado; visionado pendiente"
"unisport","Charla técnica de Nike Anti Clog con Unisport | Magista 2, Hypervenom 2 y Tiempo 6 con tecnología...","https://www.youtube.com/watch?v=7Q0OwBj7UVc","localizado; visionado pendiente"
"unisport","Ultimate First Touch and Control Challenge - PWG vs. Luca","https://www.youtube.com/watch?v=oTStVKiFmu8","localizado; visionado pendiente"
"unisport","Nike Elite Pack Challenge -  Nike Mercurial, Magista, Hypervenom & Tiempo Play Test","https://www.youtube.com/watch?v=J6MnXqcVa98","localizado; visionado pendiente"
"unisport","Best speed boot guide 2016 by Unisport | Which speed boot should you choose?","https://www.youtube.com/watch?v=R3BkNmH_MGk","localizado; visionado pendiente"
"unisport","Desafío del larguero con Kevin De Bruyne + Prueba de Magista Obra 2 en el Manchester City","https://www.youtube.com/watch?v=0ctS2u1FcUo","localizado; visionado pendiente"
"unisport","Unisport Uncut Episode 26 - adidas Dark Space and Nike Elite Pack w/JayMike and Joltter","https://www.youtube.com/watch?v=l9QA09SOe_c","localizado; visionado pendiente"
"unisport","adidas PureControl AND PureChaos 16+ Laceless ""Dark Space"" Play Test","https://www.youtube.com/watch?v=etGG_4jmHx0","localizado; visionado pendiente"
"unisport","REVISIÓN DE NIKE MAGISTA OBRA 2: ¿mejor que la Obra 1? | Unideporte en el Weserstadion","https://www.youtube.com/watch?v=X0fuLNrOsxQ","localizado; visionado pendiente"
"unisport","Desafío de la chilena de Zlatan Ibrahimovic I PWG vs. Luca","https://www.youtube.com/watch?v=HZU9_Omli4k","localizado; visionado pendiente"
"unisport","Unisport Sin Cortes Episodio 25 | Nike Magista Obra 2, adidas Speed ​​of Light y Puma EVOtouch","https://www.youtube.com/watch?v=Hn4cunCJIJI","localizado; visionado pendiente"
"unisport","Entrevista al diseñador de Nike Magista Obra 2 con Max Blau y Phil Woodman","https://www.youtube.com/watch?v=UK5zf31IWRg","localizado; visionado pendiente"
"unisport","Nike Mercurial Superfly V AG Tech Talk de Unisport: ¿por qué utilizar botas de fútbol AG?","https://www.youtube.com/watch?v=8q96m_fJhsk","localizado; visionado pendiente"
"unisport","Nike Magista Obra 2 Play Test | Usado por Iniesta, Götze y De Bruyne","https://www.youtube.com/watch?v=FDUXc91SZvg","localizado; visionado pendiente"
"unisport","Kasper Dolberg EPIC play test at Amsterdam Arena with PureControl, PureChaos and PureAgility","https://www.youtube.com/watch?v=ePp__0RToo0","localizado; visionado pendiente"
"unisport","Charla técnica sobre Nike Magista Obra 2 | Nuevas innovaciones y cambios con respecto al primer M...","https://www.youtube.com/watch?v=XnkA6KDmsoo","localizado; visionado pendiente"
"unisport","Portugal & CR7 are the CHAMPIONS of Europe - EURO 2016 with Unisport #32","https://www.youtube.com/watch?v=x9e50VUPKaI","localizado; visionado pendiente"
"unisport","Funny EURO16 Final quiz w/Joltter, Luca and JayMike - EURO2016 with Unisport #31","https://www.youtube.com/watch?v=Ie9CujFugV4","localizado; visionado pendiente"
"unisport","Prueba de juego y primera impresión de PUMA evoTOUCH: la nueva bota de Cesc Fábregas","https://www.youtube.com/watch?v=FVJ9FYCCQoQ","localizado; visionado pendiente"
"unisport","Top 5 Best goals - who scored the sickest goal? EURO 2016 with Unisport #30","https://www.youtube.com/watch?v=qUmjYaQq040","localizado; visionado pendiente"
"unisport","Griezmann destroys Germanys Dreams + Street Football/Freestyle in Marseille - EUROs with Unisport 29","https://www.youtube.com/watch?v=YPS4nx0tnMM","localizado; visionado pendiente"
"unisport","Portugal vs Wales 2-0: Live reactions from fan zone - EURO 2016 with Unisport #28","https://www.youtube.com/watch?v=xQ4nm30wICo","localizado; visionado pendiente"
"unisport","TOP 5 de momentos WTF: ¡los episodios más locos y alucinantes! | EURO 2016 con Unisport #27","https://www.youtube.com/watch?v=Fu9RmNwStpM","localizado; visionado pendiente"
"unisport","FootStyle X Unisport - Can they FREESTYLE with FRENCH FOOD?! EURO 2016 with Unisport #26","https://www.youtube.com/watch?v=IGaSGGmozxg","localizado; visionado pendiente"
"unisport","Unisport Tour de France & Top 5 fan football songs - EURO 2016 with Unisport #25","https://www.youtube.com/watch?v=t1a6MpGge_g","localizado; visionado pendiente"
"unisport","A day in the Unisportlife - Insane Penalty Shootout in Germany v Italy - EURO with Unisport #24","https://www.youtube.com/watch?v=0K8ehsA5lOA","localizado; visionado pendiente"
"unisport","Top 5 Best Players - EURO 2016 with Unisport #23","https://www.youtube.com/watch?v=9hOJGuKPs7A","localizado; visionado pendiente"
"unisport","Portugal & CR7 send Poland & Lewandowski home - EURO 2016 with Unisport #22","https://www.youtube.com/watch?v=shzDx_5SxaQ","localizado; visionado pendiente"
"unisport","Top 5 Boots & Nike Pitch Dark Pack - EURO 2016 with Unisport #21","https://www.youtube.com/watch?v=oEZtU-WqaVw","localizado; visionado pendiente"
"unisport","Desafío de toque con Joltter, JayMike y Luca en Niza - EURO 2016 con Unisport #20","https://www.youtube.com/watch?v=B3GJi_WSKKs","localizado; visionado pendiente"
"unisport","ISLANDIA manda a INGLATERRA a casa: Reacciones en directo - EURO 2016 con Unisport #19","https://www.youtube.com/watch?v=5_V55b3RyAM","localizado; visionado pendiente"
"unisport","I went to see Germany 🇩🇪  vs. 🇸🇰 Slovakia! 😱 - EURO with Unisport #18","https://www.youtube.com/watch?v=oHH1RlPBnKE","localizado; visionado pendiente"
"unisport","Joltter y Luca reciben a JayMike en Francia - EURO 2016 con Unisport #17","https://www.youtube.com/watch?v=jqHRR79oR1A","localizado; visionado pendiente"
"unisport","Las 5 mejores combinaciones de botas y equipaciones y resumen de la fase de grupos - Eurocopa con...","https://www.youtube.com/watch?v=1BNqfjtz2r4","localizado; visionado pendiente"
"unisport","Mahrez and Figo talk street football at the Nike FootballX world final - Euros with Unisport #15","https://www.youtube.com/watch?v=5kJkQBfrfqA","localizado; visionado pendiente"
"unisport","#UNISPORTLIFE COLLECTION - THIS IS FOOTBALL","https://www.youtube.com/watch?v=jsSjUCnkE6E","localizado; visionado pendiente"
"unisport","Joltter mira el ÚLTIMO PARTIDO de ZLATAN: Suecia vs Bélgica - EURO 2016 con Unisport #14","https://www.youtube.com/watch?v=3w93Pqp0PvY","localizado; visionado pendiente"
"unisport","Crazy fans at Northern Ireland v Germany and Fracas ball launch - EUROs with Unisport #13","https://www.youtube.com/watch?v=xyEJMnPjgOc","localizado; visionado pendiente"
"unisport","WebTV Cribs: Joltter shows you the Unisport car - EURO 2016 with Unisport #12","https://www.youtube.com/watch?v=7DQ_ktHLbpk","localizado; visionado pendiente"
"unisport","Presentación del balón adidas Fracas - EURO2016 con Unisport #11","https://www.youtube.com/watch?v=bFucnZ3XnV8","localizado; visionado pendiente"
"unisport","FIFA16 EURO final prediction w/FifaRalle & adidas Fracas ball - EURO 2016 with Unisport #11","https://www.youtube.com/watch?v=uunF4PokNWI","localizado; visionado pendiente"
"unisport","Joltter vive la experiencia ITALIA vs SUECIA con sus fans - EURO 2016 con Unisport #10","https://www.youtube.com/watch?v=1HAvUcCOWcY","localizado; visionado pendiente"
"unisport","adidas X16+ PureChaos vs Messi16+ PureAgility | Comparación Unideporte","https://www.youtube.com/watch?v=sTXwIcHT4XQ","localizado; visionado pendiente"
"unisport","Top 5 craziest hairstyles & adidas Paris Pack - EURO 2016 with Unisport #9","https://www.youtube.com/watch?v=xw2Q4z_-Wf0","localizado; visionado pendiente"
"unisport","Prueba de juego del paquete adidas X16+ PureChaos Paris - EURO con Unisport #8","https://www.youtube.com/watch?v=EVDWyyigThk","localizado; visionado pendiente"
"unisport","Aaron Ramsey Speed Quiz   Wales v England EUROs with Unisport #7","https://www.youtube.com/watch?v=wNdCjZ-9Nvs","localizado; visionado pendiente"
"unisport","Ambiente increíble en el partido Austria vs Hungría - EURO 2016 con Unisport #6","https://www.youtube.com/watch?v=R2F539KQk3I","localizado; visionado pendiente"
"unisport","Top 5 best looking shirts - EURO 2016 with Unisport Episode #5","https://www.youtube.com/watch?v=dGj8jQWDqZs","localizado; visionado pendiente"
"unisport","F2, Freekickerz and Unisport watch Germany vs Ukraine - EURO 2016 with Unisport Episode #4","https://www.youtube.com/watch?v=vzTUIqyFD3s","localizado; visionado pendiente"
"unisport","Prueba de juego de las Nike Mercurial Superfly V y Francia vs. Rumanía - EURO 2016 con Unisport #2","https://www.youtube.com/watch?v=PFFJ47W4Isw","localizado; visionado pendiente"
"unisport","Desafío épico de penaltis lentos con Joltter, JayMike, Luca y PWG - EURO 2016 con Unisport Episod...","https://www.youtube.com/watch?v=uiqIM3vcK0o","localizado; visionado pendiente"
"unisport","Evento Nike Mercurial Superfly V con R9, Ronaldinho y otras leyendas | Ciencia de la Velocidad en...","https://www.youtube.com/watch?v=LROccyAEjNk","localizado; visionado pendiente"
"unisport","EURO 2016 with Unisport Trailer - SUBSCRIBE to see all the football action from France","https://www.youtube.com/watch?v=qdDAzrm2V3w","localizado; visionado pendiente"
"unisport","Nike Mercurial Superfly V POV First Look & Play Test","https://www.youtube.com/watch?v=hExs4pHh5Sw","localizado; visionado pendiente"
"unisport","adidas X16+ PureChaos Mercury Pack Play Test","https://www.youtube.com/watch?v=zEu1Aey1sNk","localizado; visionado pendiente"
"unisport","Entrevista a Pepe sobre su nueva bota Umbro Speciali Eternal","https://www.youtube.com/watch?v=WQC9KF0BiFk","localizado; visionado pendiente"
"unisport","Unisport Uncut - Episodio 24 | Nike Spark Brilliance y adidas Mercury Pack","https://www.youtube.com/watch?v=b6JhT_NgrMo","localizado; visionado pendiente"
"unisport","adidas X16+ PURECHAOS Tech Talk by Unisport | worn by Gareth Bale at EURO2016","https://www.youtube.com/watch?v=u71myMHYdUM","localizado; visionado pendiente"
"unisport","Análisis de las Nike Mercurial Superfly 5 en San Siro | Tal como las usó Cristiano Ronaldo - Prue...","https://www.youtube.com/watch?v=50fYPBorhvQ","localizado; visionado pendiente"
"unisport","New Balance FURON 2.0 Launch and First Impression at Liverpool Training Ground","https://www.youtube.com/watch?v=goPEHV24jZM","localizado; visionado pendiente"
"unisport","Nike What The Mercurial Superfly IV Tech Talk | 18 años de velocidad, todo en una bota","https://www.youtube.com/watch?v=zJUMNSBtsS8","localizado; visionado pendiente"
"unisport","Nike Mercurial Superfly V interview with Max Blau | the VP of Nike Football talks to Unisport","https://www.youtube.com/watch?v=BE6CWMX7jZw","localizado; visionado pendiente"
"unisport","Thierry Henry: This is my story - Joltter meets the Arsenal legend","https://www.youtube.com/watch?v=wRom-voEw8I","localizado; visionado pendiente"
"unisport","Puma Tricks Launch Event with evoSPEED and evoPOWER | Unisport VLOG London","https://www.youtube.com/watch?v=AxoLZg0D4zs","localizado; visionado pendiente"
"unisport","Análisis de la PUMA evoSPEED SL II | La bota de producción en serie más ligera que usó Griezmann ...","https://www.youtube.com/watch?v=x1ZZoJ_l-A8","localizado; visionado pendiente"
"unisport","Foot Tennis in Copenhagen w/ fifaralle | Unisport Beyond The Pitch Ep. 2 - FCK vs Brøndby","https://www.youtube.com/watch?v=7Z1osCjuxmM","localizado; visionado pendiente"
"unisport","adidas copa sl tech talk | Una Copa Mundial ligera y moderna","https://www.youtube.com/watch?v=7XAMKh-yfrA","localizado; visionado pendiente"
"unisport","Entrevista de Unisport a Lukaku, Nainggolan y Carrasco sobre la Eurocopa 2016 y las botas de fútbol","https://www.youtube.com/watch?v=fnd6Ngv0phI","localizado; visionado pendiente"
"unisport","Prueba de juego de la mochila Nike Camo | Unisport","https://www.youtube.com/watch?v=eQ73hiwmwbA","localizado; visionado pendiente"
"unisport","Unisport Uncut Episode 23 | Nike Camo boots, adidas X 15+ SL as worn by Vardy and Suarez","https://www.youtube.com/watch?v=Jo7KCror52E","localizado; visionado pendiente"
"unisport","Tutorial de Combo Freestyle - Aprende còmo hacer Frestyle con Unisport, y PWG #10","https://www.youtube.com/watch?v=bK-MXwlKhlA","localizado; visionado pendiente"
"unisport","VLOG Nike Event Paris: Luca viaja a París y habla con Jay Jay Okocha","https://www.youtube.com/watch?v=GPfhCcOiFFI","localizado; visionado pendiente"
"unisport","adidas ACE16+ PureControl and X15.1 Play Test | Epic freestyle, freekicks and tricks","https://www.youtube.com/watch?v=kF_SOLkGSWc","localizado; visionado pendiente"
"unisport","Charla técnica de las Nike Mercurial Superfly V | Las innovadoras botas de CR7 para la Eurocopa 2016","https://www.youtube.com/watch?v=AyIEp3IPDtY","localizado; visionado pendiente"
"unisport","Prueba de juego Nike Mercurial Superfly CR7 Natural Diamond","https://www.youtube.com/watch?v=PlevAVAbots","localizado; visionado pendiente"
"unisport","Nike Mercurial Superfly V: First look I Worn by Cristiano Ronaldo","https://www.youtube.com/watch?v=rVrLLNhTFm4","localizado; visionado pendiente"
"unisport","Unisport Uncut Episodio 22 | Pack Nike Academy y Pack adidas Fluid and Etch","https://www.youtube.com/watch?v=U2Uqz2QBgns","localizado; visionado pendiente"
"unisport","Reseña de Puma evoPOWER 1.3 | ¿Puede una bota ofrecerte un golpe más duro?","https://www.youtube.com/watch?v=dSC7WdO2nTY","localizado; visionado pendiente"
"unisport","Nutmegs in London w/Footballskills98 | Beyond the pitch ep 1 Spurs v Arsenal","https://www.youtube.com/watch?v=fzBqDft9NMI","localizado; visionado pendiente"
"unisport","Unisport Uncut Episodio 21 - Nike Tech Craft y CR7 Quinhentos","https://www.youtube.com/watch?v=2cI6yjirM60","localizado; visionado pendiente"
"unisport","Reseña de adidas ACE 16.1 Primeknit | ¿Mejor que el PureControl?","https://www.youtube.com/watch?v=kIy50Zo9Zac","localizado; visionado pendiente"
"unisport","La vida cotidiana de un jugador de la Nike Academy","https://www.youtube.com/watch?v=d9iAZA7c6-M","localizado; visionado pendiente"
"unisport","Unboxing: Nike Mercurial Superfly CR7 Quinhentos","https://www.youtube.com/watch?v=BuHGxuZo-zg","localizado; visionado pendiente"
"unisport","Nike Mercurial Superfly IV CR7 Quinhentos prueba de juego","https://www.youtube.com/watch?v=Rz5EUNc0cgg","localizado; visionado pendiente"
"unisport","Interview with Robert Pires - Joltter chats with the Arsenal legend","https://www.youtube.com/watch?v=UjN91112yXY","localizado; visionado pendiente"
"unisport","Cuestionario rápido con Giroud, Cazorla y Bellerin en el verstidor.","https://www.youtube.com/watch?v=Hu929PWxkSA","localizado; visionado pendiente"
"unisport","Tutorial de Rebote en los dedos - Aprende cómo hacer Freestyle, con PWG #9","https://www.youtube.com/watch?v=pQKeFu6QwzY","localizado; visionado pendiente"
"unisport","Unboxing: Umbro Medusae by Unisport | Joltter and JayMike do magic","https://www.youtube.com/watch?v=VLl3rMQNMn4","localizado; visionado pendiente"
"unisport","Nike Magista Obra BHM Unboxing and Play Test | Black History Month","https://www.youtube.com/watch?v=SP5XGNeT-bA","localizado; visionado pendiente"
"unisport","Cómo se crearon las adidas ACE 16+ PureControl | Entrevista y visita a la sede de adidas","https://www.youtube.com/watch?v=n26-RxsqCZo","localizado; visionado pendiente"
"unisport","Unisport Uncut Ep. 20 - Nike Metal Flash Pack, Magista BHM, PUMA v1.06","https://www.youtube.com/watch?v=hKsXMAghPcY","localizado; visionado pendiente"
"unisport","Nike Magista vs adidas ACE16 Tech Talk | ¿Cuál deberías elegir?","https://www.youtube.com/watch?v=SXeCWhavdmw","localizado; visionado pendiente"
"unisport","Nike Metal Flash Pack unboxing and play test","https://www.youtube.com/watch?v=pBeBkLJQyFc","localizado; visionado pendiente"
"unisport","VLOG de Unisport | Luca habla con Antoine Griezmann sobre las evoSPEED SL","https://www.youtube.com/watch?v=VEP14SX6FpA","localizado; visionado pendiente"
"unisport","Tutorial de La Cachetada - Aprende cómo hacer freestyle con PWG #8","https://www.youtube.com/watch?v=cRyh1Y0j0aU","localizado; visionado pendiente"
"unisport","Interview: Ivan Rakitic talks to Joltter about adidas ACE16+ PureControl & tips for midfielders","https://www.youtube.com/watch?v=q7DHvMYd-eY","localizado; visionado pendiente"
"unisport","Charla técnica: adidas ACE16.1, 16+ Primeknit y 16+ PureControl","https://www.youtube.com/watch?v=5JzTDjOQttg","localizado; visionado pendiente"
"unisport","Nike Hypervenom Phantom II Neymar Jr. Ousadia Alegría | Las nuevas botas de la firma Neymar","https://www.youtube.com/watch?v=OQIZqId2CSk","localizado; visionado pendiente"
"unisport","Entrevista: Mario Balotelli habla con Joltter sobre PUMA evoPOWER 1.3","https://www.youtube.com/watch?v=nNAp0Oj6fGQ","localizado; visionado pendiente"
"unisport","Unisport Uncut: Episodio 19 | adidas ACE16+ PureControl, PUMA evoPOWER 1.3 ¡y mucho más!","https://www.youtube.com/watch?v=qU_Q-Pf_DiA","localizado; visionado pendiente"
"unisport","Análisis de las adidas ACE16+ PureControl | La bota sin cordones que usan Özil, Rakitic y muchos más","https://www.youtube.com/watch?v=1rT844xd4L0","localizado; visionado pendiente"
"unisport","Entrevista al diseñador de PUMA evoPOWER 1.3 con Pascal van Essen","https://www.youtube.com/watch?v=EnUFfGCnixg","localizado; visionado pendiente"
"unisport","PUMA EvoPOWER 1.3 First Impression - Luca visits the Arsenal Training Ground","https://www.youtube.com/watch?v=aBpewUdxZgE","localizado; visionado pendiente"
"unisport","Nike Winner Stays European Finals feat. Romelu Lukaku - Luca goes to Amsterdam","https://www.youtube.com/watch?v=xGQmIsBA-98","localizado; visionado pendiente"
"unisport","Nike Most Wanted 2015 Part 4: All To Play For - Global Showcase 2015","https://www.youtube.com/watch?v=JxuJ-1XR82I","localizado; visionado pendiente"
"unisport","PUMA evoPOWER 1.3 CAMO Tech Talk | All the new tech behind evoPOWER 1.3 worn by Fabregas & Giroud","https://www.youtube.com/watch?v=B_KMtFDt2CI","localizado; visionado pendiente"
"unisport","Happy New Year 2015 - what's up for 2016? | #unisportlife with Joltter, JayMike, PWG and Luca","https://www.youtube.com/watch?v=qM0mywCi_OE","localizado; visionado pendiente"
"unisport","Navidad en Unisport 2015 - 24 de diciembre | Feliz Navidad + presentación de los 'chicos de arriba'","https://www.youtube.com/watch?v=3j1LYWBCTsY","localizado; visionado pendiente"
"unisport","Christmas in Unisport 2015 - 23. December | World Tour BLOOPERS with Joltter","https://www.youtube.com/watch?v=Un95mKCxVjE","localizado; visionado pendiente"
"unisport","Christmas in Unisport 2015 - 22. December | Chili Penalty Challenge","https://www.youtube.com/watch?v=eVAzVsLSG3o","localizado; visionado pendiente"
"unisport","Christmas in Unisport 2015 - 21. December | FIFA16 Trolling Challenge","https://www.youtube.com/watch?v=ftVKgRPoY2I","localizado; visionado pendiente"
"unisport","Christmas in Unisport 2015 - 20. December | Speed Challenge + upside-down dribble course","https://www.youtube.com/watch?v=-3XYsNVAkhU","localizado; visionado pendiente"
"unisport","Christmas in Unisport 2015 - 19. December | Top 3 Bottom Shirts of the year","https://www.youtube.com/watch?v=DTUMkVJc-fk","localizado; visionado pendiente"
"unisport","Christmas in Unisport 2015 - 18. December | World Tour stories with Joltter","https://www.youtube.com/watch?v=jiNgplAROKg","localizado; visionado pendiente"
"unisport","Christmas in Unisport 2015 - 17. December | Freekick compilation","https://www.youtube.com/watch?v=dYNKjqajhWk","localizado; visionado pendiente"
"unisport","Christmas in Unisport 2015 - 16. December | Q&A Time","https://www.youtube.com/watch?v=tzLkyT_N0fk","localizado; visionado pendiente"
"unisport","Nike Tiempo 6 Launch with Jerome Boateng - Joltter tests the new Tiempo 6","https://www.youtube.com/watch?v=c9b4KshShic","localizado; visionado pendiente"
"unisport","Christmas In Unisport 2015 - 15. December | 1212 opening event of #worldsbestfootballstore","https://www.youtube.com/watch?v=UFoouXNjIGI","localizado; visionado pendiente"
"unisport","Navidad en Unisport 2015 - 14 de diciembre | Dribble Slip-n-Slide + ¡Anuncio de preguntas y respu...","https://www.youtube.com/watch?v=fTLQIuPi5lI","localizado; visionado pendiente"
"unisport","Christmas In Unisport 2015 - 13. December | Knuckleball Challenge","https://www.youtube.com/watch?v=uAzwA9U4Fys","localizado; visionado pendiente"
"unisport","Christmas In Unisport 2015 - 12. December | Outtakes and a Luca-like","https://www.youtube.com/watch?v=IowDgmd-flQ","localizado; visionado pendiente"
"unisport","Christmas in Unisport 2015 - 11. December | Insane(!!) Freestyle Tutorial w/PWG","https://www.youtube.com/watch?v=AP9A8KH5bAI","localizado; visionado pendiente"
"unisport","adidas #bethedifference EURO16 away kits & Beau Jeu matchball Event in Paris","https://www.youtube.com/watch?v=r4RJJoi_24s","localizado; visionado pendiente"
"unisport","Navidad en Unisport 2015 - 10 de diciembre | Las 5 mejores camisetas + un invitado sorpresa","https://www.youtube.com/watch?v=ABEWHG77lwQ","localizado; visionado pendiente"
"unisport","adidas Beau Jeu First Impression | The new EURO16 matchball","https://www.youtube.com/watch?v=QOy5snPeBoY","localizado; visionado pendiente"
"unisport","Christmas in Unisport 2015 - 9. December | Epic (and kinda cheesy) Trick Shots","https://www.youtube.com/watch?v=lIde9sB0YS0","localizado; visionado pendiente"
"unisport","Navidad en Unisport 2015 - 8 de diciembre | Desafío de la percha de ropa de FIFA 16","https://www.youtube.com/watch?v=84bLqETTMS4","localizado; visionado pendiente"
"unisport","Christmas in Unisport 2015 - 7. December | Build-A-Kit Challenge","https://www.youtube.com/watch?v=O1Jt9CT6aYU","localizado; visionado pendiente"
"unisport","Christmas in Unisport 2015 - 6. December | Dizzy Dribble Challenge","https://www.youtube.com/watch?v=nujx7Cw9P_E","localizado; visionado pendiente"
"unisport","Christmas in Unisport 2015 - 5. December | Top 5 Boots of the Year","https://www.youtube.com/watch?v=ibCzD1pg1uU","localizado; visionado pendiente"
"unisport","Christmas in Unisport 2015 - 4. December | The WebTV Quiz","https://www.youtube.com/watch?v=eMW7i3j-UVk","localizado; visionado pendiente"
"unisport","Christmas in Unisport 2015 - 3. December | The very first episodes our hosts made...","https://www.youtube.com/watch?v=T18O0iXDRvw","localizado; visionado pendiente"
"unisport","Navidad en Unisport 2015 - 2 de diciembre | Reto del travesaño con fútbol americano","https://www.youtube.com/watch?v=H3Z7tIxmVlQ","localizado; visionado pendiente"
"unisport","Christmas in Unisport 2015 - 1. December | adidas X15 and ACE15 Primeknit and adidas Gloro","https://www.youtube.com/watch?v=wF-2f-xiBI8","localizado; visionado pendiente"
"unisport","Eden Hazard: This is my story - Joltter chats with the Belgian superstar","https://www.youtube.com/watch?v=t9fike9Uhzc","localizado; visionado pendiente"
"unisport","Nike Most Wanted 2015 Part 3: Ready For The Global Showcase","https://www.youtube.com/watch?v=EgZtOrp-IxE","localizado; visionado pendiente"
"unisport","Análisis del Nike Tiempo Legend 6 | ¿Es mejor que el Legend V? Usado por Pirlo, Totti, Boateng y ...","https://www.youtube.com/watch?v=AYlZNqBX7RQ","localizado; visionado pendiente"
"unisport","Nike Most Wanted 2015 Part 2: Chasing The Dream","https://www.youtube.com/watch?v=03MxuGpynC8","localizado; visionado pendiente"
"unisport","Unisport Uncut: Episode 18 | Nike Tech Craft, CR7 and the weight debate","https://www.youtube.com/watch?v=FSblZoE7bGY","localizado; visionado pendiente"
"unisport","Nike Mercurial Superfly IV CR7 Savage Beauty test | New WebTV host Luca","https://www.youtube.com/watch?v=B6m2RLlSBhY","localizado; visionado pendiente"
"unisport","adidas ACE Laceless Tech Talk | A glimpse of the future of adidas with no laces on a boot","https://www.youtube.com/watch?v=qV7uHZLnwHU","localizado; visionado pendiente"
"unisport","Comparativa de Nike FootballX vs. adidas Primeknit Court | Flyknit vs. Primeknit: la locura del f...","https://www.youtube.com/watch?v=rSz-Y0HQkgs","localizado; visionado pendiente"
"unisport","Floating football pitch in Thailand - Joltter plays with Panyee FC in Koh Panyee","https://www.youtube.com/watch?v=YJ46aUOeiVQ","localizado; visionado pendiente"
"unisport","Nike mid-cut Flyknit boots vs low-cut boots | Which is better? - Unisport Tech Talk","https://www.youtube.com/watch?v=4PDKqN-DQdU","localizado; visionado pendiente"
"unisport","Football in Hawaii - Joltter play tests Nike Hypervenom 2 & Hypervenom X","https://www.youtube.com/watch?v=WZNsiq60pc4","localizado; visionado pendiente"
"unisport","Uncut Episode 17 | The Flyknit vs Primeknit debate with the Nike Electro Flare Pack","https://www.youtube.com/watch?v=w1MQqevEExI","localizado; visionado pendiente"
"unisport","adidas X15 & ACE15 Primeknit review | Primeknit innovation historical timeline including Footy Sock","https://www.youtube.com/watch?v=VCwFCxk6C8g","localizado; visionado pendiente"
"unisport","Tutorial del ""Cruzado en Reversa"" - Aprende cómo hacer freestyle con PWG #7","https://www.youtube.com/watch?v=KFM1E2zPZpY","localizado; visionado pendiente"
"unisport","Nike Most Wanted 2015 Parte 1: El viaje comienza","https://www.youtube.com/watch?v=jKxVkZGw9zo","localizado; visionado pendiente"
"unisport","New Balance Visaro Review | Worn by Ramsey, Fellaini and Nasri","https://www.youtube.com/watch?v=jeoVG87lAMo","localizado; visionado pendiente"
"unisport","Football in Los Angeles - Joltter visits LA Galaxy for his first MLS game!","https://www.youtube.com/watch?v=cOtdcaKOGQs","localizado; visionado pendiente"
"unisport","adidas #BETHEDIFFERENCE World Finals in Marseille with SkillTwins, Young, Mexes and more!","https://www.youtube.com/watch?v=wBmbgsjTtMI","localizado; visionado pendiente"
"unisport","adidas X15 and ACE15 FG/AG sole plate Tech Talk - worn by Suarez, Bale and James","https://www.youtube.com/watch?v=ChEb9kvNtzc","localizado; visionado pendiente"
"unisport","Football in New York - Joltter takes over Manhattan","https://www.youtube.com/watch?v=yyF5PVKDzZw","localizado; visionado pendiente"
"unisport","Unisport Uncut: Episode 16 | Nike Tiempo Legend R10 Touch of Gold, adidas X15 and much more","https://www.youtube.com/watch?v=NrUxxbKCzXU","localizado; visionado pendiente"
"unisport","Hypervenom II Phantom vs Phinish | Lightning Storm vs Tech Craft Pack - which model to choose?","https://www.youtube.com/watch?v=QhoSAJPVezM","localizado; visionado pendiente"
"unisport","Amazing Nike Hypervenom II Phantom Tech Craft special Unisport delivery | Aston Martin V8 Vantage","https://www.youtube.com/watch?v=bN53uftFDAo","localizado; visionado pendiente"
"unisport","Football in Miami - Joltter visits a local #unisportlife footballer","https://www.youtube.com/watch?v=kfsj1HebhDY","localizado; visionado pendiente"
"unisport","Brinca al Mundo - Aprende a hacer freestyle , con PWG #6","https://www.youtube.com/watch?v=RcO7_8iAP-w","localizado; visionado pendiente"
"unisport","Análisis de las adidas ACE15.1 | Diseñadas para Xabi Alonso, Rakitic y otros jugadores creativos","https://www.youtube.com/watch?v=d-tMazoFNk4","localizado; visionado pendiente"
"unisport","Hypervenom II, adidas X15.1, Furon & evoSPEED SL | New Summer innovations - which should you choose?","https://www.youtube.com/watch?v=2SJh4Co07EE","localizado; visionado pendiente"
"unisport","Alrededor del mundo - Aprende a hacer freestyle con PWG #5","https://www.youtube.com/watch?v=SKvHI8ohDII","localizado; visionado pendiente"
"unisport","Análisis de las Nike Hypervenom II que creé para Neymar Jr. y todos los atacantes engañosos","https://www.youtube.com/watch?v=W69Vv-Vup9w","localizado; visionado pendiente"
"unisport","UnisportXadidas I #BeTheDifference I Show your skills","https://www.youtube.com/watch?v=Y01YkwsBNR8","localizado; visionado pendiente"
"unisport","Football in Mexico - Will Joltter finally meet Ronaldinho?","https://www.youtube.com/watch?v=2nINHbLtPCg","localizado; visionado pendiente"
"unisport","Unisport Uncut Episode 15: The adidas Football Revolution, PUMA evoSPEED SL and New Balance","https://www.youtube.com/watch?v=aO9htMvu4Ww","localizado; visionado pendiente"
"unisport","Crossbar Challenge con Xabi Alonso: adidas X y ACE prueban en el Bayern de Múnich con Alaba, Alon...","https://www.youtube.com/watch?v=DcMeQ9q5DDE","localizado; visionado pendiente"
"unisport","Prueba de juego y primera impresión de las New Balance Visaro y Furon | Usadas por Ramsey, Januza...","https://www.youtube.com/watch?v=nq9WtqIC9wM","localizado; visionado pendiente"
"unisport","Tech Interview with Pascal van Essen on evoSPEED SL I Worn by Agüero, Reus and many more...","https://www.youtube.com/watch?v=gyGYLyoKW8Q","localizado; visionado pendiente"
"unisport","Prueba de juego y primera impresión de las PUMA evoSPEED SL en el Emirates Stadium","https://www.youtube.com/watch?v=TpIDFNLDbVY","localizado; visionado pendiente"
"unisport","Arsenal home shirt designer interview w/Hector Bellerin and Eduardo Ayala","https://www.youtube.com/watch?v=dGgYIhlayvE","localizado; visionado pendiente"
"unisport","Increíble experiencia Nike en Berlín con Ronaldo R9, Hypervenom X y la final de la Champions Leag...","https://www.youtube.com/watch?v=VND2UesnHDM","localizado; visionado pendiente"
"unisport","Adidas the Base Berlin I Amazing skills with Zidane, Özil & Herrera ft. Sean Garnier & SkillTwins","https://www.youtube.com/watch?v=vubo0rl9PSI","localizado; visionado pendiente"
"unisport","Tutorial de ""Cruzado"" - Aprende cómo hacer freestyle, con PWG #4","https://www.youtube.com/watch?v=OZZypSVXMg4","localizado; visionado pendiente"
"unisport","Evento Nike FootballX en la Ciudad de México con Joltter","https://www.youtube.com/watch?v=yABDiTi_Cws","localizado; visionado pendiente"
"unisport","adidas X15, Ace15 y Messi15 Tech Talk | La nueva configuración que usan Messi, Suárez, Alonso y m...","https://www.youtube.com/watch?v=ZQSo7uB6GLY","localizado; visionado pendiente"
"unisport","Entrevista técnica del Hypervenom Phantom II con Phil Woodman en el Camp Nou","https://www.youtube.com/watch?v=YAqiZ9Hya0M","localizado; visionado pendiente"
"unisport","Análisis de las adidas X 15.1 | Las usan Bale, Suárez, Benzema y todos los jugadores que quieren ...","https://www.youtube.com/watch?v=-tyYcw4sZ6g","localizado; visionado pendiente"
"unisport","Primeras impresiones y prueba de juego de las Nike Hypervenom Phantom II | Usadas por Neymar y Ro...","https://www.youtube.com/watch?v=EH9qVeYCqQk","localizado; visionado pendiente"
"unisport","Nike Hypervenom Phantom II | Evento de lanzamiento en el Camp Nou de Barcelona","https://www.youtube.com/watch?v=-PhB24wKFTY","localizado; visionado pendiente"
"unisport","La historia de Lionel Messi: Joltter muestra las habilidades de Messi en su barrio","https://www.youtube.com/watch?v=uXQdsHkG3AE","localizado; visionado pendiente"
"unisport","Nike Hypervenom Phantom Transform | Entrevista con Max Blau","https://www.youtube.com/watch?v=BOMRJZnwQ2s","localizado; visionado pendiente"
"unisport","Tutorial del Panqueque - Aprende cómo hacer Freestyle con PWG #3","https://www.youtube.com/watch?v=CmXKMF_DVqA","localizado; visionado pendiente"
"unisport","Análisis de Umbro Velocita I Umbro aporta ligereza al juego de velocidad","https://www.youtube.com/watch?v=eux1IMxUICw","localizado; visionado pendiente"
"unisport","Historia de Cristiano Ronaldo - Joltter visita Madeira, la cuna de las habilidades de CR7","https://www.youtube.com/watch?v=mwUZ0OiqYak","localizado; visionado pendiente"
"unisport","El duelo creativo de botas: I Götze (Magista), Fabregas (evoPOWER) y Oscar (Predator Instinct).","https://www.youtube.com/watch?v=Q2Uw6sQgfZk","localizado; visionado pendiente"
"unisport","Unisport World Tour - ¡Próximamente!","https://www.youtube.com/watch?v=fHQezadyAlY","localizado; visionado pendiente"
"unisport","adidas Primeknit 2 0 I Wear them as James Rodriguez, Lavezzi and many more...","https://www.youtube.com/watch?v=sG0aTb-T428","localizado; visionado pendiente"
"unisport","adidas Primeknit 2.0 review I The best fitting boot in the world - worn by Suarez & James","https://www.youtube.com/watch?v=rTvjshniP2k","localizado; visionado pendiente"
"unisport","Unisport Uncut Episode 14: The lightest, the best fitting and the most black","https://www.youtube.com/watch?v=IhEG5DuKc8s","localizado; visionado pendiente"
"unisport","adidas Primeknit 2.0 I The worlds best fitting football boot","https://www.youtube.com/watch?v=YRJEZYq91aM","localizado; visionado pendiente"
"unisport","NB Football lanza el nuevo Home Kit del Liverpool FC 15/16 con Sterling y Mignolet","https://www.youtube.com/watch?v=hirbTbG9JZc","localizado; visionado pendiente"
"unisport","Unboxing the adizero 99g Limited Collection - So light that it actually floats!","https://www.youtube.com/watch?v=TWZ7p8TMXOk","localizado; visionado pendiente"
"unisport","adidas adizero 99 gramos: Charla técnica | La bota de fútbol más ligera de la historia","https://www.youtube.com/watch?v=gN_Qmp4oVig","localizado; visionado pendiente"
"unisport","Tutorial de ""La Catapulta"" - Aprende a hacer freestyle con PWG #2","https://www.youtube.com/watch?v=xzcoQZ_wR7M","localizado; visionado pendiente"
"unisport","#Unisportlife: Joltter da la vuelta al mundo","https://www.youtube.com/watch?v=TKANW_MOx2U","localizado; visionado pendiente"
"unisport","Nike Most Wanted con Joltter y Klaas-Jan Huntelaar","https://www.youtube.com/watch?v=FOiUiYMp-RU","localizado; visionado pendiente"
"unisport","PUMA evoACCURACY 1 interview with Pascal van Essen","https://www.youtube.com/watch?v=Lj0Ug4TElNU","localizado; visionado pendiente"
"unisport","Reseña - Nike MercurialX Proximo y MagistaX Proximo","https://www.youtube.com/watch?v=Jq9jc6-pRJo","localizado; visionado pendiente"
"unisport","adidas F50 adizero Solar Green/Black - fresh new colourway! | There Will Be Haters","https://www.youtube.com/watch?v=xGjWH9c4B7g","localizado; visionado pendiente"
"unisport","Reseña de las adidas Gloro | La lengüeta ha vuelto","https://www.youtube.com/watch?v=9E0WuxHcerc","localizado; visionado pendiente"
"unisport","Nike Intense Heat Pack I Temperature is rising","https://www.youtube.com/watch?v=yK82Gai8Wo0","localizado; visionado pendiente"
"unisport","Taconazo / Tutorial del Taconazo Cruzado - Aprende cómo hacer Freestyle con PWG #1","https://www.youtube.com/watch?v=VNKGD9zeBs0","localizado; visionado pendiente"
"unisport","Unisport Uncut Episodio 13: Ediciones limitadas y botas exclusivas","https://www.youtube.com/watch?v=riHmp9DeuCs","localizado; visionado pendiente"
"unisport","Nike Mercurial Superfly CR7 Silverware | Out of this world","https://www.youtube.com/watch?v=YJoIZtlzPN4","localizado; visionado pendiente"
"unisport","Interview with Mario Götze with English subtitles","https://www.youtube.com/watch?v=dLIrr0UXeWA","localizado; visionado pendiente"
"unisport","Desempaquetado de Nike Mercurial Superfly CR7 Silverware | Botas exclusivas de Cristiano Ronaldo","https://www.youtube.com/watch?v=MGIGggEut8Q","localizado; visionado pendiente"
"unisport","adidas Messi 10.1 Pibe de Barr10 Tech Talk","https://www.youtube.com/watch?v=wf6ukefgAf4","localizado; visionado pendiente"
"unisport","Adidas f50 Messi 10.1 Pibe de Barr10 I The beginning of a legend","https://www.youtube.com/watch?v=E552YXvRPSE","localizado; visionado pendiente"
"unisport","Nike Tiempo Legend V Premium Limited Edition Review","https://www.youtube.com/watch?v=vHjgRYSuEr4","localizado; visionado pendiente"
"unisport","¿Qué bota de velocidad deberías elegir?","https://www.youtube.com/watch?v=uHgQrDod7po","localizado; visionado pendiente"
"unisport","adidas F50 adizero Tattoo Limited Edition | Love it or hate it","https://www.youtube.com/watch?v=UvYr6DmFQ30","localizado; visionado pendiente"
"unisport","I am UNIiD - make it yours","https://www.youtube.com/watch?v=5MWGRIc9wTY","localizado; visionado pendiente"
"unisport","Epic adidas Black Pack 4 silo collection","https://www.youtube.com/watch?v=twdE4A96Wug","localizado; visionado pendiente"
"unisport","Conozca al nuevo presentador de Unisport WebTV: presentamos a Philip Warren Gertsson","https://www.youtube.com/watch?v=1W9kpqYwkio","localizado; visionado pendiente"
"unisport","Nike FootballX - Entrevista con Max Blau","https://www.youtube.com/watch?v=h1gHynGi39g","localizado; visionado pendiente"
"unisport","Increíble experiencia de Nike Football en Inglaterra con Mario Götze y Nike Highlight Pack Play Test","https://www.youtube.com/watch?v=Q4MqU5BNhuc","localizado; visionado pendiente"
"unisport","#unisportlife con Pierre-Emile Højbjerg - Motivación para jugadores de fútbol","https://www.youtube.com/watch?v=bAESD4ku6jY","localizado; visionado pendiente"
"unisport","PUMA evoPOWER 1.2: Taking power and accuracy to new levels","https://www.youtube.com/watch?v=FHu0T3HShiY","localizado; visionado pendiente"
"unisport","Lanzamiento de New Balance Football en Londres con Vincent Kompany, Adnan Januzaj y Fernando","https://www.youtube.com/watch?v=qm2jXiefYU0","localizado; visionado pendiente"
"unisport","New adidas f50 adizero Black/Silver | There Will Be Haters","https://www.youtube.com/watch?v=7o5AskA7qwA","localizado; visionado pendiente"
"unisport","Unisport Uncut Episode 12: January boot releases from Nike, PUMA and adidas","https://www.youtube.com/watch?v=oFUO0c9aJhY","localizado; visionado pendiente"
"unisport","Unboxing: Nike Hypervenom Liquid Diamond Neymar Jr de Unisport","https://www.youtube.com/watch?v=8RN0H7ET0YA","localizado; visionado pendiente"
"unisport","Nike Hypervenom Liquid Diamond crafted especially for Neymar Jr.","https://www.youtube.com/watch?v=wb2tlfma0S0","localizado; visionado pendiente"
"unisport","Análisis de PUMA evoPOWER 1.2","https://www.youtube.com/watch?v=pnSbbS06BZ8","localizado; visionado pendiente"
"unisport","PUMA evoPOWER 1.2 Interview - What is the evoPOWER 1.2 all about?","https://www.youtube.com/watch?v=Qbe7NnwwpFo","localizado; visionado pendiente"
"unisport","Reseña de las Adidas F50 Adizero - Nuevas 2015. Habrá detractores de las Adizero.","https://www.youtube.com/watch?v=lI43TV9yCbs","localizado; visionado pendiente"
"unisport","adidas f50 adizero - Habrá detractores en 2015","https://www.youtube.com/watch?v=lhlTldnQVRo","localizado; visionado pendiente"
"unisport","Unboxing: PUMA evoSPEED Tricks Agüero","https://www.youtube.com/watch?v=4iX514N6Clg","localizado; visionado pendiente"
"unisport","Entrevista con Radja Nainggolan: La colección Nike Shine Through","https://www.youtube.com/watch?v=OHqxwd0rZ_E","localizado; visionado pendiente"
"unisport","PUMA evoPOWER 1.2 CAMO - a closer look","https://www.youtube.com/watch?v=QsX86hA5Lu8","localizado; visionado pendiente"
"unisport","Reseña de las Adidas 11Pro","https://www.youtube.com/watch?v=715qgYbzh7k","localizado; visionado pendiente"
"unisport","Entrevista con Pascal van Essen sobre el PUMA evoPOWER Tricks C4","https://www.youtube.com/watch?v=3QcHx6QCQl0","localizado; visionado pendiente"
"unisport","Feliz Año Nuevo - Resumen de Unisport WebTV 2014","https://www.youtube.com/watch?v=7cnlqqGAio0","localizado; visionado pendiente"
"unisport","Feliz Navidad y Desafío del Chili de FIFA 15 - Navidad en Unisport 2014, Episodio 24","https://www.youtube.com/watch?v=3zR9-_kYRic","localizado; visionado pendiente"
"unisport","El desafío definitivo de habilidades futbolísticas - Navidad en Unisport 2014, episodio 23","https://www.youtube.com/watch?v=pwAnutCkgo0","localizado; visionado pendiente"
"unisport","Primeras impresiones de las Nike Elastico Superfly SE IC - Navidad en Unisport 2014, Episodio 22","https://www.youtube.com/watch?v=L3-85aeaw8U","localizado; visionado pendiente"
"unisport","El mejor concurso de fútbol de la WebTV: Navidad en Unisport 2014, episodio 21","https://www.youtube.com/watch?v=xTsKGdQ1U40","localizado; visionado pendiente"
"unisport","Ganador del SORTEO ""Build-A-Kit"" - Navidad en Unisport 2014, Episodio 20","https://www.youtube.com/watch?v=cj0u12dlM0E","localizado; visionado pendiente"
"unisport","Desafío FIFA 15: Chelsea FC vs Manchester United - Navidad en Unisport 2014, Episodio 19","https://www.youtube.com/watch?v=aaSyAcGMDRA","localizado; visionado pendiente"
"unisport","Reto de comer chocolate en el calendario - Navidad en Unisport 2014, episodio 18","https://www.youtube.com/watch?v=LbsL8xNWZrE","localizado; visionado pendiente"
"unisport","Tomas descartadas, errores y momentos divertidos de 2014 - Navidad en Unisport 2014, Episodio 17","https://www.youtube.com/watch?v=37HcS_g5rTc","localizado; visionado pendiente"
"unisport","Desafío de Penaltis: Penaltis con los ojos vendados, mareados y con el pie débil - Navidad en Uni...","https://www.youtube.com/watch?v=RoyhYBCZYG8","localizado; visionado pendiente"
"unisport","Crossbar Challenge y adidas Pure Leather Pack - Navidad en Unisport 2014, Episodio 15","https://www.youtube.com/watch?v=Lrm-zC6cxI0","localizado; visionado pendiente"
"unisport","Las 5 camisetas de fútbol más bonitas de 2014 - Navidad en Unisport 2014, episodio 14","https://www.youtube.com/watch?v=wlJWN_gFCMA","localizado; visionado pendiente"
"unisport","Equipos de estrellas de fútbol de 2014 - Navidad en Unisport 2014, episodio 13","https://www.youtube.com/watch?v=5w8jNtjFnrs","localizado; visionado pendiente"
"unisport","Entrevista con Kevin Strootman - Colección Nike Shine Through","https://www.youtube.com/watch?v=iIElAWZuySA","localizado; visionado pendiente"
"unisport","Desafíos divertidos de fútbol en la sede de PUMA - Navidad en Unisport 2014, Episodio 12","https://www.youtube.com/watch?v=mVyBpEQ-AqU","localizado; visionado pendiente"
"unisport","La historia de adidas y PUMA - Navidad en Unisport 2014 Episodio 11","https://www.youtube.com/watch?v=BKWRwlS7A1M","localizado; visionado pendiente"
"unisport","Desafío FIFA 15: FC Barcelona vs Paris Saint-Germain - Navidad en Unisport 2014 Episodio 10","https://www.youtube.com/watch?v=mINTy2hPjic","localizado; visionado pendiente"
"unisport","Botas de fútbol PUMA evoSPEED 1.3 Marco Reus Edición Limitada - Navidad en Unisport 2014, Episodio 9","https://www.youtube.com/watch?v=G-pcnq-gVGg","localizado; visionado pendiente"
"unisport","Desafío de potencia de tiro épico con el balón inteligente adidas - Navidad en Unisport 2014, Epi...","https://www.youtube.com/watch?v=1pqmoIsJ-jI","localizado; visionado pendiente"
"unisport","TOP 5 Mejores Botas de Fútbol de 2014 - Navidad en Unisport 2014, Episodio 7","https://www.youtube.com/watch?v=NpDAGcu4qZ8","localizado; visionado pendiente"
"unisport","Speed Challenge, PUMA King and PUMA King SL Classico - Christmas in Unisport 2014 Episode 6","https://www.youtube.com/watch?v=XgFa53ghMXA","localizado; visionado pendiente"
"unisport","Desafío y sorteo de Kits de Construcción - Navidad en Unisport 2014, Episodio 5","https://www.youtube.com/watch?v=UI4PIHZji2c","localizado; visionado pendiente"
"unisport","Nike Shine Through Collection","https://www.youtube.com/watch?v=nU2AUs5xneo","localizado; visionado pendiente"
"unisport","FIFA 15 Challenge: Finland vs Denmark - Christmas in Unisport 2014 Episode 4","https://www.youtube.com/watch?v=aH3FSvJo50c","localizado; visionado pendiente"
"unisport","Primeras impresiones del Nike Shine Through Pack - Navidad en Unisport 2014, Episodio 3","https://www.youtube.com/watch?v=dSKbnI7vzk4","localizado; visionado pendiente"
"unisport","Bhut Jolokia ""Ghost"" Chili Challenge y Predator Instinct - Navidad en Unisport 2014 Episodio 2","https://www.youtube.com/watch?v=7qsNSkGl9Ng","localizado; visionado pendiente"
"unisport","Pack Nike Shine Through, nuevos lanzamientos y bienvenida - Navidad en Unisport 2014, Episodio 1","https://www.youtube.com/watch?v=zLQ4NbiNEzM","localizado; visionado pendiente"
"unisport","Jerome Boateng - From the backyard to the World Cup","https://www.youtube.com/watch?v=7ml3FfaMK7Q","localizado; visionado pendiente"
"unisport","Charla técnica sobre las Adidas 11pro de tercera generación","https://www.youtube.com/watch?v=x3O0IQwbYTU","localizado; visionado pendiente"
"unisport","Entrevista a Sami Khedira - Consejos de entrenamiento y rehabilitación de fútbol - Subtítulos en ...","https://www.youtube.com/watch?v=5XzvXSOUFog","localizado; visionado pendiente"
"unisport","Desempaquetado: Adidas Hunt Series ""Glow In The Dark"" de Unisport: F50, Predator, Nitrocharge y 1...","https://www.youtube.com/watch?v=BTTK7BrTK7E","localizado; visionado pendiente"
"unisport","Caja sorpresa de presentación Nike Mercurial Superfly CR7 en la tienda Unisport","https://www.youtube.com/watch?v=-aG1mhvacJA","localizado; visionado pendiente"
"unisport","Unisport Uncut Episode 11: CR7, Crazylight and colourway updates","https://www.youtube.com/watch?v=PTfCMmxG1_g","localizado; visionado pendiente"
"unisport","Primeras impresiones y análisis de las Adidas Crazylight por Unisport","https://www.youtube.com/watch?v=UcPiFzHl5C0","localizado; visionado pendiente"
"unisport","Unboxing: Adidas F50 Adizero Crazylight 2014 por Unisport","https://www.youtube.com/watch?v=gI_KOzwGr9U","localizado; visionado pendiente"
"unisport","Unboxing: Nike Mercurial Superfly IV CR7 2014 by Unisport","https://www.youtube.com/watch?v=Tkikj04IAA4","localizado; visionado pendiente"
"unisport","Entrevista con Stuart McArthur sobre la tercera equipación Nike Colour Flash","https://www.youtube.com/watch?v=qzSIn1gdmWE","localizado; visionado pendiente"
"unisport","Comparación de Nike Elastico Superfly y Elastico Finale III Charla técnica","https://www.youtube.com/watch?v=8CAeVeCOCCs","localizado; visionado pendiente"
"unisport","Análisis de las Nike Elastico Superfly IC para interior y exterior","https://www.youtube.com/watch?v=ZJTHwNo-1ZY","localizado; visionado pendiente"
"unisport","Sesión de tiros libres de fútbol corto y nudillos de Unisport con Freekickerz","https://www.youtube.com/watch?v=Ac7quPlT_r0","localizado; visionado pendiente"
"unisport","Increíble experiencia Nike Football en Roma con SkillTwins, Elastico Superfly y la prueba de Nike...","https://www.youtube.com/watch?v=Ib9tG3EK5NE","localizado; visionado pendiente"
"unisport","Prueba de juego y primera impresión de las Nike Elastico Superfly IC","https://www.youtube.com/watch?v=OAvkxVNsYJc","localizado; visionado pendiente"
"unisport","Unisport X Freekickerz Uncut - ¡Entrevista y ganadores del sorteo!","https://www.youtube.com/watch?v=wS9gi9nnAHI","localizado; visionado pendiente"
"unisport","PUMA evoSPEED 1.3 Review","https://www.youtube.com/watch?v=XBzsyzVMTk0","localizado; visionado pendiente"
"unisport","Akka300 - Tutorial #Unisportlife | Aprendeeste loco truco en pocos pasos","https://www.youtube.com/watch?v=T1aGeMtia7I","localizado; visionado pendiente"
"unisport","Torneo FIFA15 de Unisport","https://www.youtube.com/watch?v=s8ZHL2IrAco","localizado; visionado pendiente"
"unisport","Adidas Predator Instinct Real Life Video Game by Unisport","https://www.youtube.com/watch?v=T7904mbdtZs","localizado; visionado pendiente"
"unisport","Comparación de Nike Mercurial Superfly IV y Vapor X","https://www.youtube.com/watch?v=M7ufnvmjIk8","localizado; visionado pendiente"
"unisport","Habilidades épicas de fútbol callejero: en cualquier momento y lugar. | #unisportlife","https://www.youtube.com/watch?v=rsiRdHn9Sj4","localizado; visionado pendiente"
"unisport","Celebración y sorteo de los 100.000 suscriptores | #unisportlife","https://www.youtube.com/watch?v=5xHeqBYt934","localizado; visionado pendiente"
"unisport","Torneo reducido de Adidas Predator Instinct: Batalla de los países nórdicos","https://www.youtube.com/watch?v=e-WXt47pRVE","localizado; visionado pendiente"
"unisport","Nike Mercurial Superfly IV Play Test and Interview with Shawn Hoy","https://www.youtube.com/watch?v=aznRcD8kefg","localizado; visionado pendiente"
"unisport","Análisis de las Adidas Nitrocharge 1.0: la segunda generación de Nitrocharge","https://www.youtube.com/watch?v=f_82dX3isjI","localizado; visionado pendiente"
"unisport","Charla técnica sobre las Adidas Nitrocharge 1.0","https://www.youtube.com/watch?v=y0WMWe2rNJ8","localizado; visionado pendiente"
"unisport","Mad football skills and free kicks by Joltter and Jay Mike - #unisportlife","https://www.youtube.com/watch?v=uAZRvuuPC6I","localizado; visionado pendiente"
"unisport","Entrevista de innovación de Adidas con Antonio Zea","https://www.youtube.com/watch?v=gedibUDg374","localizado; visionado pendiente"
"unisport","Nike Mercurial Superfly IV Special Unisport Entrega Ferrari","https://www.youtube.com/watch?v=aqoCdejTl3M","localizado; visionado pendiente"
"unisport","Unisport Uncut Episodio 10: Locura de lanzamientos de pretemporada","https://www.youtube.com/watch?v=y2SoeBIGdyw","localizado; visionado pendiente"
"unisport","Street football, World Cup 2014 and #FindingR10 - Highlights of the trip - Joltter in Rio","https://www.youtube.com/watch?v=GzCgvSntCJk","localizado; visionado pendiente"
"unisport","Una noche en Río - EPISODIO ADICIONAL - Joltter en Río","https://www.youtube.com/watch?v=cthy-xVAAt4","localizado; visionado pendiente"
"unisport","Análisis de las Nike Mercurial Vapor X","https://www.youtube.com/watch?v=Lcz7Wqm-Ruo","localizado; visionado pendiente"
"unisport","Increíbles habilidades y partido de fútbol en la favela Rocinha - Joltter en Río","https://www.youtube.com/watch?v=ilp2Z67xrs8","localizado; visionado pendiente"
"unisport","EPIC hang gliding in Rio de Janeiro - Joltter in Rio","https://www.youtube.com/watch?v=psKz7xvbZto","localizado; visionado pendiente"
"unisport","Adidas Predator Instinct interview with Antonio Zea","https://www.youtube.com/watch?v=6nk5VDGPavY","localizado; visionado pendiente"
"unisport","Final del Mundial 2014 entre Alemania y Argentina - Joltter en Río","https://www.youtube.com/watch?v=lwWwelM9FbI","localizado; visionado pendiente"
"unisport","Fútbol playa en Copacabana con aficionados de Unisport - Joltter en Río","https://www.youtube.com/watch?v=JS8ogWI3OCU","localizado; visionado pendiente"
"unisport","Gira Maracaná, Brasil vs Holanda y #FindingR10 - Joltter en Río","https://www.youtube.com/watch?v=2mss2nUiNUs","localizado; visionado pendiente"
"unisport","Entrevista a Romelu Lukaku - Nike Mercurial Superfly - #unisportlife","https://www.youtube.com/watch?v=x-yrzV7oE4o","localizado; visionado pendiente"
"unisport","Brasil vs Alemania 1-7 Mundial 2014: reacciones en vivo - Joltter en Río","https://www.youtube.com/watch?v=L-FJcj16To8","localizado; visionado pendiente"
"unisport","Meet Joltter at Copacabana beach - Joltter in Rio","https://www.youtube.com/watch?v=pYR7_CHguFo","localizado; visionado pendiente"
"unisport","Adidas Smart Ball test, Zico and fresh haircut - Joltter in Rio","https://www.youtube.com/watch?v=Y9zvMJbdqLM","localizado; visionado pendiente"
"unisport","Road To Brazil #unisportlife Limited Edition book unboxing","https://www.youtube.com/watch?v=5RuH_UNsxbg","localizado; visionado pendiente"
"unisport","Escadaria Selarón y vista LOCA de Río - Joltter in Rio","https://www.youtube.com/watch?v=ZUCbCFuQCYg","localizado; visionado pendiente"
"unisport","GER vs FRA en Maracaná y BRA vs COL en Copacabana - Joltter en Río","https://www.youtube.com/watch?v=3vyKh_xswSg","localizado; visionado pendiente"
"unisport","Recorrido por Ipanema y fiesta callejera en Lapa - Joltter en Río","https://www.youtube.com/watch?v=9RoAL1CZ3IE","localizado; visionado pendiente"
"unisport","Road to Rio - Joltter in Rio","https://www.youtube.com/watch?v=9dIpPNxIDX4","localizado; visionado pendiente"
"unisport","World Cup with Unisport: The Speed Challenge 2.0","https://www.youtube.com/watch?v=tIS04dzYpEM","localizado; visionado pendiente"
"unisport","Eden Hazard interview - Nike Mercurial Vapor X","https://www.youtube.com/watch?v=cgAxWAoZmXA","localizado; visionado pendiente"
"unisport","Lo más destacado de la semana III del Mundial 2014 - Mundial con Unisport","https://www.youtube.com/watch?v=wJlUd7WZ6SQ","localizado; visionado pendiente"
"unisport","Desafío de potencia de tiro - Copa del Mundo con Unisport","https://www.youtube.com/watch?v=TJOsxsaHrsA","localizado; visionado pendiente"
"unisport","Unboxing: Nike Hypervenom Phantom Gold Neymar por Unisport","https://www.youtube.com/watch?v=tiodeVLM0J4","localizado; visionado pendiente"
"unisport","Nike Hypervenom Phantom Gold Neymar","https://www.youtube.com/watch?v=Kfk6ty3dtSM","localizado; visionado pendiente"
"unisport","Neymar Gold Hypervenom - Copa del Mundo con Unisport","https://www.youtube.com/watch?v=PFOw46v1DbY","localizado; visionado pendiente"
"unisport","Lo más destacado de la semana II del Mundial 2014 - Mundial con Unisport","https://www.youtube.com/watch?v=iSLbcg9acf4","localizado; visionado pendiente"
"unisport","Previa del partido Estados Unidos vs Portugal del Mundial de la FIFA con Unisport","https://www.youtube.com/watch?v=JJbfRVBoErk","localizado; visionado pendiente"
"unisport","Entrevista de Nike FC con Pete Hoppins","https://www.youtube.com/watch?v=OSM_DdtJDAE","localizado; visionado pendiente"
"unisport","RECREADO el golazo de volea de Tim Cahill contra Holanda - Copa del Mundo con Unisport","https://www.youtube.com/watch?v=m5KtKdfHstk","localizado; visionado pendiente"
"unisport","Desafío de largueros Magista vs Superfly - Mundial con Unisport","https://www.youtube.com/watch?v=zBtiDdJS75s","localizado; visionado pendiente"
"unisport","Lo más destacado de la semana del Mundial 2014 - Mundial con Unisport","https://www.youtube.com/watch?v=h7iePGh378Q","localizado; visionado pendiente"
"unisport","England vs Italy pre-match FIFA - World Cup with Unisport","https://www.youtube.com/watch?v=qr0HVPeufl8","localizado; visionado pendiente"
"unisport","Reseña de las Nike Mercurial Superfly IV","https://www.youtube.com/watch?v=UTypLnLHa0Y","localizado; visionado pendiente"
"unisport","Introducción y predicciones del Mundial 2014 - Mundial con Unisport","https://www.youtube.com/watch?v=w1J7AUBnglM","localizado; visionado pendiente"
"unisport","Casa Nike de Magista en Estocolmo","https://www.youtube.com/watch?v=wkKxfCq3o1k","localizado; visionado pendiente"
"unisport","Munin M-Station Talent review","https://www.youtube.com/watch?v=lCrtbuJi2TM","localizado; visionado pendiente"
"unisport","Análisis de las Adidas Predator Instinct","https://www.youtube.com/watch?v=t8TLn4gd72E","localizado; visionado pendiente"
"unisport","Entrega especial de CR7 Mercurial Vapor Unisport","https://www.youtube.com/watch?v=US04dm_QQtQ","localizado; visionado pendiente"
"unisport","Desempaquetado: Nike Mercurial Superfly de Unisport","https://www.youtube.com/watch?v=7KkciR1rpe8","localizado; visionado pendiente"
"unisport","Presentación del Mundial de Nike en Madrid con Martin Lotti","https://www.youtube.com/watch?v=vtOCo0pSFB8","localizado; visionado pendiente"
"unisport","Tienda Medianoche Unisport X Magista","https://www.youtube.com/watch?v=Bh0YDl-S4cg","localizado; visionado pendiente"
"unisport","Adidas Predator Instinct - Charla técnica","https://www.youtube.com/watch?v=Mdl9JPamq1o","localizado; visionado pendiente"
"unisport","Nike Magista Obra Review","https://www.youtube.com/watch?v=-KEAx2vDb5I","localizado; visionado pendiente"
"unisport","Colección PUMA Tricks World Cup","https://www.youtube.com/watch?v=wy7O672y33o","localizado; visionado pendiente"
"unisport","Unisport Uncut Episode 9: Nike Superfly vs Magista, CR7 and World Cup","https://www.youtube.com/watch?v=UspYSf_LhXg","localizado; visionado pendiente"
"unisport","Entrevista a Alex Oxlade-Chamberlain - Inglaterra, Mundial 2014 y Botas de Fútbol","https://www.youtube.com/watch?v=nFq9xd-A0aw","localizado; visionado pendiente"
"unisport","Nike Magista Obra vs Mercurial Superfly: ¿cuál es la diferencia?","https://www.youtube.com/watch?v=dQd0nm0NneM","localizado; visionado pendiente"
"unisport","Nike Mercurial Superfly IV 2014 Launch with Cristiano Ronaldo","https://www.youtube.com/watch?v=bRJ29GKx3r4","localizado; visionado pendiente"
"unisport","Unboxing: Nike Magista Obra by Unisport","https://www.youtube.com/watch?v=sJNx5HeUjkU","localizado; visionado pendiente"
"unisport","Nike Mercurial Superfly IV 2014: Prueba práctica y primeras impresiones","https://www.youtube.com/watch?v=DwYJb_KFg0o","localizado; visionado pendiente"
"unisport","Entrevista a Christian Eriksen Magista","https://www.youtube.com/watch?v=lvFHcEWmD6o","localizado; visionado pendiente"
"unisport","Liverpool FC home shirt launch","https://www.youtube.com/watch?v=ARFnQpokOqE","localizado; visionado pendiente"
"unisport","Nike Magista Obra Voxpop in CPH","https://www.youtube.com/watch?v=6kzE8fIgp1M","localizado; visionado pendiente"
"unisport","Entrevista de Denis Dekovic sobre las Nike Magista","https://www.youtube.com/watch?v=n0ZMHGhNAbw","localizado; visionado pendiente"
"unisport","Adidas X Denmark kit launch + Agger and Bendtner interview","https://www.youtube.com/watch?v=zYUZ-qMes-4","localizado; visionado pendiente"
"unisport","Detrás de los balones: Adidas Brazuca y Nike Ordem","https://www.youtube.com/watch?v=EluhaTd2gVU","localizado; visionado pendiente"
"unisport","Revisión de Adidas Brazuca y Nike Ordem","https://www.youtube.com/watch?v=hzPJkwXFfK0","localizado; visionado pendiente"
"unisport","Nike Magista Obra: Charla técnica - Tracción","https://www.youtube.com/watch?v=29D2jPghOP4","localizado; visionado pendiente"
"unisport","Adidas adiPURE 11Pro II revisión","https://www.youtube.com/watch?v=VWmPjOu1eck","localizado; visionado pendiente"
"unisport","Adidas adiPURE 11Pro II - Detrás de las botas","https://www.youtube.com/watch?v=garve98WAEY","localizado; visionado pendiente"
"unisport","Episodio 8 de Unisport Uncut: La guerra de las botas de punto + Ganador del sorteo","https://www.youtube.com/watch?v=ixor-2az6Ic","localizado; visionado pendiente"
"unisport","Entrevista a Jores Okore en Londres | #unisportlife","https://www.youtube.com/watch?v=2ZGSiMQy_KM","localizado; visionado pendiente"
"unisport","Nike Magista Obra: Charla técnica - Toque","https://www.youtube.com/watch?v=-x7AZrNDXco","localizado; visionado pendiente"
"unisport","Unisport X PUMA evoPOWER CPH event","https://www.youtube.com/watch?v=I7xxroYvJaE","localizado; visionado pendiente"
"unisport","Evento de lanzamiento de Nike Magista con Andrés Iniesta","https://www.youtube.com/watch?v=8k77TwmERak","localizado; visionado pendiente"
"unisport","Celebración y sorteo de los 50.000 suscriptores","https://www.youtube.com/watch?v=3870RS27i9g","localizado; visionado pendiente"
"unisport","Nike Magista Obra: Charla técnica - Ajuste","https://www.youtube.com/watch?v=OtfhpTVP-To","localizado; visionado pendiente"
"unisport","Prueba de juego y primera impresión de las Nike Magista","https://www.youtube.com/watch?v=0HBQAYVR1Cw","localizado; visionado pendiente"
"unisport","Avance del lanzamiento de Nike Magista en Barcelona","https://www.youtube.com/watch?v=ilNcOuKxmjI","localizado; visionado pendiente"
"unisport","Prelanzamiento de Nike Magista en Barcelona","https://www.youtube.com/watch?v=eZ9A_7Hw6tI","localizado; visionado pendiente"
"unisport","Nike Tiempo Special Unisport Entrega","https://www.youtube.com/watch?v=mGPVjA-Rjvw","localizado; visionado pendiente"
"unisport","Unboxing: Adidas Samba Primeknit de Unisport","https://www.youtube.com/watch?v=P6HMRBTrr5g","localizado; visionado pendiente"
"unisport","Adidas Samba Primeknit presentation","https://www.youtube.com/watch?v=hzskvzC4J2U","localizado; visionado pendiente"
"unisport","Nike Tiempo Legend V review","https://www.youtube.com/watch?v=9JtXu6SsYbQ","localizado; visionado pendiente"
"unisport","Nike Tiempo Legend V - Detrás de las botas","https://www.youtube.com/watch?v=4bGcQWHKVxY","localizado; visionado pendiente"
"unisport","Evento Nike Tiempo 5 y 94 en Múnich con Jerome Boateng","https://www.youtube.com/watch?v=T8gzwF5CEPs","localizado; visionado pendiente"
"unisport","Presentación de las Adidas F50 Adizero Messi Multicolor","https://www.youtube.com/watch?v=KYrAL-_ZBFA","localizado; visionado pendiente"
"unisport","Nike Tiempo XX Interview with Shawn Hoy - Global Footwear Product Director for Football","https://www.youtube.com/watch?v=eMxtMvazKts","localizado; visionado pendiente"
"unisport","Thin Trusox y Cushion Pro Trusox: ¿cuál es la diferencia?","https://www.youtube.com/watch?v=MwymB5OZbCU","localizado; visionado pendiente"
"unisport","Unboxing: PUMA evoPOWER 1 de Unisport","https://www.youtube.com/watch?v=W3yEDJdRemA","localizado; visionado pendiente"
"unisport","Tanda de penaltis con Kevin Stuhr-Ellegaard","https://www.youtube.com/watch?v=2rEYwJZh93A","localizado; visionado pendiente"
"unisport","Unisport Uncut Episodio 7: Lanzamientos de enero","https://www.youtube.com/watch?v=CEYHVCIeVwk","localizado; visionado pendiente"
"unisport","Lanzamiento de PUMA evoPOWER 1 en Barcelona con Balotelli, Fàbregas, Reus y Henry","https://www.youtube.com/watch?v=I-0hVPAhSrM","localizado; visionado pendiente"
"unisport","Detrás de las botas: PUMA evoPOWER 1","https://www.youtube.com/watch?v=avskkiILQ7U","localizado; visionado pendiente"
"unisport","Reseña de PUMA evoPOWER 1","https://www.youtube.com/watch?v=L5Kar3v8Cxk","localizado; visionado pendiente"
"unisport","Desempaquetado: Pack Nike Tiempo XX de Unisport","https://www.youtube.com/watch?v=gSkQdM6pVXw","localizado; visionado pendiente"
"unisport","PUMA evoPOWER 1 Launch in Barcelona - TEASER","https://www.youtube.com/watch?v=ta5KA-2yrPs","localizado; visionado pendiente"
"unisport","Nike Hypervenom Phantom Blue/Yellow/Black","https://www.youtube.com/watch?v=XhpsQabcdcM","localizado; visionado pendiente"
"unisport","Análisis del PUMA evoPOWER 1: AVANCE","https://www.youtube.com/watch?v=LaICG6seib0","localizado; visionado pendiente"
"unisport","Vídeo motivacional de fútbol: ¿Qué se necesita?","https://www.youtube.com/watch?v=QJSK4BRloTs","localizado; visionado pendiente"
"unisport","Interview with IF Elfsborg goalkeeper Kevin Stuhr-Ellegaard","https://www.youtube.com/watch?v=uDkbxbmYa18","localizado; visionado pendiente"
"unisport","PUMA evoPOWER CAMO presentation","https://www.youtube.com/watch?v=2Vb02-PYMWQ","localizado; visionado pendiente"
"unisport","Unisport WebTV - Especial de Año Nuevo #unisportlife","https://www.youtube.com/watch?v=cXa0tHMRw5w","localizado; visionado pendiente"
"unisport","Navidad en Unisport Episodio 24: ¡Feliz Navidad!","https://www.youtube.com/watch?v=Tnp3xHdi9vg","localizado; visionado pendiente"
"unisport","Navidad en Unisport Episodio 23: El desafío de FIFA","https://www.youtube.com/watch?v=aPd4_QLPpSw","localizado; visionado pendiente"
"unisport","Navidad en Unisport Episodio 22: Las 5 mejores botas de 2013","https://www.youtube.com/watch?v=zmK7dbhIRmo","localizado; visionado pendiente"
"unisport","Interview with Martin Lotti - Brasil Shirt Launch Event","https://www.youtube.com/watch?v=TPDg7vtW2aw","localizado; visionado pendiente"
"unisport","Navidad en Unisport Episodio 21: Nuevas combinaciones de colores de Nike","https://www.youtube.com/watch?v=oz842PCY3iw","localizado; visionado pendiente"
"unisport","Christmas in Unisport Episode 20: Build-A-Kit Winner","https://www.youtube.com/watch?v=gN3U0G-6eO8","localizado; visionado pendiente"
"unisport","Navidad en Unisport Episodio 19: El desafío de habilidad","https://www.youtube.com/watch?v=LT5-D8Hzhg8","localizado; visionado pendiente"
"unisport","Navidad en Unisport Episodio 18: Tomas descartadas Parte III","https://www.youtube.com/watch?v=IvUBPnaCKVE","localizado; visionado pendiente"
"unisport","Navidad en Unisport Episodio 17: Visitando la tienda Unisport","https://www.youtube.com/watch?v=OTlNj_Z58lk","localizado; visionado pendiente"
"unisport","Christmas in Unisport Episode 16: Build-A-Kit Challenge","https://www.youtube.com/watch?v=NtwkPcLta9A","localizado; visionado pendiente"
"unisport","Evento de lanzamiento de Adidas Brazuca en Río de Janeiro","https://www.youtube.com/watch?v=-b0zOXelWyQ","localizado; visionado pendiente"
"unisport","Christmas in Unisport Episode 15: Top 5 Performance Products of 2013","https://www.youtube.com/watch?v=9xY-Pem_lqc","localizado; visionado pendiente"
"unisport","Navidad en Unisport Episodio 14: Pack reflectante Nike","https://www.youtube.com/watch?v=C_ArADCgZOg","localizado; visionado pendiente"
"unisport","Nike Football Get Reflective Pack","https://www.youtube.com/watch?v=iS0duGhyFqc","localizado; visionado pendiente"
"unisport","Nike CTR360 Maestri Get Reflective Pack","https://www.youtube.com/watch?v=phbaBje3Aq4","localizado; visionado pendiente"
"unisport","Nike Tiempo Legend Get Reflective Pack","https://www.youtube.com/watch?v=vfoNJASFpzQ","localizado; visionado pendiente"
"unisport","Nike Mercurial Vapor Get Reflective Pack","https://www.youtube.com/watch?v=EXao-QEiWp0","localizado; visionado pendiente"
"unisport","Nike Hypervenom Phantom Get Reflective Pack","https://www.youtube.com/watch?v=9meby5rXW8g","localizado; visionado pendiente"
"unisport","Navidad en Unisport Episodio 13: El Día de Santa Lucía y el Reto del Dribble","https://www.youtube.com/watch?v=vYzAQSi5Wec","localizado; visionado pendiente"
"unisport","Navidad en Unisport Episodio 12: Nike Tiempo Legend V","https://www.youtube.com/watch?v=IvoCteyxP9A","localizado; visionado pendiente"
"unisport","Suela Adidas Samba Pack AG","https://www.youtube.com/watch?v=9vl9CMZ2Y0M","localizado; visionado pendiente"
"unisport","Christmas in Unisport Episode 11: The Eating Challenge","https://www.youtube.com/watch?v=Gp-jhT-ooJs","localizado; visionado pendiente"
"unisport","Navidad en Unisport Episodio 10: Tomas descartadas Parte II","https://www.youtube.com/watch?v=eIfZ0EBAgFs","localizado; visionado pendiente"
"unisport","Evento de lanzamiento de la camiseta Nike Brasil en Londres con David Luiz","https://www.youtube.com/watch?v=cuka8-XeoBU","localizado; visionado pendiente"
"unisport","Navidad en Unisport Episodio 9: Pack Nike Premier World Cup","https://www.youtube.com/watch?v=WOpCm86A4N4","localizado; visionado pendiente"
"unisport","Navidad en Unisport Episodio 8: Las 5 mejores camisetas de 2013","https://www.youtube.com/watch?v=gTRi6aP1N2s","localizado; visionado pendiente"
"unisport","Navidad en Unisport Episodio 7: Adidas Predator LZ y Adizero F50","https://www.youtube.com/watch?v=_dSdbsoakj4","localizado; visionado pendiente"
"unisport","Tráiler del canal de YouTube de Unisport WebTV - #unisportlife","https://www.youtube.com/watch?v=QNsFly8RlGo","localizado; visionado pendiente"
"unisport","Navidad en Unisport Episodio 6: El reto de la mercancía","https://www.youtube.com/watch?v=-ROLd4GFLKU","localizado; visionado pendiente"
"unisport","Navidad en Unisport Episodio 5: El desafío de la velocidad","https://www.youtube.com/watch?v=6zOwXsWWTfc","localizado; visionado pendiente"
"unisport","Navidad en Unisport Episodio 4: Adidas Brazuca, Nike Ordem y Adidas Nitrocharge 1.0","https://www.youtube.com/watch?v=KgTBtrvFW44","localizado; visionado pendiente"
"unisport","Navidad en Unisport Episodio 3: Tomas descartadas","https://www.youtube.com/watch?v=Iaf723gKzWE","localizado; visionado pendiente"
"unisport","Navidad en Unisport Episodio 2: El desafío del travesaño","https://www.youtube.com/watch?v=5ydU-_M1zYk","localizado; visionado pendiente"
"unisport","Unisport Cup 2013 @ Fodboldfabrikken in Copenhagen","https://www.youtube.com/watch?v=CqqesIX3SJo","localizado; visionado pendiente"
"unisport","Navidad en Unisport Episodio 1: El árbol de Navidad","https://www.youtube.com/watch?v=WmhzksiazTk","localizado; visionado pendiente"
"unisport","Adidas Samba Pack FG Soleplates","https://www.youtube.com/watch?v=4gqw4Dioaxg","localizado; visionado pendiente"
"unisport","Suelas Adidas Samba Pack Soft Ground","https://www.youtube.com/watch?v=PUUN8NZxuHA","localizado; visionado pendiente"
"unisport","Entrevista con Fabio da Silva - Nike Chance Global Showcase","https://www.youtube.com/watch?v=dKr4XahSmzk","localizado; visionado pendiente"
"unisport","Nike Winter Club Collection: Stay true to your colours","https://www.youtube.com/watch?v=pXTfV3L34xQ","localizado; visionado pendiente"
"unisport","Episodio 6 de Unisport Uncut: El Samba Pack y CR7 Galaxy","https://www.youtube.com/watch?v=qKWg7WCPW4s","localizado; visionado pendiente"
"unisport","Presentación global de Nike The Chance en St. George's Park","https://www.youtube.com/watch?v=7eEszlJmeZM","localizado; visionado pendiente"
"unisport","Desempaquetado: Nike Mercurial Vapor IX CR7 Galaxy de Unisport","https://www.youtube.com/watch?v=c3YjdIxJl4E","localizado; visionado pendiente"
"unisport","Presentación global de Nike The Chance - AVANCE","https://www.youtube.com/watch?v=EwRoxXcVCjk","localizado; visionado pendiente"
"unisport","Detrás de las botas: Adidas F50 Adizero Samba","https://www.youtube.com/watch?v=L9m3zLhdniY","localizado; visionado pendiente"
"unisport","Reseña de las Adidas F50 Adizero Samba: ¿cómo rinde esta bota de 150 gramos?","https://www.youtube.com/watch?v=kUWTWWbeWgM","localizado; visionado pendiente"
"unisport","Adidas F50 Adizero review - TEASER","https://www.youtube.com/watch?v=j6LYA0URMLc","localizado; visionado pendiente"
"unisport","Unisport Keeper Camp 2013","https://www.youtube.com/watch?v=iOEQwk-O36U","localizado; visionado pendiente"
"unisport","Nike The Chance in Zeist - Time to stand out","https://www.youtube.com/watch?v=wup6Y7mr7Kc","localizado; visionado pendiente"
"unisport","Winter Essentials | Under Armour ColdGear and Nike Hyperwarm base layer","https://www.youtube.com/watch?v=9AONe8rlkgY","localizado; visionado pendiente"
"unisport","Entrega especial de Adizero Yamamoto a Nicki Bille","https://www.youtube.com/watch?v=_WbGVds0yjQ","localizado; visionado pendiente"
"unisport","Unisport delivers The Enlightened boots to FC Copenhagen midfielder Thomas Delaney","https://www.youtube.com/watch?v=juPNTjx125s","localizado; visionado pendiente"
"unisport","Unisport Special Boot Delivery to FC Copenhagen midfielder Thomas Delaney","https://www.youtube.com/watch?v=gi6Ev1lOUPc","localizado; visionado pendiente"
"unisport","Trusox for indoor use - interview with Jim Cherneski","https://www.youtube.com/watch?v=n_YSnCgDuLg","localizado; visionado pendiente"
"unisport","Unisport WebTV: Revisión de Nike Lunar Gato II y Bomba Finale II","https://www.youtube.com/watch?v=48vCy9z01wE","localizado; visionado pendiente"
"unisport","Análisis de las Nike Elastico II y las Adidas Special Indoor","https://www.youtube.com/watch?v=ZYX4aNVf_VE","localizado; visionado pendiente"
"unisport","Entrevista con el presidente de Trusox, Jim Cherneski","https://www.youtube.com/watch?v=_Y-ICVSKjYM","localizado; visionado pendiente"
"unisport","Vind billetter til Danmark-Italien i Parken med Unisport og Puma","https://www.youtube.com/watch?v=IzjBUEfgmvw","localizado; visionado pendiente"
"unisport","Tras los Bailes: Reseña del Gran Baile 2013","https://www.youtube.com/watch?v=seCxHG5Oh3Q","localizado; visionado pendiente"
"unisport","El gran análisis de balones 2013 - Unisport WebTV","https://www.youtube.com/watch?v=9KfM4ajsj-k","localizado; visionado pendiente"
"unisport","Unisport Quickie: The Limited Edition White Adidas Copa Mundial","https://www.youtube.com/watch?v=Zy8WH9xQgA4","localizado; visionado pendiente"
"unisport","Unboxing: Nike Hi-Vis Collection by Unisport","https://www.youtube.com/watch?v=7DcAOi4daIw","localizado; visionado pendiente"
"unisport","Interview with Evian goalkeeper Jesper Hansen","https://www.youtube.com/watch?v=FuMdxof_vjw","localizado; visionado pendiente"
"unisport","Unisport Uncut Episodio 5: El debate sobre el peso","https://www.youtube.com/watch?v=T-idf7FpMYc","localizado; visionado pendiente"
"unisport","Placas de suela Nike Hi-Vis: terreno firme","https://www.youtube.com/watch?v=QMOaBBvANKU","localizado; visionado pendiente"
"unisport","Placas de suela Nike Hi-Vis: terreno blando","https://www.youtube.com/watch?v=czHL6XSaOvM","localizado; visionado pendiente"
"unisport","Suelas Nike Hi-Vis: Césped artificial","https://www.youtube.com/watch?v=GHrb3s-o5OE","localizado; visionado pendiente"
"unisport","Unisport FIFA14 tournament in Fodboldfabrikken","https://www.youtube.com/watch?v=9Pz95uQnMDg","localizado; visionado pendiente"
"unisport","Unisport en París - Evento Hypervenom Knockout","https://www.youtube.com/watch?v=k1LkdBX60LQ","localizado; visionado pendiente"
"unisport","Unisport Uncut Episode 4: The most awesome transfers this summer","https://www.youtube.com/watch?v=aBbSckigwEw","localizado; visionado pendiente"
"unisport","Interview with Vancouver Whitecaps goalkeeper David Ousted","https://www.youtube.com/watch?v=1bftRrG49o4","localizado; visionado pendiente"
"unisport","Teaser video: Unisport in Paris - Hypervenom Knockout Event","https://www.youtube.com/watch?v=z6YbAbpOuaY","localizado; visionado pendiente"
"unisport","Unisport Uncut Episode 3: Stealth vs. Fresh and Custom Boots","https://www.youtube.com/watch?v=Q1hOlq9yChs","localizado; visionado pendiente"
"unisport","Unisport Keeper Camp 2013 - bliv trænet på eliteniveau","https://www.youtube.com/watch?v=zT8IiL3KcWQ","localizado; visionado pendiente"
"unisport","Tras las botas: Comparación entre Hypervenom y Vapor IX","https://www.youtube.com/watch?v=5l87NxOhIg0","localizado; visionado pendiente"
"unisport","Comparación entre Nike Hypervenom Phantom y Mercurial Vapor IX","https://www.youtube.com/watch?v=M4u5AYKw-PA","localizado; visionado pendiente"
"unisport","Unboxing: Adidas F50 Adizero Blackout and Whiteout by Unisport","https://www.youtube.com/watch?v=fIY9EjNOVRM","localizado; visionado pendiente"
"unisport","Revisión de la cinta para calcetines Premier: ¿cómo funciona?","https://www.youtube.com/watch?v=XQZdM2ZFGBU","localizado; visionado pendiente"
"unisport","What's your style - are you Stealth or Fresh?","https://www.youtube.com/watch?v=5EvbF3wFoVk","localizado; visionado pendiente"
"unisport","Unisport Uncut Episode 2: The boots that created the buzz this summer","https://www.youtube.com/watch?v=p3UI02d2o54","localizado; visionado pendiente"
"unisport","Nike Premier review - how does the modern classic boot perform?","https://www.youtube.com/watch?v=-tsggkxOuG4","localizado; visionado pendiente"
"unisport","Unboxing: Adidas F50 AdiZero Messi de Unisport","https://www.youtube.com/watch?v=mD0Gzu5I3xI","localizado; visionado pendiente"
"unisport","Reseña de Nike Hypervenom Phantom: ¿Listo para una nueva generación de ataque?","https://www.youtube.com/watch?v=PxubEE8LRqk","localizado; visionado pendiente"
"unisport","Unboxing: Nike Hypervenom Phantom de Unisport","https://www.youtube.com/watch?v=LMcM2D-Zui8","localizado; visionado pendiente"
"unisport","Nike The Chance in Zeist - Who has what it takes?","https://www.youtube.com/watch?v=TTEJVnxOlpU","localizado; visionado pendiente"
"unisport","Nike Hypervenom - Special Delivery with a unique surprise + ENGLISH SUBS","https://www.youtube.com/watch?v=GLTw0HYYX44","localizado; visionado pendiente"
"unisport","Malmö experience - Joltter Interviews Pontus Jansson + SUBS","https://www.youtube.com/watch?v=Cn_0aJNUPiE","localizado; visionado pendiente"
"unisport","El ganador de las Nike Mercurial Vapor XV R9 Chrome es...","https://www.youtube.com/watch?v=7slvA7Psc6M","localizado; visionado pendiente"
"unisport","Entusiasmado con los Hypervenoms: primeras impresiones","https://www.youtube.com/watch?v=zHVkc9wSG8Y","localizado; visionado pendiente"
"unisport","Review of the Adidas Nitrocharge 1.0 - We take a look at #TheEngine","https://www.youtube.com/watch?v=pu_o9__UJDQ","localizado; visionado pendiente"
"unisport","Puma evoSPEED 1.2 synthetic review","https://www.youtube.com/watch?v=CwbqMIj55SY","localizado; visionado pendiente"
"unisport","Entrevista con Aubrey Dolan sobre las botas de fútbol Adidas","https://www.youtube.com/watch?v=0fMtoR7N9Vk","localizado; visionado pendiente"
"unisport","Unboxing: Nike Mercurial Vapor XV R9 Chrome Limited Edition by Unisport","https://www.youtube.com/watch?v=g1OxyzuVcP0","localizado; visionado pendiente"
"unisport","Entrevista de las Nike Hypervenom Phantom con Phil McCartney","https://www.youtube.com/watch?v=nNRDCIWipE8","localizado; visionado pendiente"
"unisport","Adidas Predator LZ II FG review - how do the Lethal Zones perform?","https://www.youtube.com/watch?v=Rz5uLFhBu5A","localizado; visionado pendiente"
"unisport","Desempaquetado: Nike Mercurial Vapor IX Volt/Negro-Cítrico Brillante de Unisport","https://www.youtube.com/watch?v=-5uT8xGsQkM","localizado; visionado pendiente"
"unisport","Joltter en Río: Lanzamiento de Nike Hypervenom Phantom","https://www.youtube.com/watch?v=9gXOTwavrJg","localizado; visionado pendiente"
"unisport","Unisport Uncut Episodio 1: Nike Hypervenom Phantom","https://www.youtube.com/watch?v=Jc4SdxLeLck","localizado; visionado pendiente"
"unisport","Unisport en el AdidasLab de Londres","https://www.youtube.com/watch?v=XvOOXJl79Ds","localizado; visionado pendiente"
"unisport","Joltter goes to Rio: Day 3","https://www.youtube.com/watch?v=o7fLk-88GGI","localizado; visionado pendiente"
"unisport","Joltter va a Río: Día 2","https://www.youtube.com/watch?v=7RHnxRF0VCE","localizado; visionado pendiente"
"unisport","Unisport WebTV: Joltter analiza el popular Trusox","https://www.youtube.com/watch?v=j_FKpai0wCc","localizado; visionado pendiente"
"unisport","Joltter goes to Rio: Day 1","https://www.youtube.com/watch?v=GQI9DXECovA","localizado; visionado pendiente"
"unisport","Nike Hypervenom teaser - A new breed of Attack","https://www.youtube.com/watch?v=rxcHLfhPV-w","localizado; visionado pendiente"
"unisport","Puma King review - how does the new, modern King fare?","https://www.youtube.com/watch?v=zsyLjw7kecU","localizado; visionado pendiente"
"unisport","Entrevista con Jerome Boateng","https://www.youtube.com/watch?v=N2jIkgOJgnI","localizado; visionado pendiente"
"unisport","Unisport WebTV: Nike FC247 interview with Collin Eder","https://www.youtube.com/watch?v=JZtisbReoqU","localizado; visionado pendiente"
"unisport","Desempaquetado: Nike Mercurial IX SE 15.º aniversario de Unisport","https://www.youtube.com/watch?v=fA48hmAXByg","localizado; visionado pendiente"
"unisport","Evento Nike FC247 en Berlín: Boateng United","https://www.youtube.com/watch?v=aXrbKiNG3iY","localizado; visionado pendiente"
"unisport","The Nike F.C. Barcelona Experience Part 3 of 3 + ENGLISH SUBS","https://www.youtube.com/watch?v=g6p9YSUefjM","localizado; visionado pendiente"
"unisport","The Nike F.C. Barcelona Experience Part 2 of 3 + ENGLISH SUBS","https://www.youtube.com/watch?v=JOyYEjZMivM","localizado; visionado pendiente"
"unisport","The Nike F.C. Barcelona Experience Part 1 of 3 + ENGLISH SUBS","https://www.youtube.com/watch?v=aEy3OKyEQPc","localizado; visionado pendiente"
"unisport","Review of the Diadora DD-NA - Lightweight with Italian charm + ENGLISH SUBS","https://www.youtube.com/watch?v=WhkbSM_EMjk","localizado; visionado pendiente"
"unisport","Reseña de Joltter: Diadora DD-NA GLX","https://www.youtube.com/watch?v=1qYMpsO-sfU","localizado; visionado pendiente"
"unisport","Adidas F50 Adizero Messi presentation case","https://www.youtube.com/watch?v=kLcE3fWd330","localizado; visionado pendiente"
"unisport","Nike CR7 Summer Collection og Mercurial Vapor IX CR7","https://www.youtube.com/watch?v=AZEp4UwxNB8","localizado; visionado pendiente"
"unisport","Presentación del nuevo miembro del equipo Unisport: Joltter + SUBTITULADOS EN INGLÉS","https://www.youtube.com/watch?v=Vg_iOgflr4s","localizado; visionado pendiente"
"unisport","Review of the Asics Lethal Tigreor 5 - Japanese comfort of the highest order + ENGLISH SUBS","https://www.youtube.com/watch?v=1h7t_ue1lkY","localizado; visionado pendiente"
"unisport","Mercurial Vapor IX ACC FG Neptune Blue/Volt-Tide Pool Blue Unboxing","https://www.youtube.com/watch?v=ym6PUG06vtY","localizado; visionado pendiente"
"unisport","Adidas F50 Adizero Messi & miCoach review + ENGLISH SUBS","https://www.youtube.com/watch?v=58FV0PV8KE8","localizado; visionado pendiente"
"unisport","Unisport On the Road - Adidas open Messi Museum","https://www.youtube.com/watch?v=s-mvZP3-a-g","localizado; visionado pendiente"
"unisport","adidas F50 Messi Unboxing","https://www.youtube.com/watch?v=aqhHs5eEGC8","localizado; visionado pendiente"
"unisport","Puma King SL review + ENGLISH SUBTITLES","https://www.youtube.com/watch?v=kSE8oILzJYU","localizado; visionado pendiente"
"unisport","Colección Sells Wrap VII: entrevista con Adam Sells","https://www.youtube.com/watch?v=KQLkYysb9uk","localizado; visionado pendiente"
"unisport","Nike Mercurial Vapor IX Metallic Platinum/Black/Electric Green Unboxing","https://www.youtube.com/watch?v=yYMM9qOzDoY","localizado; visionado pendiente"
"unisport","Review of Nike Mercurial Vapor IX AG + ENGLISH SUBTITLES","https://www.youtube.com/watch?v=lOlye_V_n5A","localizado; visionado pendiente"
"unisport","Warrior Sports Skreamer Pro K-Lite Review + ENGLISH SUBS","https://www.youtube.com/watch?v=Ucr38GI0FKI","localizado; visionado pendiente"
"unisport","Nike Pro Combat Hyperwarm baselayer review + ENG SUBS","https://www.youtube.com/watch?v=nqGxuMeggw4","localizado; visionado pendiente"
"unisport","Nike Mercurial Vapor IX review + ENGLISH SUBS","https://www.youtube.com/watch?v=_2X5dMD6rMU","localizado; visionado pendiente"
"unisport","Flemming Nielsen på besøg til en snak om fodboldudstyr og gamle tider","https://www.youtube.com/watch?v=2Q023EhCcRY","localizado; visionado pendiente"
"unisport","NO: Vedlikehold av keeperhansker","https://www.youtube.com/watch?v=BXURlUFk_Lg","localizado; visionado pendiente"
"unisport","SE: Unisport GearCare - Målvaktshandskar","https://www.youtube.com/watch?v=7LMs-HjhPPY","localizado; visionado pendiente"
"unisport","NO: Vedlikehold av fotballsko","https://www.youtube.com/watch?v=m4qBeGVTXxI","localizado; visionado pendiente"
"unisport","SE: Unisport GearCare - Fotbollströjor","https://www.youtube.com/watch?v=QoqCnAXeQMA","localizado; visionado pendiente"
"unisport","EN: Unisportstore GearCare -- Football Boots","https://www.youtube.com/watch?v=bngCZlr5tIE","localizado; visionado pendiente"
"unisport","SE: Unisport GearCare - Fotbollsskor","https://www.youtube.com/watch?v=QwQxZrtc-40","localizado; visionado pendiente"
"unisport","NO: Vask av fotballdrakter og andre tekstiler","https://www.youtube.com/watch?v=as1Dd2xHDuc","localizado; visionado pendiente"
"unisport","ES: Unisportstore GearCare -- Camisetas de fútbol","https://www.youtube.com/watch?v=PMGEWhVChks","localizado; visionado pendiente"
"unisport","DK: Unisport GearCare - Fodboldstøvler","https://www.youtube.com/watch?v=wjtr5mAAytQ","localizado; visionado pendiente"
"unisport","EN: Unisportstore GearCare -- Goalkeeper Gloves","https://www.youtube.com/watch?v=zp3YuTNgNG4","localizado; visionado pendiente"
"unisport","DK: Unisport GearCare - Målmandshandsker","https://www.youtube.com/watch?v=IoxnmQN7Ulg","localizado; visionado pendiente"
"unisport","DK: Unisport GearCare - Fodboldtrøjer","https://www.youtube.com/watch?v=lnhRcAQTdO0","localizado; visionado pendiente"
"unisport","GODT NYTÅR 2012","https://www.youtube.com/watch?v=GCbJEXyo9oc","localizado; visionado pendiente"
"unisport","Adidas F50 Adizero review - The Fourth Generation in synthetic and leather + ENGLISH SUBS","https://www.youtube.com/watch?v=SnG5o99c5IQ","localizado; visionado pendiente"
"unisport","Behind the Puma King: Interview with Ricardo Danziger + ENGLISH SUBS","https://www.youtube.com/watch?v=ywa-WRyehSs","localizado; visionado pendiente"
"unisport","Nike GS2-launch with Christian Eriksen + ENGLISH SUBS","https://www.youtube.com/watch?v=gcNfbJJWBvw","localizado; visionado pendiente"
"unisport","Nike GS2 - Deadly in all conditions","https://www.youtube.com/watch?v=Fjn2lN7acC4","localizado; visionado pendiente"
"unisport","Nike Mercurial Vapor VIII ACC CR review + ENGLISH SUBS","https://www.youtube.com/watch?v=-r0-Byl-jgI","localizado; visionado pendiente"
"unisport","Under Armour 10K Force Pro II review + ENGLISH SUBS","https://www.youtube.com/watch?v=XDQb5kkiL78","localizado; visionado pendiente"
"unisport","Adidas F50 Adizero 4th generation presented + ENGLISH SUBS","https://www.youtube.com/watch?v=NhIQHxcEtWg","localizado; visionado pendiente"
"unisport","Under Armour ColdGear & Storm hoodie in review + ENGLISH SUBS","https://www.youtube.com/watch?v=X1GyivabltA","localizado; visionado pendiente"
"unisport","Nike Elastico Pro, Nike Mercurial Victory III IC and Adidas Spezial review + ENGLISH SUBS","https://www.youtube.com/watch?v=ymCmaDdSiLc","localizado; visionado pendiente"
"unisport","Puma evoSPEED 1 microfibre - review + ENGLISH SUBS","https://www.youtube.com/watch?v=yGjTk43bj_4","localizado; visionado pendiente"
"unisport","Bashkim Kadrii og Danny Olsen er klar til de kolde træningspas - er du?","https://www.youtube.com/watch?v=IIj_Rm6s-ws","localizado; visionado pendiente"
"unisport","Interview med OB-spilleren Bashkim Kadrii","https://www.youtube.com/watch?v=0hldT4A3QRw","localizado; visionado pendiente"
"unisport","Nike ACC Collection: How it works + ENGLISH SUBS","https://www.youtube.com/watch?v=5cTSr_xvR5U","localizado; visionado pendiente"
"unisport","Nike All Condition Control","https://www.youtube.com/watch?v=DsxhWdmtNDs","localizado; visionado pendiente"
"unisport","Joma Fit100 Light anmeldelse","https://www.youtube.com/watch?v=3PxzZ1a5vuY","localizado; visionado pendiente"
"unisport","adidas - menos es más","https://www.youtube.com/watch?v=jA05FenTDK8","localizado; visionado pendiente"
"unisport","C6 Agility - The Lamborghini of shin pads review + ENGLISH SUBS","https://www.youtube.com/watch?v=UZo8CWqKlCM","localizado; visionado pendiente"
"unisport","Trusox review + ENGLISH SUBS","https://www.youtube.com/watch?v=uxglmR5bmuA","localizado; visionado pendiente"
"unisport","How to wear Trusox like a Pro","https://www.youtube.com/watch?v=mqtq1d7dcO0","localizado; visionado pendiente"
"unisport","Trusox - Improve Your Best","https://www.youtube.com/watch?v=2ztZpdcjnYQ","localizado; visionado pendiente"
"unisport","Asmir Begovic taler Sells Silhouette Exosphere","https://www.youtube.com/watch?v=GCwK6MQHPzg","localizado; visionado pendiente"
"unisport","Unisport Profilen: Andreas Laudrup","https://www.youtube.com/watch?v=7EgoNw-MOfw","localizado; visionado pendiente"
"unisport","Nike CTR360 Maestri III review + ENGLISH SUBS","https://www.youtube.com/watch?v=T_kz68R8xa4","localizado; visionado pendiente"
"unisport","Forskellen mellem overdelene på Vapor VIII","https://www.youtube.com/watch?v=FwMQuYevBVQ","localizado; visionado pendiente"
"unisport","Sells Goalkeeper Products - Competition Wrap and Total Contact","https://www.youtube.com/watch?v=LcGMIGGKBGM","localizado; visionado pendiente"
"unisport","Unisport Keeper Camp 2012, Gladsaxe","https://www.youtube.com/watch?v=rzhTIEvnzpA","localizado; visionado pendiente"
"unisport","Pele Sports Trinity 3E anmeldes + ENGLISH SUBS","https://www.youtube.com/watch?v=wt4zVIcbbnQ","localizado; visionado pendiente"
"unisport","Præsentation af CTR360 Maestri III","https://www.youtube.com/watch?v=4oEyAFKNFk8","localizado; visionado pendiente"
"unisport","Diadora DD-Evoluzione anmeldes","https://www.youtube.com/watch?v=MwYPgNuE1bM","localizado; visionado pendiente"
"unisport","Borussia Dortmund home shirt 12/13 interview","https://www.youtube.com/watch?v=_dUD_ZopA7Y","localizado; visionado pendiente"
"unisport","Nike CTR360 Maestri III - Take Control","https://www.youtube.com/watch?v=4FBigRJyhkg","localizado; visionado pendiente"
"unisport","Unisport Profilen: Thomas Villadsen","https://www.youtube.com/watch?v=ZUuJ2D6ZYV4","localizado; visionado pendiente"
"unisport","Manchester United - Hjemmebanetrøje 12/13 quickie","https://www.youtube.com/watch?v=k68W98lyqBY","localizado; visionado pendiente"
"unisport","Lyngby BK spilledragter 2012/2013","https://www.youtube.com/watch?v=z-LMyDiXCqE","localizado; visionado pendiente"
"unisport","FC Barcelona 2012/2013","https://www.youtube.com/watch?v=p6i7ewuvLe4","localizado; visionado pendiente"
"unisport","Interview med West Bromwich Albion og Sells Goalkeeper Products målmand Ben Foster","https://www.youtube.com/watch?v=yyJGcx9CinM","localizado; visionado pendiente"
"unisport","Real Madrid Hjemmebanetrøje 2012/2013","https://www.youtube.com/watch?v=yFlW3pAkYmc","localizado; visionado pendiente"
"unisport","EvoSpeed K-Skind anmeldelses - den lette læderkat indtager letvægtsscenen","https://www.youtube.com/watch?v=fLzlNu1EXh8","localizado; visionado pendiente"
"unisport","Profilen: Osama Akharraz","https://www.youtube.com/watch?v=fi0R22aULHM","localizado; visionado pendiente"
"unisport","Laudrup  Høgh Næstved 2012","https://www.youtube.com/watch?v=lu8WF5vQXU8","localizado; visionado pendiente"
"unisport","Interview med Puma evoSpeed 1-designer Peter Stappen","https://www.youtube.com/watch?v=U6mOOoW146c","localizado; visionado pendiente"
"unisport","Nye Liverpool fodboldtrøje fra Warrior - Deal with it","https://www.youtube.com/watch?v=KB1bOy65VVE","localizado; visionado pendiente"
"unisport","Sol, sommer og E-handelspriser","https://www.youtube.com/watch?v=24iojBB9mRU","localizado; visionado pendiente"
"unisport","Puma evoSPEED førstehåndsindtrykket","https://www.youtube.com/watch?v=wgmESnTcnNw","localizado; visionado pendiente"
"unisport","Puma - evoSPEED 1 FG","https://www.youtube.com/watch?v=XKmQEgk-5ek","localizado; visionado pendiente"
"unisport","Unisport Cup 2012 - se hvordan dagen forløb","https://www.youtube.com/watch?v=QB140FS-ulE","localizado; visionado pendiente"
"unisport","Puma Camouflage teststøvle - hvad spiller Jacob Poulsen i?","https://www.youtube.com/watch?v=G6otunkK0PY","localizado; visionado pendiente"
"unisport","Entrevista con el portero del Norwich, John Ruddy","https://www.youtube.com/watch?v=g-pBNDIoYeE","localizado; visionado pendiente"
"unisport","Danmark Landsholdstrøje EM2012 - Bliv en del af EM holdet","https://www.youtube.com/watch?v=F0k0qWD8Mzc","localizado; visionado pendiente"
"unisport","Teaser: Sells-interview med John Ruddy","https://www.youtube.com/watch?v=5uvxW54PvnQ","localizado; visionado pendiente"
"unisport","Adidas Predator Lethal Zones anmeldelses - er zonerne dødbringende?","https://www.youtube.com/watch?v=y4gvGXDM0ho","localizado; visionado pendiente"
"unisport","Unisport Keeper Camp - Professionel træning efter Lars Høghs principper","https://www.youtube.com/watch?v=YnSkfwlyLH0","localizado; visionado pendiente"
"unisport","Puma King Finale SL anmeldes","https://www.youtube.com/watch?v=vgl_PfqwZ-Q","localizado; visionado pendiente"
"unisport","Sells Goalkeeper Products -  Launch af Total Contact Serien 2012","https://www.youtube.com/watch?v=HkzL5hw5gQc","localizado; visionado pendiente"
"unisport","Vapor VIII SG anmeldes","https://www.youtube.com/watch?v=gqG9mBjG5OQ","localizado; visionado pendiente"
"unisport","Gennemgang af Nikes Mercurial-kollektion, 2012","https://www.youtube.com/watch?v=2HwJAxBA-pY","localizado; visionado pendiente"
"unisport","Unisport og Nike The Chance: Bag om Scouting Report #1","https://www.youtube.com/watch?v=R8EyjHrQUW8","localizado; visionado pendiente"
"unisport","Laudrup og Høgh Street 2012","https://www.youtube.com/watch?v=vvhXfevRBBw","localizado; visionado pendiente"
"unisport","Unisport Cup 2012","https://www.youtube.com/watch?v=hQBrmcxltdo","localizado; visionado pendiente"
"unisport","Nike Mercurial Vapor VIII anmeldelse + ENGLISH SUBS","https://www.youtube.com/watch?v=Cge5r7Z3TG0","localizado; visionado pendiente"
"unisport","Nike Mercurial Vapor VIII","https://www.youtube.com/watch?v=A6UuBUwdRtk","localizado; visionado pendiente"
"unisport","Den Store Fodboldtest 2012","https://www.youtube.com/watch?v=1nhbxRtgvA4","localizado; visionado pendiente"
"unisport","Hvad gemmer Nike til os for enden af græsset?","https://www.youtube.com/watch?v=BnNtBTR5oi8","localizado; visionado pendiente"
"unisport","Profilen: Jens Stryger Larsen","https://www.youtube.com/watch?v=unHAVqhOudk","localizado; visionado pendiente"
"unisport","Osama Akharraz forbi til UNIiD.mov","https://www.youtube.com/watch?v=5wx8u6lq4Ck","localizado; visionado pendiente"
"unisport","adidas f50 adiZero messi micoach blue/red","https://www.youtube.com/watch?v=Sg64pkPsNuM","localizado; visionado pendiente"
"unisport","Den Store Farttest","https://www.youtube.com/watch?v=nC9yOfRfNHM","localizado; visionado pendiente"
"unisport","Nike Løbesko Del 1","https://www.youtube.com/watch?v=7X5PbMoVwdU","localizado; visionado pendiente"
"unisport","Nike løbesko Del 2","https://www.youtube.com/watch?v=3_AvrQPVEd8","localizado; visionado pendiente"
"unisport","AdiPURE 11Pro anmeldes","https://www.youtube.com/watch?v=HXDRm0ASnXo","localizado; visionado pendiente"
"unisport","adidas adipure 11pro fodboldstøvler - 90 minutes of class","https://www.youtube.com/watch?v=TCeh_w43bDg","localizado; visionado pendiente"
"unisport","Unisport Profilen: Gilberto Macena","https://www.youtube.com/watch?v=enQVXEHnI6Q","localizado; visionado pendiente"
"unisport","Metasox teaser - Brand new c.....","https://www.youtube.com/watch?v=ENVcpNcvA9I","localizado; visionado pendiente"
"unisport","Nike Mercurial Vapor Superfly III White/Black/Yellow.mp4","https://www.youtube.com/watch?v=4fvrzO1yNbQ","localizado; visionado pendiente"
"unisport","Unisport Quickie: Puma PowerCat - Puma Velocity","https://www.youtube.com/watch?v=N046DXamx94","localizado; visionado pendiente"
"unisport","Anmeldelse af den kraftfulde Puma PowerCat 1.12","https://www.youtube.com/watch?v=rp4zGPzEHe8","localizado; visionado pendiente"
"unisport","Gennemgang af Adidas MiCoach SpeedCell og Heart Rate Monitor","https://www.youtube.com/watch?v=RVzu1f63D9Q","localizado; visionado pendiente"
"unisport","UNIiD - Personaliser dine støvler","https://www.youtube.com/watch?v=vXcY7woNxpw","localizado; visionado pendiente"
"unisport","Anmeldelse af NIke Hypercool Vapor og Craft Zero Extreme","https://www.youtube.com/watch?v=5os-GHGwO7U","localizado; visionado pendiente"
"unisport","Nike Pro Combat Hypercool","https://www.youtube.com/watch?v=exufuymE0qo","localizado; visionado pendiente"
"unisport","Jakob og Filip evaluerer 2011 og ser frem mod 2012","https://www.youtube.com/watch?v=AQZowD-jxG8","localizado; visionado pendiente"
"unisport","Nike Silos 2012 - Meet Your Match","https://www.youtube.com/watch?v=kxyMyGiHQKA","localizado; visionado pendiente"
"unisport","Unisport Profilen: Andreas Bjelland","https://www.youtube.com/watch?v=I5-7pTTdHKg","localizado; visionado pendiente"
"unisport","Adidas AdiZero MiCoach","https://www.youtube.com/watch?v=cUQVcP9QXrs","localizado; visionado pendiente"
"unisport","Året der gik 2011","https://www.youtube.com/watch?v=rtj0ejuBWaQ","localizado; visionado pendiente"
"unisport","Jul i Unisport - 6. december","https://www.youtube.com/watch?v=LlJs6EH0i5g","localizado; visionado pendiente"
"unisport","Jul i Unisport - 12. december","https://www.youtube.com/watch?v=LUnEcOpGse8","localizado; visionado pendiente"
"unisport","Jul i Unisport - 11. december: Fraklip","https://www.youtube.com/watch?v=a_oW0nGa9LM","localizado; visionado pendiente"
"unisport","Jul i Unisport - 10. december","https://www.youtube.com/watch?v=H5lxXybklIE","localizado; visionado pendiente"
"unisport","Balón de fútbol Adidas Tango12 para la Eurocopa 2012","https://www.youtube.com/watch?v=L6WKJ8Zjceo","localizado; visionado pendiente"
"unisport","Adidas What Would You Do - vindernes tur","https://www.youtube.com/watch?v=HrL6EUn85SY","localizado; visionado pendiente"
"unisport","Unisports store power test af fodboldstøvler","https://www.youtube.com/watch?v=EgRXXDWUYaw","localizado; visionado pendiente"
"unisport","Martin Spelmann introducerer Metasox","https://www.youtube.com/watch?v=u_tekfhRex0","localizado; visionado pendiente"
"unisport","Anmeldelse af Sells Wrap Elite Allround og Sells Wrap Elite Aqua","https://www.youtube.com/watch?v=aBfmJg8cDAo","localizado; visionado pendiente"
"unisport","Nike Mercurial CR7 Superfly III","https://www.youtube.com/watch?v=9tmenrlRqUc","localizado; visionado pendiente"
"unisport","Præsentation af Danmark hjemmebanetrøje 11/13","https://www.youtube.com/watch?v=cU5bbgTdC1c","localizado; visionado pendiente"
"unisport","Anmeldelse af MetaSox","https://www.youtube.com/watch?v=KuW-ZejhjWw","localizado; visionado pendiente"
"unisport","Lancering af nye DBU-trøje","https://www.youtube.com/watch?v=SJdjZS8-WLo","localizado; visionado pendiente"
"unisport","Unisport Profilen: Martin Spelmann","https://www.youtube.com/watch?v=-3-PsLMHHXg","localizado; visionado pendiente"
"unisport","Interview with Andre Vasterman","https://www.youtube.com/watch?v=0_g35ZcqSKI","localizado; visionado pendiente"
"unisport","AC forbi til UNIiD","https://www.youtube.com/watch?v=oFX3Qik1vRo","localizado; visionado pendiente"
"unisport","Anmeldelse af Select Milano Retro","https://www.youtube.com/watch?v=-_wgCkYCCSc","localizado; visionado pendiente"
"unisport","Bliv klar til indendørssæson - køb sko og tøj samlet og spar penge","https://www.youtube.com/watch?v=Y8k_h8ywegg","localizado; visionado pendiente"
"unisport","Unisport Profilen: Bajram Fetai","https://www.youtube.com/watch?v=j0MokOavhEM","localizado; visionado pendiente"
"unisport","Anmeldelse af Diadora DD-Eleven","https://www.youtube.com/watch?v=6EVbBifalI8","localizado; visionado pendiente"
"unisport","Præsentation af Adidas F50 Adizero m/MiCoach","https://www.youtube.com/watch?v=eG0ZCpO8K_U","localizado; visionado pendiente"
"unisport","Diadora Hidden Power - hvad er det for noget?","https://www.youtube.com/watch?v=ZCwAAKH9yfo","localizado; visionado pendiente"
"unisport","Adidas F50 Adizero Skind Rød/Gul med MiCoach","https://www.youtube.com/watch?v=HSGX46UhO9g","localizado; visionado pendiente"
"unisport","Adidas F50 Adizero MiCoach Skind Sort/Orange","https://www.youtube.com/watch?v=hnhR66E-60g","localizado; visionado pendiente"
"unisport","Adidas F50 Adizero MiCoach Sort/Orange mikrofiber","https://www.youtube.com/watch?v=e_PSmAELdnM","localizado; visionado pendiente"
"unisport","Adidas F50 Adizero mikrofiber Rød/Gul","https://www.youtube.com/watch?v=VqwX3viWIsY","localizado; visionado pendiente"
"unisport","Gåde råd til fodpleje med Jesper Larsen fra FCK","https://www.youtube.com/watch?v=2Kcn8DxHzTQ","localizado; visionado pendiente"
"unisport","Interview med Tom Minami om Laser IV - DEL II","https://www.youtube.com/watch?v=3FVi4sQttNc","localizado; visionado pendiente"
"unisport","Interview med Tom Minami om T90 Laser IV","https://www.youtube.com/watch?v=mKmuDRlceeQ","localizado; visionado pendiente"
"unisport","Præsentation af Nike Total90 Laser IV","https://www.youtube.com/watch?v=mEotuYlPfr0","localizado; visionado pendiente"
"unisport","Anmeldelse af Puma v1.11 SL","https://www.youtube.com/watch?v=Q7Ejj-MvNbc","localizado; visionado pendiente"
"unisport","I Enghaven til streetbold med godter under armen","https://www.youtube.com/watch?v=kJ-VpSu5K1g","localizado; visionado pendiente"
"unisport","Mikkel Thygesen forbi til en snak og støvlebroderi","https://www.youtube.com/watch?v=gocGNeubDNQ","localizado; visionado pendiente"
"unisport","Interview med Tom Minami om Nikes syn på markedet","https://www.youtube.com/watch?v=ACHCqt4nYbg","localizado; visionado pendiente"
"unisport","Præsentation af Sells Wrap Elite Allround","https://www.youtube.com/watch?v=y4PMt2kuVfY","localizado; visionado pendiente"
"unisport","Lasse Kryger fortæller kort om sit støvlevalg","https://www.youtube.com/watch?v=e5fi2k0fVmc","localizado; visionado pendiente"
"unisport","FC Barcelonas hjemmebanetrøje 11/12 gennemgås","https://www.youtube.com/watch?v=FbzhdmjRrvU","localizado; visionado pendiente"
"unisport","Quickie: Sells Wrap Elite Allround","https://www.youtube.com/watch?v=6yRkq_pOTvQ","localizado; visionado pendiente"
"unisport","Quickie: Mizuno Wave Ignitus II Sort/Pink","https://www.youtube.com/watch?v=ULsJ1xahC9I","localizado; visionado pendiente"
"unisport","Adidas AdiPower Predator vs Nike Tiempo Legend IV","https://www.youtube.com/watch?v=Z5cl14ET6ow","localizado; visionado pendiente"
"unisport","Real Madrid 3.trøje 11/12","https://www.youtube.com/watch?v=warTULF73Dc","localizado; visionado pendiente"
"unisport","Den nye Tiempo Legend IV fra Nike hives i studiet til en anmeldelse","https://www.youtube.com/watch?v=4na0RCSDAk4","localizado; visionado pendiente"
"unisport","Interview med Legend IV-designer Tom Minami - DEL 2","https://www.youtube.com/watch?v=64cwLEhHrrU","localizado; visionado pendiente"
"unisport","PARTE I: Entrevista con Tom Minami sobre las Nike Legend IV","https://www.youtube.com/watch?v=DfcU2LfJNA0","localizado; visionado pendiente"
"unisport","Real Madrid udebanetrøje 2011-12 og alle dens detaljer","https://www.youtube.com/watch?v=MLGg_dYl_60","localizado; visionado pendiente"
"unisport","Nike CTR360 Maestri II Hvid/Sort/Blå","https://www.youtube.com/watch?v=6PtZU3_6Edg","localizado; visionado pendiente"
"unisport","I dybden med Newcastles hjemmebanetrøje 11/12","https://www.youtube.com/watch?v=BT2ZyYjNNYs","localizado; visionado pendiente"
"unisport","Bayern München hjemmebanetrøje 2011-12","https://www.youtube.com/watch?v=Zp_OTG16R8s","localizado; visionado pendiente"
"unisport","Jakob tager på ferie - lukker WebTV !?","https://www.youtube.com/watch?v=XDS4Pv97GVA","localizado; visionado pendiente"
"unisport","F.C. København Hjemmebanetrøje 2011-12","https://www.youtube.com/watch?v=ubzbSc9obwY","localizado; visionado pendiente"
"unisport","Real Madrids nye hjemmebanetrøje præsenteres","https://www.youtube.com/watch?v=q77cSg-QDfE","localizado; visionado pendiente"
"unisport","Arsenal hjemmebanetrøje 11/12 - vi tager et kig på 125 års trøjen","https://www.youtube.com/watch?v=LQai71Br_Eg","localizado; visionado pendiente"
"unisport","Select Beach Soccer strandbolden testes i sit rette element","https://www.youtube.com/watch?v=HGDq_aAEXco","localizado; visionado pendiente"
"unisport","F.C. København udebanetrøje Europa 2011-12","https://www.youtube.com/watch?v=3rH0CDYyv-s","localizado; visionado pendiente"
"unisport","FCK - Europa Hjemmebane 2011-12","https://www.youtube.com/watch?v=kphOkd6dx0A","localizado; visionado pendiente"
"unisport","F.C. København udebanetrøje 2011-12","https://www.youtube.com/watch?v=mBgZk5-zN9c","localizado; visionado pendiente"
"unisport","Nike Mercurial Vapor VII FG Orange/Sort","https://www.youtube.com/watch?v=UuCKOh28vsw","localizado; visionado pendiente"
"unisport","Nike Mercurial Vapor Superfly III FG Orange/Sort","https://www.youtube.com/watch?v=1ZlXVzlc1-0","localizado; visionado pendiente"
"unisport","Stil spørgsmål til Nikes Tiempo Legend-designer!","https://www.youtube.com/watch?v=w8NTrLCoQo4","localizado; visionado pendiente"
"unisport","Nike CTR360 Maestri II FG Hvid/Rød/Sort","https://www.youtube.com/watch?v=uimLevLB5Rs","localizado; visionado pendiente"
"unisport","Quickie: Nike T90 Laser III Elite sølv/gul","https://www.youtube.com/watch?v=osEPy7G_yYA","localizado; visionado pendiente"
"unisport","Quickie: Nike Mercurial Vapor Superfly III Sølv/Hvid/Rød","https://www.youtube.com/watch?v=DGHaJmwz7yg","localizado; visionado pendiente"
"unisport","Quickie: Nike CTR360 Maestri II Elite sort/hvid/rød","https://www.youtube.com/watch?v=tpEGzqHz_a4","localizado; visionado pendiente"
"unisport","Quickie: Nike Mercurial Vapor VII sølv/hvid/rød","https://www.youtube.com/watch?v=p8GMcVsp0dM","localizado; visionado pendiente"
"unisport","Gennemgang af Unisports størrelsesguide til børn","https://www.youtube.com/watch?v=3yIY-jAYxF8","localizado; visionado pendiente"
"unisport","Den ""almindelige"" Legend IV præsenteres","https://www.youtube.com/watch?v=CB9m10irZws","localizado; visionado pendiente"
"unisport","Den ""almindelige"" Legend IV præsenteres","https://www.youtube.com/watch?v=vDjm5kGPyzA","localizado; visionado pendiente"
"unisport","Den ""almindelige"" Legend IV præsenteres","https://www.youtube.com/watch?v=PTBe-YHwIkU","localizado; visionado pendiente"
"unisport","Præsentation af Nike Tiempo Legend IV Elite","https://www.youtube.com/watch?v=uw3HivzR3k0","localizado; visionado pendiente"
"unisport","Unisport til Ombold 2011","https://www.youtube.com/watch?v=rDRogLhE0d0","localizado; visionado pendiente"
"unisport","Pumas hurtige v1.11-kollektion præsenteres","https://www.youtube.com/watch?v=CZE9oSdyKfA","localizado; visionado pendiente"
"unisport","AC Milans hjemmetrøje 11/12 præsenteres og gennemgås","https://www.youtube.com/watch?v=fAGBm_zNQ8E","localizado; visionado pendiente"
"unisport","Klassestøvlen Umbro Speciali Elite i studiet til en anmeldelse","https://www.youtube.com/watch?v=yxbR9e2celg","localizado; visionado pendiente"
"unisport","Anmeldelse af adiPURE IV","https://www.youtube.com/watch?v=JJmi6npo2kU","localizado; visionado pendiente"
"unisport","Quickie: Adidas Adizero Prime Hvid/Blå/Lysegrøn","https://www.youtube.com/watch?v=VrN3YLOxyK4","localizado; visionado pendiente"
"unisport","Præsentation af UNIiD - brodering på dine nye fodboldstøvler","https://www.youtube.com/watch?v=JuxRvGu7eT0","localizado; visionado pendiente"
"unisport","Gennemgang af Sells Wrap Elite Aqua","https://www.youtube.com/watch?v=V2YgOB8fwYY","localizado; visionado pendiente"
"unisport","Quickie: Liverpool udebanetrøje 2011-12 under luppen","https://www.youtube.com/watch?v=IJ9SE8Bg_1o","localizado; visionado pendiente"
"unisport","Quickie: Chelsea hjemmebanetrøje 2011-12 fra alle vinkler","https://www.youtube.com/watch?v=u_lQ7tmJGTc","localizado; visionado pendiente"
"unisport","Quickie: Nike Mercurial Miracle II Safari gør sig til","https://www.youtube.com/watch?v=eS5rAl1wyzM","localizado; visionado pendiente"
"unisport","Quickie: Nike Mercurial Vapor Superfly III CR7 Safari","https://www.youtube.com/watch?v=_OPJm0suo1s","localizado; visionado pendiente"
"unisport","Nike Superfly III ryger en tur i anmeldermaskinen","https://www.youtube.com/watch?v=XmdiT22qLz0","localizado; visionado pendiente"
"unisport","Til Champions League semifinale med Adidas og Unisport","https://www.youtube.com/watch?v=jk7EZubOzak","localizado; visionado pendiente"
"unisport","Quickie: Sells Wrap Axis Aqua gør sig til for kameraet","https://www.youtube.com/watch?v=CNHcOwPaZRo","localizado; visionado pendiente"
"unisport","Kyllingen er tilbage! Umbro Stealth Pro II anmeldes","https://www.youtube.com/watch?v=60rJMAlkbQw","localizado; visionado pendiente"
"unisport","Anmeldelse af Power Balance - er det magi eller ren fup?","https://www.youtube.com/watch?v=g4-u6JcFImc","localizado; visionado pendiente"
"unisport","Quickie: Nike CTR360 Maestri II Hvid/Gul","https://www.youtube.com/watch?v=zIg_JHAR7C4","localizado; visionado pendiente"
"unisport","Quickie: Lotto Zhero Gravity Ultra Orange/Sort","https://www.youtube.com/watch?v=MxOUcXdTLAE","localizado; visionado pendiente"
"unisport","Mesterstøvlen Nike CTR360 Maestri II hives i studiet og anmeldes","https://www.youtube.com/watch?v=L3Qe6nHfrjo","localizado; visionado pendiente"
"unisport","Gennemgang af Nikes Mercurial-kollektion","https://www.youtube.com/watch?v=zfzEpC9vTQw","localizado; visionado pendiente"
"unisport","Havenisser og E-handelspris?","https://www.youtube.com/watch?v=wn3R1zvQaLo","localizado; visionado pendiente"
"unisport","Quickie: Adidas F50 Adizero Skind Hvid/Slime","https://www.youtube.com/watch?v=etNd-M5pRi4","localizado; visionado pendiente"
"unisport","Den splinternye Nike Mercurial Superfly III præsenteres","https://www.youtube.com/watch?v=Y6xCCUeto-o","localizado; visionado pendiente"
"unisport","Test af Under Armour, Nike Pro og Craft baselayer til koldt vejr","https://www.youtube.com/watch?v=zszRCmNUndA","localizado; visionado pendiente"
"unisport","Unknown title","https://www.youtube.com/watch?v=j7LOUs8es1E","localizado; visionado pendiente"
"unisport","Træningsseance med William Kvist og Thomas Delaney","https://www.youtube.com/watch?v=gCC-yhH8f98","localizado; visionado pendiente"
"unisport","Den lynhurtige Adizero Prime anmeldes","https://www.youtube.com/watch?v=yLTWme_6TIg","localizado; visionado pendiente"
"unisport","Unknown title","https://www.youtube.com/watch?v=bXj7lXmSk6Q","localizado; visionado pendiente"
"unisport","Forskellen på Adidas F50 Adizero II og Adizero Prime gennemgås","https://www.youtube.com/watch?v=zvxiIjdgRdo","localizado; visionado pendiente"
"unisport","Adidas F50 benskinner præsenteres","https://www.youtube.com/watch?v=rD4jNmMwpeY","localizado; visionado pendiente"
"unisport","Så sendes Adizero Prime ud fra vores lager""","https://www.youtube.com/watch?v=tz-frDV72Ek","localizado; visionado pendiente"
"unisport","Kort gennemgang af Frankrigs, Spaniens, Brasiliens og Englands landsholdstrøjer","https://www.youtube.com/watch?v=EnIkTejNoYA","localizado; visionado pendiente"
"unisport","Præsentation af Nike CTR360 Maestri II og Maestri II Elite","https://www.youtube.com/watch?v=f_JrTgryb9w","localizado; visionado pendiente"
"unisport","Dame N'Doye i Unisport for at få sine Nike Mercurial Superfly II Safari","https://www.youtube.com/watch?v=eefuCjRhNrI","localizado; visionado pendiente"
"unisport","Unisport WebTV: Jacob ser på Under Armour fodboldstøvler","https://www.youtube.com/watch?v=_s4qVzo43j0","localizado; visionado pendiente"
"unisport","Unknown title","https://www.youtube.com/watch?v=DYbdp1k1FFk","localizado; visionado pendiente"
"unisport","Nike Pro og Under Armour baselayer - del 2","https://www.youtube.com/watch?v=NMLbpIGrrEM","localizado; visionado pendiente"
"unisport","Unknown title","https://www.youtube.com/watch?v=e8kA4BaCr0E","localizado; visionado pendiente"
"unisport","Unknown title","https://www.youtube.com/watch?v=YW21I3Y7Z5U","localizado; visionado pendiente"
"unisport","Unknown title","https://www.youtube.com/watch?v=cfocy0VXOBM","localizado; visionado pendiente"
"unisport","Den store fodbold-anmeldelse - Del 2","https://www.youtube.com/watch?v=7WE1OgxT9mo","localizado; visionado pendiente"
"unisport","Den store boldanmeldelsen, del 1","https://www.youtube.com/watch?v=bPuLuk3oCFw","localizado; visionado pendiente"
"unisport","Unknown title","https://www.youtube.com/watch?v=__49CGr4zbo","localizado; visionado pendiente"
"unisport","Unknown title","https://www.youtube.com/watch?v=Sbz_ZWIba94","localizado; visionado pendiente"
"unisport","Anmeldelse af Umbro GT Pro: Kan Umbro finde Vapor III-magien frem?","https://www.youtube.com/watch?v=7zFbxYxRRzg","localizado; visionado pendiente"
"unisport","Pelé Sports - Den brasilianske boldekvilibrist vil sælge fodboldstøvler","https://www.youtube.com/watch?v=vOjZTjO5AZM","localizado; visionado pendiente"
"unisport","Forskellen p� original- og standardtryk til fodboldtr�jer","https://www.youtube.com/watch?v=4XkwzK4mP8w","localizado; visionado pendiente"
"unisport","Nike Mercurial Superfly, Vapor, Talaria og Steam under luppen","https://www.youtube.com/watch?v=X9A7w-SsTXw","localizado; visionado pendiente"
"unisport","Nike Superfly II testes i marken","https://www.youtube.com/watch?v=ZNhCB9ZA1Sw","localizado; visionado pendiente"
"unisport","S�dan blackouter du fodboldst�vler","https://www.youtube.com/watch?v=Izn10y__cpM","localizado; visionado pendiente"
"unisport","St�vlepleje - Forl�ng levetiden p� dine fodboldst�vler og spar penge","https://www.youtube.com/watch?v=9Z9wGmxImcw","localizado; visionado pendiente"
"unisport","Video fra hele lanceringen af Danmarks VM fodboldtr�je","https://www.youtube.com/watch?v=itNGIxjgj00","localizado; visionado pendiente"
"unisport","S�dan fjerner du lace-coveret fra en Adidas F50i Tunit","https://www.youtube.com/watch?v=rPAR4_jSsb4","localizado; visionado pendiente"
"unisport","I M�nchen til Champions League - B. M�nchen - Manchester United","https://www.youtube.com/watch?v=DVvxyZE-2bA","localizado; visionado pendiente"
"unisport","S�dan fjerner du lace-coveret fra Nike Vapor IV, V og SL","https://www.youtube.com/watch?v=j5VZrAJOCUE","localizado; visionado pendiente"
"unisport","Nike Elite fodboldst�vler ? Den ultimative opgradering","https://www.youtube.com/watch?v=QViqhSEGrRw","localizado; visionado pendiente"
"unisport","Nike Air Legend III vs. Adidas AdiPURE III","https://www.youtube.com/watch?v=tzzPG6OhtEI","localizado; visionado pendiente"
"unisport","Puma Power Cat 1.10 testes ""videnskabeligt""","https://www.youtube.com/watch?v=aNwPoItLPe8","localizado; visionado pendiente"
"unisport","Adidas AdiZero ? en detaljeret gennemgang af superst�vlen","https://www.youtube.com/watch?v=70YL5-RnPLY","localizado; visionado pendiente"
"unisport","2. del af AdiZero-anmeldelse - l�derversionen gennemg�s","https://www.youtube.com/watch?v=5TPENddx8m4","localizado; visionado pendiente"
"unisport","WebTV - Vind Unisport fodboldsokker","https://www.youtube.com/watch?v=JM_XDxRyuik","localizado; visionado pendiente"
"unisport","Pr�sentation af Mizuno Supersonic Wave fodboldst�vler","https://www.youtube.com/watch?v=WASNjfV9p3I","localizado; visionado pendiente"
"unisport","Gennemgang af Lotto Zhero Gravity Ultra fodboldstøvler","https://www.youtube.com/watch?v=YTF0mVhyuzE","localizado; visionado pendiente"
"unisport","Umbro Stealth Pro med en kylling i studiet","https://www.youtube.com/watch?v=fbL1PN19SCc","localizado; visionado pendiente"
"unisport","Anmeldelse af Adidas AdiZero fodboldstøvler - Del 1","https://www.youtube.com/watch?v=yXsMTD7qZL4","localizado; visionado pendiente"
"unisport","Unisport WebTV: Bag om Sells målmandshandsker","https://www.youtube.com/watch?v=II-k6Qi2ydg","localizado; visionado pendiente"
"unisport","Unisport WebTV: Præsentation af de nye Adidas F50i","https://www.youtube.com/watch?v=pdF6v1b0iNg","localizado; visionado pendiente"
"unisport","Unisport WebTV: Under Armour base layer - HeatGear og ColdGear","https://www.youtube.com/watch?v=MdjPJEw7vdo","localizado; visionado pendiente"
"unisport","Nike CTR360 Maestri - Fodboldens svar på gummistøvler?","https://www.youtube.com/watch?v=aVjk_qsAtZY","localizado; visionado pendiente"
"unisport","Unisport WebTV: Puma V1.10 vs. Nike Mercurial Vapor","https://www.youtube.com/watch?v=OXw50j4v0LA","localizado; visionado pendiente"
"unisport","Unisport WebTV: Dennis Cagara om de nye Under Armour fodboldstøvler","https://www.youtube.com/watch?v=QVjIk4qDW7k","localizado; visionado pendiente"
"unisport","Unisport WebTV: Kasper Schmeichel om de nye Adidas F50i Tunit","https://www.youtube.com/watch?v=OLbfhMiY_z4","localizado; visionado pendiente"
"unisport","Unisport WebTV: Den nye Adidas VM2010 fodbold - Jabulani","https://www.youtube.com/watch?v=EtlAspjWhq0","localizado; visionado pendiente"
"unisport","Unisport WebTV: Rovdyret i version 10 - Adidas Predator X","https://www.youtube.com/watch?v=VRGulw9U6ts","localizado; visionado pendiente"
"unisport","Unisport WebTV: Nike T90 Laser III - Frem i verden med hovedet højt hævet","https://www.youtube.com/watch?v=cWPnAYutu3o","localizado; visionado pendiente"
"unisport","Unisport WebTV: Puma V1.815 Ferrari  Verdens letteste","https://www.youtube.com/watch?v=c4IvqErS6Z0","localizado; visionado pendiente"
"unisport","Unisport WebTV: Adidas AdiPURE II - Elegance, kvalitet og skønhedsfejl","https://www.youtube.com/watch?v=83Q8-PEWRZg","localizado; visionado pendiente"
"unisport","Unisport WebTV: Nike Mercurial Vapor Superfly nærmer sig fjervægt","https://www.youtube.com/watch?v=Ilmaq_xNHwE","localizado; visionado pendiente"
"AllAttack","10 Errores de Fútbol que te Hacen un Jugador Promedio","https://www.youtube.com/watch?v=59HY4XI-NMc","localizado; visionado pendiente"
"AllAttack","Cómo hacer malabares de 0 a 100","https://www.youtube.com/watch?v=WZJIyDgXk44","localizado; visionado pendiente"
"AllAttack","Las 10 habilidades más locas en el fútbol","https://www.youtube.com/watch?v=7B10XmliPpk","localizado; visionado pendiente"
"AllAttack","Las 10 mejores técnicas para cobrar penales","https://www.youtube.com/watch?v=-6gcqwXb8ws","localizado; visionado pendiente"
"AllAttack","LAS 20 MEJORES FORMAS DE PATEAR UN BALÓN","https://www.youtube.com/watch?v=pCXNfq8H3Tg","localizado; visionado pendiente"
"AllAttack","10 Errores Más Tontos en el Fútbol","https://www.youtube.com/watch?v=7oGGGR7fsF0","localizado; visionado pendiente"
"AllAttack","10 habilidades que te harán un gran jugador","https://www.youtube.com/watch?v=G1pZFXHOcL0","localizado; visionado pendiente"
"AllAttack","10 errores en el fútbol que te convierten en un mal jugador","https://www.youtube.com/watch?v=5ipJHQVNbF8","localizado; visionado pendiente"
"AllAttack","10 maneras de anotar más goles en el fútbol","https://www.youtube.com/watch?v=vaUEi7LRjDI","localizado; visionado pendiente"
"AllAttack","Todas las formas de controlar un balón en el aire","https://www.youtube.com/watch?v=wf4qis95hCE","localizado; visionado pendiente"
"AllAttack","Las 15 mejores habilidades de los extremos","https://www.youtube.com/watch?v=MICTX18OMYA","localizado; visionado pendiente"
"AllAttack","10 errores que cometen todos los futbolistas principiantes","https://www.youtube.com/watch?v=3eTVbWVqpM8","localizado; visionado pendiente"
"AllAttack","Cómo TIRAR CON EFECTO en 3 minutos","https://www.youtube.com/watch?v=3rnCQhn9cKM","localizado; visionado pendiente"
"AllAttack","Cómo ELEGIR TU POSICIÓN en el futbol","https://www.youtube.com/watch?v=RBKmIjeYVxE","localizado; visionado pendiente"
"AllAttack","TOP 10 Jugadas de Habilidad de Lamine Yamal","https://www.youtube.com/watch?v=VhUCg3HsB7E","localizado; visionado pendiente"
"AllAttack","CADA HABILIDAD 1 contra 1 de principiante a avanzado","https://www.youtube.com/watch?v=YjoV7UH_0ZM","localizado; visionado pendiente"
"AllAttack","9 errores comunes que cometen los extremos novatos","https://www.youtube.com/watch?v=94p7_VFT1KQ","localizado; visionado pendiente"
"AllAttack","Habilidades BÁSICAS de uno contra uno para superar a los defensores","https://www.youtube.com/watch?v=RCA8A9ainIA","localizado; visionado pendiente"
"AllAttack","Cómo aumentar la potencia de tu tiro","https://www.youtube.com/watch?v=S4uQBOOjSuk","localizado; visionado pendiente"
"AllAttack","Los 10 errores de tiro más comunes en el fútbol","https://www.youtube.com/watch?v=JtsH6iokTts","localizado; visionado pendiente"
"AllAttack","15 HABILIDADES INCREÍBLES DE LOS EXTREMOS que superan a los defensores","https://www.youtube.com/watch?v=tUuvT6d_570","localizado; visionado pendiente"
"AllAttack","Todas las técnicas de pase en el fútbol","https://www.youtube.com/watch?v=HZ5W1HDheTo","localizado; visionado pendiente"
"AllAttack","5 cosas que TODO jugador inteligente hace","https://www.youtube.com/watch?v=HB7YuFDHjZ0","localizado; visionado pendiente"
"AllAttack","15 habilidades más básicas para jugadores principiantes","https://www.youtube.com/watch?v=eISXGz4Z7nI","localizado; visionado pendiente"
"AllAttack","10 MEJORES JUGADAS DE MESSI PARA DERROTAR A LOS DEFENSORES","https://www.youtube.com/watch?v=dm0MUvAbFU8","localizado; visionado pendiente"
"AllAttack","Estas 10 habilidades te convertirán en un buen jugador","https://www.youtube.com/watch?v=C4lrlVLPMTE","localizado; visionado pendiente"
"AllAttack","Las 5 mejores maneras de fotografiar un balón de fútbol","https://www.youtube.com/watch?v=AgrINZyoeeo","localizado; visionado pendiente"
"AllAttack","Los 7 MEJORES movimientos de habilidad de Mbappé","https://www.youtube.com/watch?v=cmHrDJIKFZ4","localizado; visionado pendiente"
"AllAttack","10 errores BÁSICOS que cometen los principiantes","https://www.youtube.com/watch?v=nP8A1l_qYbU","localizado; visionado pendiente"
"AllAttack","10 habilidades esenciales para futbolistas principiantes","https://www.youtube.com/watch?v=RIUVkK8VNPA","localizado; visionado pendiente"
"AllAttack","Las 10 mejores habilidades 1 contra 1 en futbol soccer","https://www.youtube.com/watch?v=U8WCRz0Yh4Q","localizado; visionado pendiente"
"AllAttack","30 habilidades para cuando un defensor está DEMASIADO CERCA","https://www.youtube.com/watch?v=kmKp5NSFk0A","localizado; visionado pendiente"
"AllAttack","Estas 8 habilidades te convertirán en un BUEN extremo","https://www.youtube.com/watch?v=VE-NPxLu-5M","localizado; visionado pendiente"
"AllAttack","Habilidades futbolísticas de 1000 de coeficiente intelectual que los defensas ODIAN","https://www.youtube.com/watch?v=rk0YBVlJ-xE","localizado; visionado pendiente"
"AllAttack","10 habilidades de SOLE ROLL que los defensas no pueden parar","https://www.youtube.com/watch?v=WnN2q7W02MI","localizado; visionado pendiente"
"AllAttack","5 consejos defensivos para frenar a los delanteros","https://www.youtube.com/watch?v=4vBZzkVRqbE","muestras observadas"
"AllAttack","Las 15 MEJORES TÉCNICAS DE PASE en fútbol","https://www.youtube.com/watch?v=YsWxzw7-uv4","localizado; visionado pendiente"
"AllAttack","Cómo DISPARAR CON POTENCIA en 3 minutos","https://www.youtube.com/watch?v=ROZXyk98Oto","localizado; visionado pendiente"
"AllAttack","LAS 20 MEJORES HABILIDADES DE MEDIOCAMPISTA","https://www.youtube.com/watch?v=7tRhSwS9yQ4","localizado; visionado pendiente"
"AllAttack","Estas 5 habilidades te convertirán en un BUEN jugador","https://www.youtube.com/watch?v=oyzHK5WUjlY","localizado; visionado pendiente"
"AllAttack","Los 20 errores más comunes de los principiantes en el fútbol","https://www.youtube.com/watch?v=tyhcvEyMi5I","localizado; visionado pendiente"
"AllAttack","Habilidades 1v1 que derrotan a CUALQUIER defensor","https://www.youtube.com/watch?v=GsPQJzC5MwM","localizado; visionado pendiente"
"AllAttack","10 errores de tiro que cometen los principiantes","https://www.youtube.com/watch?v=hzY-Fsep6yk","localizado; visionado pendiente"
"AllAttack","¡Consigue pies rápidos en 10 minutos! 15 de los mejores ejercicios de juego de pies","https://www.youtube.com/watch?v=k4aaU2fFIwM","localizado; visionado pendiente"
"AllAttack","¿Por qué jugamos al fútbol?","https://www.youtube.com/watch?v=rwSXtqVvMUw","localizado; visionado pendiente"
"AllAttack","The 100 BEST SKILL MOVES in Football or Soccer","https://www.youtube.com/watch?v=mXjW78AgGu4","localizado; visionado pendiente"
"AllAttack","15 MOVIMIENTOS FÁCILES para PRINCIPIANTES","https://www.youtube.com/watch?v=Xim8-lUZnsA","localizado; visionado pendiente"
"AllAttack","25 maneras de disparar a un balón de fútbol","https://www.youtube.com/watch?v=Xp_5sW5KF3I","localizado; visionado pendiente"
"AllAttack","The 15 BEST Neymar Skill Moves","https://www.youtube.com/watch?v=9GaFRZd8FsU","localizado; visionado pendiente"
"AllAttack","10 MEJORES HABILIDADES DE PASE para aprender","https://www.youtube.com/watch?v=dLYNKNWWGZc","localizado; visionado pendiente"
"AllAttack","99% of Soccer Players Make these Mistakes","https://www.youtube.com/watch?v=1kzxFlK89WA","localizado; visionado pendiente"
"AllAttack","LAS 15 MEJORES HABILIDADES DE TUNELITO para superar defensas","https://www.youtube.com/watch?v=yRDboG5I6nM","localizado; visionado pendiente"
"AllAttack","10 MANERAS de NUNCA perder el balón en el fútbol","https://www.youtube.com/watch?v=3H5iMoljXIQ","localizado; visionado pendiente"
"AllAttack","Las 15 MEJORES HABILIDADES para los EXTREMOS","https://www.youtube.com/watch?v=h1UCWxvCByM","localizado; visionado pendiente"
"AllAttack","Errores que TODOS los jugadores jóvenes cometen","https://www.youtube.com/watch?v=5DmdB-qdasM","localizado; visionado pendiente"
"AllAttack","10 MEJORES HABILIDADES que crean ESPACIO en el fútbol","https://www.youtube.com/watch?v=1E9dF4TDzR0","localizado; visionado pendiente"
"AllAttack","10 MEJORES HABILIDADES para jugadores PRINCIPIANTES","https://www.youtube.com/watch?v=5fl248V4tIU","localizado; visionado pendiente"
"AllAttack","7 SHOOTING TECHNIQUES You’ve NEVER Heard of","https://www.youtube.com/watch?v=-q5Ol7stLW0","localizado; visionado pendiente"
"AllAttack","Todas las formas de controlar el balón en fútbol.","https://www.youtube.com/watch?v=FqZArr8E56E","localizado; visionado pendiente"
"AllAttack","7 hábitos que te convertirán en un GRAN jugador de fútbol","https://www.youtube.com/watch?v=geIYxdG0WVQ","localizado; visionado pendiente"
"AllAttack","Jugadas de 1000 IQ que engañan a CUALQUIER defensa 🧠","https://www.youtube.com/watch?v=jyfmNXKhhX0","localizado; visionado pendiente"
"AllAttack","Los 10 errores más comunes de los principiantes en el fútbol","https://www.youtube.com/watch?v=chLqjZRzey0","localizado; visionado pendiente"
"AllAttack","15 HABILIDADES INCREÍBLES que AVERGONZAN a los defensores","https://www.youtube.com/watch?v=ZnxsSbGvf_E","localizado; visionado pendiente"
"AllAttack","Las 10 mejores técnicas de pase para jugadores de fútbol principiantes","https://www.youtube.com/watch?v=TgoNLz2bXVs","localizado; visionado pendiente"
"AllAttack","10 maneras fáciles de lanzar una pelota en JUEGOS REALES","https://www.youtube.com/watch?v=JshSPYOLtL4","localizado; visionado pendiente"
"AllAttack","15 Habilidades para cuando el defensor está demasiado CERCA","https://www.youtube.com/watch?v=qyFXOnDkiAE","localizado; visionado pendiente"
"AllAttack","10 MEJORES HABILIDADES PARA MEDIOCAMPISTAS","https://www.youtube.com/watch?v=hU95fnqc8WM","localizado; visionado pendiente"
"AllAttack","10 JUGADAS INTELIGENTES que VENCEN a los defensores","https://www.youtube.com/watch?v=quHdDhP90Nc","localizado; visionado pendiente"
"AllAttack","Estos errores del fútbol te convierten en un jugador PROMEDIO","https://www.youtube.com/watch?v=gkGGGtCno_s","localizado; visionado pendiente"
"AllAttack","10 MEJORES HABILIDADES 1 CONTRA 1 en Fútbol","https://www.youtube.com/watch?v=WVKSp2tynPk","localizado; visionado pendiente"
"AllAttack","CÓMO DARLE UN CHIP AL PORTERO en FÚTBOL","https://www.youtube.com/watch?v=AYIIs-IiSZw","localizado; visionado pendiente"
"AllAttack","10 CREATIVE Ways to PASS the Ball","https://www.youtube.com/watch?v=L0g8QruZKy8","localizado; visionado pendiente"
"AllAttack","10 HABILIDADES DE ROLLO ÚNICO que AVERGONZAN a los defensores","https://www.youtube.com/watch?v=vbhtOkie75A","localizado; visionado pendiente"
"AllAttack","Cómo jugar en el mediocampo en el fútbol","https://www.youtube.com/watch?v=Y9Af7MwsSvc","localizado; visionado pendiente"
"AllAttack","Cómo hacer malabarismos con un balón de fútbol para principiantes","https://www.youtube.com/watch?v=SxVaMcHqcoU","localizado; visionado pendiente"
"AllAttack","Los 10 mejores giros para vencer a los defensores","https://www.youtube.com/watch?v=b0IxEBpTBjk","localizado; visionado pendiente"
"AllAttack","8 MEJORES técnicas de tiro en fútbol","https://www.youtube.com/watch?v=GqHSWptUONI","localizado; visionado pendiente"
"AllAttack","Beginner Soccer Mistakes You Should NEVER Make","https://www.youtube.com/watch?v=7BT5ESNdir0","localizado; visionado pendiente"
"AllAttack","LAS MEJORES JUGADAS DE CR7","https://www.youtube.com/watch?v=qsNKYgx6KCg","localizado; visionado pendiente"
"AllAttack","40 HABILIDADES para VENCER A LOS DEFENSORES en el fútbol","https://www.youtube.com/watch?v=nai_DAHG_h8","localizado; visionado pendiente"
"AllAttack","5 formas de DISPARAR y vencer al portero","https://www.youtube.com/watch?v=G0gQUUnm-Z8","localizado; visionado pendiente"
"AllAttack","Cómo hacer un tiro con EFECTO en futbol","https://www.youtube.com/watch?v=xIcUvrTn7FE","localizado; visionado pendiente"
"AllAttack","Las 10 Mejores Jugadas Brasileras","https://www.youtube.com/watch?v=Rm2XKW8YOIE","localizado; visionado pendiente"
"AllAttack","Estas jugadas de fútbol de 300 de IQ destruyen a los defensas","https://www.youtube.com/watch?v=OSOW6WM2e2s","localizado; visionado pendiente"
"AllAttack","10 MEJORES HABILIDADES para CONTROLAR EL BALÓN en el aire","https://www.youtube.com/watch?v=oMmdwhmvM8w","localizado; visionado pendiente"
"AllAttack","5 MANERAS DE SER UN MEJOR EXTREMO","https://www.youtube.com/watch?v=IA4vOqlw-jw","localizado; visionado pendiente"
"AllAttack","Los PEORES errores que cometen los jugadores (y cómo solucionarlos)","https://www.youtube.com/watch?v=p1L3OiRvVzs","localizado; visionado pendiente"
"AllAttack","Habilidades FÁCILES de 1 contra 1 que destruyen a los defensores","https://www.youtube.com/watch?v=tqr9C5F4S6k","localizado; visionado pendiente"
"AllAttack","5 MEJORES TÉCNICAS DE CENTRO en fútbol","https://www.youtube.com/watch?v=PagCekTH7XI","localizado; visionado pendiente"
"AllAttack","5 fintas corporales para vencer a los defensores en el fútbol","https://www.youtube.com/watch?v=1ReCNvOumbs","localizado; visionado pendiente"
"AllAttack","6 FIRST TOUCH SKILLS that DESTROY DEFENDERS","https://www.youtube.com/watch?v=cKCj0EQcfGg","localizado; visionado pendiente"
"AllAttack","6 HABILIDADES DE TIRO INCREÍBLES para PARTIDOS REALES","https://www.youtube.com/watch?v=ZfT7sQVZAqM","localizado; visionado pendiente"
"AllAttack","TOP 10 Movimientos de Habilidad LOCOS para JUEGOS REALES","https://www.youtube.com/watch?v=H8uJvCy3Gf4","localizado; visionado pendiente"
"AllAttack","JUGADAS DE FÚTBOL CON 200 DE IQ PARA ENGAÑAR A LOS DEFENSORES","https://www.youtube.com/watch?v=8ElafazN96s","localizado; visionado pendiente"
"AllAttack","5 Things EVERY MIDFIELDER Must Do","https://www.youtube.com/watch?v=dPJ9wIaWcAQ","localizado; visionado pendiente"
"AllAttack","10 AMAZING PASSING SKILLS to Learn","https://www.youtube.com/watch?v=AtcSnpyJkdo","localizado; visionado pendiente"
"AllAttack","10 EASY Ways to Protect the Ball in REAL GAMES","https://www.youtube.com/watch?v=sUzWs44M2eI","localizado; visionado pendiente"
"AllAttack","6 movimientos de habilidad sencillos para extremos","https://www.youtube.com/watch?v=vFaXDZmlBpc","localizado; visionado pendiente"
"AllAttack","7 Errores de Principiantes al Rematar","https://www.youtube.com/watch?v=uSPCV-w2Y7I","localizado; visionado pendiente"
"AllAttack","UNA HABILIDAD para CADA Posición en la cancha","https://www.youtube.com/watch?v=wLBbwgHm12w","localizado; visionado pendiente"
"AllAttack","7 maneras de marcar MÁS GOLES en FÚTBOL","https://www.youtube.com/watch?v=NrRoUK3ZsnU","localizado; visionado pendiente"
"AllAttack","¡Mejora tu juego de pies en 10 MINUTOS! Entrenamiento rápido de pies","https://www.youtube.com/watch?v=8KHxCFklIYo","localizado; visionado pendiente"
"AllAttack","7 jugadas Inteligentes que te harán un Mejor Jugador","https://www.youtube.com/watch?v=peeoF4ePJHo","localizado; visionado pendiente"
"AllAttack","7 Habilidades Geniales de Centro Campistas para Juegos Reales","https://www.youtube.com/watch?v=qqoiJYUE0Do","localizado; visionado pendiente"
"AllAttack","5 Cosas que Sólo Hacen los Jugadores Estúpidos","https://www.youtube.com/watch?v=QNyNfq-W_wA","localizado; visionado pendiente"
"AllAttack","7 FORMAS de Rematar más Fuerte! Aumenta la Potencia","https://www.youtube.com/watch?v=O-2XxNIEdtA","localizado; visionado pendiente"
"AllAttack","Las 10 Mejores Jugadas de Messi para Burlar Defensas","https://www.youtube.com/watch?v=N-TuSZtyqPY","localizado; visionado pendiente"
"AllAttack","Las 5 Mejores Formas de dar Pases Largos","https://www.youtube.com/watch?v=f6hm1n6JDEQ","localizado; visionado pendiente"
"AllAttack","Cómo hacerles Caños a todos los Defensas","https://www.youtube.com/watch?v=dGIut_pAKpQ","localizado; visionado pendiente"
"AllAttack","5 HABILIDADES DE FÚTBOL MÁS BÁSICAS PARA PRINCIPIANTES","https://www.youtube.com/watch?v=cpIwMZ3cUEc","localizado; visionado pendiente"
"AllAttack","6 SOCCER MISTAKES you NEED to Stop Making","https://www.youtube.com/watch?v=lRxgDmSWjxM","localizado; visionado pendiente"
"AllAttack","7 FORMAS de TIRAR y anotar más goles en PARTIDOS REALES","https://www.youtube.com/watch?v=6yKd9nPdhQ8","localizado; visionado pendiente"
"AllAttack","Cómo Jugar como Kevin De Bruyne","https://www.youtube.com/watch?v=DEDjdRFTBys","localizado; visionado pendiente"
"AllAttack","5 Cosas Que Hace TODO Jugador Inteligente","https://www.youtube.com/watch?v=Xbs4wHEnFdU","localizado; visionado pendiente"
"AllAttack","LAS 5 MEJORES FORMAS DE ANOTAR PENALES","https://www.youtube.com/watch?v=YrH-Hky1WI0","localizado; visionado pendiente"
"AllAttack","Las 10 Mejores Jugadas de Neymar","https://www.youtube.com/watch?v=jUUo-m8NksE","localizado; visionado pendiente"
"AllAttack","Cómo Burlar a un Defensa en un 1 vs 1","https://www.youtube.com/watch?v=mNA7bT3CLQU","localizado; visionado pendiente"
"AllAttack","5 Formas de Burlar Defensas SIN Tocar el Balón","https://www.youtube.com/watch?v=suNq7AY5WXA","localizado; visionado pendiente"
"AllAttack","Aprende Las 5 JUGADAS MÁS ALUCINANTES HASTA HOY","https://www.youtube.com/watch?v=ykNRzISLxk8","localizado; visionado pendiente"
"AllAttack","6 Formas CREATIVAS DE CONTROLAR el Balón en PARTIDOS REALES","https://www.youtube.com/watch?v=nu5Vj85Vfcg","localizado; visionado pendiente"
"AllAttack","¡15 REGATES en 10 Minutos! Entrenamiento de habilidades de 10 minutos","https://www.youtube.com/watch?v=PoZ9pB05Mgs","localizado; visionado pendiente"
"AllAttack","10 habilidades fáciles de mover que TODOS pueden aprender","https://www.youtube.com/watch?v=pKCeEmBq7ZU","localizado; visionado pendiente"
"AllAttack","Get Faster Feet in 10 MINUTES! 10 Min Footwork Workout","https://www.youtube.com/watch?v=nHxClhfQjlM","localizado; visionado pendiente"
"AllAttack","Las 11 mejores habilidades de malabarismo para impresionar a tus amigos","https://www.youtube.com/watch?v=x7DrrSaMkWY","localizado; visionado pendiente"
"AllAttack","Errores que TODOS los mediocampistas cometen | ¡PiensaRápido!","https://www.youtube.com/watch?v=PiZbDG5A-Yw","localizado; visionado pendiente"
"AllAttack","15 FORMAS SENCILLAS de Jugar Fútbol EN CASA","https://www.youtube.com/watch?v=ocH8f6szQew","localizado; visionado pendiente"
"AllAttack","10 movimientos de habilidad FÁCILES y EFECTIVOS para VENCER A LOS DEFENSORES","https://www.youtube.com/watch?v=9lu6YJ7yZHc","localizado; visionado pendiente"
"AllAttack","LAS 5 MEJORES FORMAS DE PASAR un balón en PARTIDOS REALES","https://www.youtube.com/watch?v=JqxwTcpf07w","localizado; visionado pendiente"
"AllAttack","5 Things EVERY Great WINGER Needs","https://www.youtube.com/watch?v=RuKNW8rgv1U","localizado; visionado pendiente"
"AllAttack","6 errores que los jugadores NUNCA deben cometer","https://www.youtube.com/watch?v=TBeUO7eNLdg","localizado; visionado pendiente"
"AllAttack","¡DESAFÍOS DE FÚTBOL vs MI HERMANO! ¿QUIÉN ES MEJOR?","https://www.youtube.com/watch?v=3joDIvJUvFk","localizado; visionado pendiente"
"AllAttack","5 habilidades sencillas en el mediocampo para partidos reales","https://www.youtube.com/watch?v=Sy1dRfu8boQ","localizado; visionado pendiente"
"AllAttack","4 PASOS SENCILLOS para mejorar tu PIE DÉBIL","https://www.youtube.com/watch?v=Md2SQRN4054","localizado; visionado pendiente"
"AllAttack","15 movimientos de habilidad INCREÍBLES para DESTRUIR a los defensores","https://www.youtube.com/watch?v=JKipMJfaf6E","localizado; visionado pendiente"
"AllAttack","BURLA DEFENSAS con esta Jugada INCREÍBLE! La Jugada de Bolasie","https://www.youtube.com/watch?v=R5wh5OT82uI","localizado; visionado pendiente"
"AllAttack","Las 5 MEJORES TÉCNICAS DE REMATE para ANOTAR MÁS GOLES","https://www.youtube.com/watch?v=UXwUQmVLzik","localizado; visionado pendiente"
"AllAttack","5 MOVIMIENTOS DE HABILIDAD SENCILLOS de primer toque para vencer a los defensores","https://www.youtube.com/watch?v=fsi6QrlnzVM","localizado; visionado pendiente"
"AllAttack","Los 10 MEJORES Ejercicios de Regates para un CONTROL INCREÍBLE","https://www.youtube.com/watch?v=5yKpaP5XFK8","localizado; visionado pendiente"
"AllAttack","5 FORMAS SENCILLAS para NUNCA Perder el Balón!","https://www.youtube.com/watch?v=Cv-1oWn3v70","localizado; visionado pendiente"
"AllAttack","Las 5 MEJORES formas de hacer CAÑOS a DEFENSAS en PARTIDOS REALES","https://www.youtube.com/watch?v=y7waNmOTAT0","localizado; visionado pendiente"
"AllAttack","Los 10 MEJORES ejercicios de piernas para lograr PIES RÁPIDOS","https://www.youtube.com/watch?v=5CdThq1KAlI","localizado; visionado pendiente"
"AllAttack","CONVIÉRTETE EN UN GENIO DEL FÚTBOL | ThinkFast","https://www.youtube.com/watch?v=oN3O5IJ3Jqk","localizado; visionado pendiente"
"AllAttack","Como patear con EFECTO/CURVA | Lanza tiros libres INCREÍBLES","https://www.youtube.com/watch?v=onL4ObTUr_w","localizado; visionado pendiente"
"AllAttack","10 FORMAS EXCELENTES de CONTROLAR balones aéreos","https://www.youtube.com/watch?v=xYGQz-XO1WM","localizado; visionado pendiente"
"AllAttack","Las 15 MEJORES jugadas para burlar defensas en JUEGOS REALES","https://www.youtube.com/watch?v=L8taGwfp2sU","localizado; visionado pendiente"
"AllAttack","4 WAYS to Become GREAT at Passing!","https://www.youtube.com/watch?v=vUEOYB2Xlkw","localizado; visionado pendiente"
"AllAttack","Cómo hacer una VOLEA en el fútbol | Para principiantes","https://www.youtube.com/watch?v=8AGVAe_65Oo","localizado; visionado pendiente"
"AllAttack","Cómo aumentar la resistencia para el fútbol | Entrenamiento","https://www.youtube.com/watch?v=-GwdRuBX2Fo","localizado; visionado pendiente"
"AllAttack","The Most Important Skill in Football | Awareness","https://www.youtube.com/watch?v=dVGGZoX3Dm4","localizado; visionado pendiente"
"AllAttack","¡Cómo regatear a toda velocidad como Kaká, Robben o Bale!","https://www.youtube.com/watch?v=Nb4mvCzRpb8","localizado; visionado pendiente"
"AllAttack","THE ULTIMATE SHOOTING DRILL | Score More Goals!","https://www.youtube.com/watch?v=UrcPHLR4nfw","localizado; visionado pendiente"
"AllAttack","How to Protect the Ball! | 30 Day Training | Football and Soccer Skill","https://www.youtube.com/watch?v=QHtCv4p_7cQ","localizado; visionado pendiente"
"AllAttack","Cómo practicar fútbol por tu cuenta | Tutorial de fútbol","https://www.youtube.com/watch?v=DQVJhQd8QZ4","localizado; visionado pendiente"
"AllAttack","Cómo hacer el truco de malabarismo de la vuelta al mundo | Tutorial","https://www.youtube.com/watch?v=Dyrs8Wh-1JY","localizado; visionado pendiente"
"AllAttack","Cómo Controlar un Balón Aéreo l Fundamentos","https://www.youtube.com/watch?v=AdzxLVnOZoY","localizado; visionado pendiente"
"AllAttack","¡Toma la decisión correcta! | Centrocampista ofensivo ThinkFast","https://www.youtube.com/watch?v=s0xfv6eMuXY","localizado; visionado pendiente"
"AllAttack","How to Shoot a Football! | Training Tips","https://www.youtube.com/watch?v=0T4_xmFUuaw","localizado; visionado pendiente"
"AllAttack","Three Essential Skills for Midfielders! | Positions","https://www.youtube.com/watch?v=HXXiAdPLw6Q","localizado; visionado pendiente"
"AllAttack","The Ultimate Midfielder! | De Bruyne Breakdown","https://www.youtube.com/watch?v=_wo4nGj99uU","localizado; visionado pendiente"
"AllAttack","The Maradona Spin | Training","https://www.youtube.com/watch?v=WV-JyYDIJWY","localizado; visionado pendiente"
"AllAttack","¡Cómo mejorar tu velocidad en el fútbol! | Entrenamiento de 30 días","https://www.youtube.com/watch?v=KDgc1smpJuc","localizado; visionado pendiente"
"AllAttack","Un movimiento de habilidad simple y efectivo | El tutorial de la ""V""","https://www.youtube.com/watch?v=gWTT6YaouEk","localizado; visionado pendiente"
"AllAttack","How to Improve Your Turns in Football | 30 Day Training","https://www.youtube.com/watch?v=yqsndSNgHLE","localizado; visionado pendiente"
"AllAttack","¡Cómo hacer dominadas de fútbol para principiantes! | Entrenamiento del tren superior","https://www.youtube.com/watch?v=acJeg7Vzfds","localizado; visionado pendiente"
"AllAttack","How to improve your dribbling in 30 days!","https://www.youtube.com/watch?v=0xksxAiTm68","localizado; visionado pendiente"
"AllAttack","How to Beat the Offside Trap!","https://www.youtube.com/watch?v=WFtBWkgS13o","localizado; visionado pendiente"
"AllAttack","Cómo patear con Potencia l Entrenamiento","https://www.youtube.com/watch?v=r4TF8rBfGWc","localizado; visionado pendiente"
"AllAttack","Improve Your Footwork! | Switching Feet Training","https://www.youtube.com/watch?v=R-NBmHsu2DM","localizado; visionado pendiente"
"AllAttack","How to Shoot with Curve! | Technique","https://www.youtube.com/watch?v=KTyRaXGjZR8","localizado; visionado pendiente"
"AllAttack","Cómo mejorar el control del balón | Entrenamiento","https://www.youtube.com/watch?v=RdrFaNtYKdQ","localizado; visionado pendiente"
"AllAttack","¡Vence al portero! | ThinkFast","https://www.youtube.com/watch?v=5gw0f8pKJqo","localizado; visionado pendiente"
"AllAttack","Cómo mejorar tus giros | Entrenamiento de fútbol","https://www.youtube.com/watch?v=UduP_-xcAlE","localizado; visionado pendiente"
"AllAttack","How Arsenal Scored vs Chelsea! | The Breakdown","https://www.youtube.com/watch?v=7A3n_hJJjgg","localizado; visionado pendiente"
"AllAttack","Outside Heel Toe! | Skill Tutorial","https://www.youtube.com/watch?v=2AnEuMKPiMA","localizado; visionado pendiente"
"AllAttack","How Jamie Vardy Scored | The Breakdown","https://www.youtube.com/watch?v=pwYEwVkkou4","localizado; visionado pendiente"
"AllAttack","Scoring on a Counter Attack! | The Breakdown","https://www.youtube.com/watch?v=oAla3H4vgdw","localizado; visionado pendiente"
"AllAttack","Speed Ladder Exercises | Training","https://www.youtube.com/watch?v=bpv3fejVVt0","localizado; visionado pendiente"
"AllAttack","How to Improve Your Stepovers! | Training","https://www.youtube.com/watch?v=vwQ7m87FYgk","localizado; visionado pendiente"
"AllAttack","How to Improve Your Dribbling | Quick Tip","https://www.youtube.com/watch?v=-S_LaO3Mf_A","localizado; visionado pendiente"
"AllAttack","El giro de Cruyff | Tutorial","https://www.youtube.com/watch?v=V9klCWR_nKk","localizado; visionado pendiente"
"AllAttack","How to Beat the Goalkeeper | Quick Tip","https://www.youtube.com/watch?v=RhyCmaMLTEs","localizado; visionado pendiente"
"AllAttack","¡Cambio de punto de ataque! | AllTactics","https://www.youtube.com/watch?v=T6dFzb1TN70","localizado; visionado pendiente"
"AllAttack","How to Improve Physical Fitness | Fundamentals","https://www.youtube.com/watch?v=pUgiAE9SaJI","localizado; visionado pendiente"
"AllAttack","Roll to Heel Skill Move! | Tutorial","https://www.youtube.com/watch?v=rIYp4LXM9qM","localizado; visionado pendiente"
"AllAttack","How to Improve Your Footwork in Soccer! 4 Exercises | Training","https://www.youtube.com/watch?v=YX45mN-oqJ4","localizado; visionado pendiente"
"AllAttack","Cómo jugar de defensa central | AllTactics","https://www.youtube.com/watch?v=_fKvOeik6ek","localizado; visionado pendiente"
"AllAttack","Three Types of First Touches!","https://www.youtube.com/watch?v=QH1h6flF5xA","localizado; visionado pendiente"
"AllAttack","Elástico de velocidad | Tutorial","https://www.youtube.com/watch?v=u-siiR9aLd8","localizado; visionado pendiente"
"AllAttack","Improve Field Intelligence! | ThinkFast","https://www.youtube.com/watch?v=mFIKqWERJ1o","localizado; visionado pendiente"
"AllAttack","Técnica de pase largo en fútbol, ​​pases potentes | Consejos","https://www.youtube.com/watch?v=cRwk4qPAEBg","localizado; visionado pendiente"
"AllAttack","Roll-Top Chop | Tutorial","https://www.youtube.com/watch?v=_6KFuhF5QYM","localizado; visionado pendiente"
"AllAttack","How to Improve Your Dribbling, 3 Styles of Dribbling | Tips","https://www.youtube.com/watch?v=ziXYzblzgzQ","localizado; visionado pendiente"
"AllAttack","Cómo hacer dominadas de fútbol para principiantes | Entrenamiento","https://www.youtube.com/watch?v=Txr2YQzsLDU","localizado; visionado pendiente"
"AllAttack","How to Play Defensive Midfielder! | AllTactics","https://www.youtube.com/watch?v=QOh-lXuaVFs","localizado; visionado pendiente"
"AllAttack","Amagues corporales | Tutorial","https://www.youtube.com/watch?v=pssaLEEtU2g","localizado; visionado pendiente"
"AllAttack","Paso inverso | Tutorial","https://www.youtube.com/watch?v=MIWJHtBnqGc","localizado; visionado pendiente"
"AllAttack","How to Improve Your Dribbling Skills | Training","https://www.youtube.com/watch?v=L8nLeD9WdVk","localizado; visionado pendiente"
"AllAttack","How to Beat the Goalkeeper! | Tutorial","https://www.youtube.com/watch?v=6qv1yeFp9ok","localizado; visionado pendiente"
"AllAttack","Doble elástico | Tutorial","https://www.youtube.com/watch?v=Mk3LAmRmpqM","localizado; visionado pendiente"
"AllAttack","Cómo mejorar tu pie débil | Entrenamiento","https://www.youtube.com/watch?v=4UiKVqQDylM","localizado; visionado pendiente"
"AllAttack","¡Cómo proteger el balón en el fútbol! | Consejos","https://www.youtube.com/watch?v=InvqGXICwsQ","localizado; visionado pendiente"
"AllAttack","Rainbow Flick | Tutorial","https://www.youtube.com/watch?v=zsC2UucfoXs","localizado; visionado pendiente"
"AllAttack","Movimiento de los extremos | AllTactics","https://www.youtube.com/watch?v=OIH_rueIiOE","localizado; visionado pendiente"
"AllAttack","La Vela Skill Move | Tutorial","https://www.youtube.com/watch?v=ANfLZPgt678","localizado; visionado pendiente"
"AllAttack","How to Improve Speed in Soccer/Football | Training","https://www.youtube.com/watch?v=oYgfODvpt58","localizado; visionado pendiente"
"AllAttack","Giros en el fútbol - Primer toque | Tutorial","https://www.youtube.com/watch?v=BFCCGWnbDFA","localizado; visionado pendiente"
"AllAttack","How to Improve Your Touch in Soccer! | Quick Tips","https://www.youtube.com/watch?v=yqtvBIy-t40","localizado; visionado pendiente"
"AllAttack","Cómo mejorar la precisión de tus pases en el fútbol | Consejos","https://www.youtube.com/watch?v=Sm-u_ESEmjE","localizado; visionado pendiente"
"AllAttack","Abracadabra | Tutorial","https://www.youtube.com/watch?v=8HuI-mNLJtc","localizado; visionado pendiente"
"AllAttack","Giro de cuchara | Tutorial","https://www.youtube.com/watch?v=kw5YzCMZRWc","localizado; visionado pendiente"
"AllAttack","1v1 Attacking | Tips","https://www.youtube.com/watch?v=dNB-iS8kHms","localizado; visionado pendiente"
"AllAttack","Football Turns Tutorial!","https://www.youtube.com/watch?v=hBFKuooKobU","localizado; visionado pendiente"
"AllAttack","Power Shot Technique | Tutorial","https://www.youtube.com/watch?v=xHC8ozrKgRA","localizado; visionado pendiente"
"AllAttack","La Croqueta Tutorial!","https://www.youtube.com/watch?v=Wq-hhEUO4eM","localizado; visionado pendiente"
"AllAttack","How to Juggle a Soccer Ball! | Tips","https://www.youtube.com/watch?v=nqE-WMg1FOs","localizado; visionado pendiente"
"AllAttack","Cómo curvar un balón de fútbol con la parte exterior del pie | Tutorial","https://www.youtube.com/watch?v=WZthasLct_w","localizado; visionado pendiente"
"AllAttack","¡Cómo hacer curling con un balón de fútbol! | Tutorial","https://www.youtube.com/watch?v=Po8y2Oaob08","localizado; visionado pendiente"
"AllAttack","Cómo mejorar tu regate | Consejos","https://www.youtube.com/watch?v=oRwQd8VBIPM","localizado; visionado pendiente"
"AllAttack","Cómo hacer el giro de Maradona | Tutorial","https://www.youtube.com/watch?v=BqZfsuMw9r0","localizado; visionado pendiente"
"AllAttack","Crossing Technique Football | Part 2","https://www.youtube.com/watch?v=1VdyP_V8aTc","localizado; visionado pendiente"
"AllAttack","Crossing Technique Football | Part 1","https://www.youtube.com/watch?v=SHsN8j7HRm4","localizado; visionado pendiente"
"AllAttack","¡Tutorial de Ronaldo Chop!","https://www.youtube.com/watch?v=DH9JewI7v8k","localizado; visionado pendiente"
"AllAttack","How to Chip Like Messi | Tutorial","https://www.youtube.com/watch?v=3J7zjMDhQDg","localizado; visionado pendiente"
"AllAttack","Técnica de pase largo en fútbol | Tutorial","https://www.youtube.com/watch?v=2wjGTnc9mNM","localizado; visionado pendiente"
"AllAttack","Cómo hacer el McGeady Spin | Tutorial","https://www.youtube.com/watch?v=VMh8e0QFy2U","localizado; visionado pendiente"
"AllAttack","¡Cómo hacer el Elástico de Ronaldinho! Tutorial paso a paso |","https://www.youtube.com/watch?v=FfHo0z2G204","localizado; visionado pendiente"
"AllAttack","¡Duelo de habilidades de fútbol 1v1 contra mi hermano! | SkillRules","https://www.youtube.com/watch?v=7ZSrQDCwEhs","localizado; visionado pendiente"
"AllAttack","¿Cómo hacer bicicletas como Cristiano Ronaldo? | Tutorial","https://www.youtube.com/watch?v=9yFcicZYpg4","localizado; visionado pendiente"
"FutsalMovement","2020 Highlights | Tyler Ericksen","https://www.youtube.com/watch?v=mgJzTC9BoMA","localizado; visionado pendiente"
"FutsalMovement","2020 Highlights | Brayden Lissington","https://www.youtube.com/watch?v=OFxlP9xqGUk","localizado; visionado pendiente"
"FutsalMovement","2015 Highlights | Brayden Lissington","https://www.youtube.com/watch?v=rMtftvhof7Q","localizado; visionado pendiente"
"FutsalMovement","Movimiento de futsal° | El ""pull-push""","https://www.youtube.com/watch?v=dr4PbJwtsaI","muestras observadas"
"FutsalMovement","Movimiento de fútbol sala° | La solapa de volteo","https://www.youtube.com/watch?v=32YYj-Pnn9o","localizado; visionado pendiente"
"FutsalMovement","Movimiento de fútbol sala° | La verificación","https://www.youtube.com/watch?v=0XWL3URaAeQ","localizado; visionado pendiente"
"FutsalMovement","Futsal Movement° | The fake shot/ roll","https://www.youtube.com/watch?v=iblN2_pwb2E","localizado; visionado pendiente"
"FutsalMovement","Movimiento de fútbol sala° | El roll-flick","https://www.youtube.com/watch?v=IAh9HD1dHnM","localizado; visionado pendiente"
"FutsalMovement","Movimiento de fútbol sala° | El fútbol sala","https://www.youtube.com/watch?v=PN5TvdQYcbM","localizado; visionado pendiente"
"FutsalMovement","Futsal Movement° | The toe poke","https://www.youtube.com/watch?v=N_0eAihydJ8","localizado; visionado pendiente"
"FutsalMovement","Futsal Movement° | The flick","https://www.youtube.com/watch?v=g2w2fpfNLTk","localizado; visionado pendiente"
"FutsalMovement","Futsal Movement° | The roll","https://www.youtube.com/watch?v=sykqLGd2Pa8","localizado; visionado pendiente"
"FutsalMovement","Futsal Movement° | Body shape when receiving the ball","https://www.youtube.com/watch?v=VkDQ4F9c6Fk","muestras observadas"
"FutsalMovement","Futsal Movement° | Sole of the foot","https://www.youtube.com/watch?v=TtdJPD7ImDc","localizado; visionado pendiente"
