[     435ms] [WARNING] Manifest: property 'migrate_from' ignored, manifest must specify an 'id' property in order to receive a migration. @ https://www.youtube.com/manifest.webmanifest:0
[    1374ms] [ERROR] Failed to load resource: the server responded with a status of 401 () @ https://accounts.google.com/ServiceLogin?service=youtube&uilel=3&passive=true&continue=https%3A%2F%2Fwww.youtube.com%2Fsignin%3Faction_handle_signin%3Dtrue%26app%3Ddesktop%26hl%3Des-419%26next%3D%252Fsignin_passive%26feature%3Dpassive&hl=es-419:0
[    1576ms] [INFO] LegacyDataMixin will be applied to all legacy elements.
Set `_legacyUndefinedCheck: true` on element class to enable. @ https://www.youtube.com/s/_/ytmainappweb/_/js/k=ytmainappweb.kevlar_base.en_US.QoIJCn4IPpA.es5.O/am=AAAAIAAAEICU/d=1/br=1/rs=AGKMywHMFm7XvOdvHO3cTSu7TMRFeF-V4Q/m=kevlar_base_module,kevlar_main_module,kevlar_base_sync_mod_chunk:13080
[    2111ms] [WARNING] The powerPreference option is currently ignored when calling requestAdapter() on Windows. See https://crbug.com/369219127 @ :0
[   11167ms] [WARNING] The resource https://rr5---sn-9gv7dn7l.c.youtube.com/generate_204 was preloaded using link preload but not used within a few seconds from the window's load event. Please make sure it has an appropriate `as` value and it is preloaded intentionally. @ https://www.youtube.com/watch?v=EYkKlfiKiH4:0
[   11167ms] [WARNING] The resource https://rr1---sn-a5meknzr.googlevideo.com/generate_204 was preloaded using link preload but not used within a few seconds from the window's load event. Please make sure it has an appropriate `as` value and it is preloaded intentionally. @ https://www.youtube.com/watch?v=EYkKlfiKiH4:0
[   11168ms] [WARNING] The resource https://i.ytimg.com/generate_204 was preloaded using link preload but not used within a few seconds from the window's load event. Please make sure it has an appropriate `as` value and it is preloaded intentionally. @ https://www.youtube.com/watch?v=EYkKlfiKiH4:0
[   14179ms] [WARNING] The resource https://rr5---sn-9gv7dn7l.c.youtube.com/generate_204 was preloaded using link preload but not used within a few seconds from the window's load event. Please make sure it has an appropriate `as` value and it is preloaded intentionally. @ https://www.youtube.com/watch?v=EYkKlfiKiH4:0
[   14179ms] [WARNING] The resource https://rr1---sn-a5meknzr.googlevideo.com/generate_204 was preloaded using link preload but not used within a few seconds from the window's load event. Please make sure it has an appropriate `as` value and it is preloaded intentionally. @ https://www.youtube.com/watch?v=EYkKlfiKiH4:0
[   14179ms] [WARNING] The resource https://i.ytimg.com/generate_204 was preloaded using link preload but not used within a few seconds from the window's load event. Please make sure it has an appropriate `as` value and it is preloaded intentionally. @ https://www.youtube.com/watch?v=EYkKlfiKiH4:0
[   23302ms] [WARNING] The resource https://rr5---sn-9gv7dn7l.c.youtube.com/generate_204 was preloaded using link preload but not used within a few seconds from the window's load event. Please make sure it has an appropriate `as` value and it is preloaded intentionally. @ https://www.youtube.com/watch?v=EYkKlfiKiH4:0
[   23303ms] [WARNING] The resource https://rr1---sn-a5meknzr.googlevideo.com/generate_204 was preloaded using link preload but not used within a few seconds from the window's load event. Please make sure it has an appropriate `as` value and it is preloaded intentionally. @ https://www.youtube.com/watch?v=EYkKlfiKiH4:0
[   23303ms] [WARNING] The resource https://i.ytimg.com/generate_204 was preloaded using link preload but not used within a few seconds from the window's load event. Please make sure it has an appropriate `as` value and it is preloaded intentionally. @ https://www.youtube.com/watch?v=EYkKlfiKiH4:0
[   40854ms] [WARNING] The resource https://rr5---sn-9gv7dn7l.c.youtube.com/generate_204 was preloaded using link preload but not used within a few seconds from the window's load event. Please make sure it has an appropriate `as` value and it is preloaded intentionally. @ https://www.youtube.com/watch?v=EYkKlfiKiH4:0
[   40854ms] [WARNING] The resource https://rr1---sn-a5meknzr.googlevideo.com/generate_204 was preloaded using link preload but not used within a few seconds from the window's load event. Please make sure it has an appropriate `as` value and it is preloaded intentionally. @ https://www.youtube.com/watch?v=EYkKlfiKiH4:0
[   40854ms] [WARNING] The resource https://i.ytimg.com/generate_204 was preloaded using link preload but not used within a few seconds from the window's load event. Please make sure it has an appropriate `as` value and it is preloaded intentionally. @ https://www.youtube.com/watch?v=EYkKlfiKiH4:0
[   44177ms] [WARNING] The resource https://rr5---sn-9gv7dn7l.c.youtube.com/generate_204 was preloaded using link preload but not used within a few seconds from the window's load event. Please make sure it has an appropriate `as` value and it is preloaded intentionally. @ https://www.youtube.com/watch?v=EYkKlfiKiH4:0
[   44177ms] [WARNING] The resource https://rr1---sn-a5meknzr.googlevideo.com/generate_204 was preloaded using link preload but not used within a few seconds from the window's load event. Please make sure it has an appropriate `as` value and it is preloaded intentionally. @ https://www.youtube.com/watch?v=EYkKlfiKiH4:0
[   44177ms] [WARNING] The resource https://i.ytimg.com/generate_204 was preloaded using link preload but not used within a few seconds from the window's load event. Please make sure it has an appropriate `as` value and it is preloaded intentionally. @ https://www.youtube.com/watch?v=EYkKlfiKiH4:0
[   69869ms] [WARNING] Manifest: property 'migrate_from' ignored, manifest must specify an 'id' property in order to receive a migration. @ https://www.youtube.com/manifest.webmanifest:0
[   71525ms] [INFO] LegacyDataMixin will be applied to all legacy elements.
Set `_legacyUndefinedCheck: true` on element class to enable. @ https://www.youtube.com/s/_/ytmainappweb/_/js/k=ytmainappweb.kevlar_base.en_US.QoIJCn4IPpA.es5.O/am=AAAAIAAAEICU/d=1/br=1/rs=AGKMywHMFm7XvOdvHO3cTSu7TMRFeF-V4Q/m=kevlar_base_module,kevlar_main_module,kevlar_base_sync_mod_chunk:13080
[   72715ms] [WARNING] The powerPreference option is currently ignored when calling requestAdapter() on Windows. See https://crbug.com/369219127 @ :0
[   79787ms] [WARNING] The resource https://rr5---sn-9gv7dn7s.c.youtube.com/generate_204 was preloaded using link preload but not used within a few seconds from the window's load event. Please make sure it has an appropriate `as` value and it is preloaded intentionally. @ https://www.youtube.com/watch?v=ZXhH1dzT0Tw:0
[   79787ms] [WARNING] The resource https://rr2---sn-u19gv5-5a.googlevideo.com/generate_204 was preloaded using link preload but not used within a few seconds from the window's load event. Please make sure it has an appropriate `as` value and it is preloaded intentionally. @ https://www.youtube.com/watch?v=ZXhH1dzT0Tw:0
[   79787ms] [WARNING] The resource https://i.ytimg.com/generate_204 was preloaded using link preload but not used within a few seconds from the window's load event. Please make sure it has an appropriate `as` value and it is preloaded intentionally. @ https://www.youtube.com/watch?v=ZXhH1dzT0Tw:0
[   83658ms] [WARNING] The resource https://rr5---sn-9gv7dn7s.c.youtube.com/generate_204 was preloaded using link preload but not used within a few seconds from the window's load event. Please make sure it has an appropriate `as` value and it is preloaded intentionally. @ https://www.youtube.com/watch?v=ZXhH1dzT0Tw:0
[   83658ms] [WARNING] The resource https://rr2---sn-u19gv5-5a.googlevideo.com/generate_204 was preloaded using link preload but not used within a few seconds from the window's load event. Please make sure it has an appropriate `as` value and it is preloaded intentionally. @ https://www.youtube.com/watch?v=ZXhH1dzT0Tw:0
[   83658ms] [WARNING] The resource https://i.ytimg.com/generate_204 was preloaded using link preload but not used within a few seconds from the window's load event. Please make sure it has an appropriate `as` value and it is preloaded intentionally. @ https://www.youtube.com/watch?v=ZXhH1dzT0Tw:0
[  135939ms] [WARNING] The resource https://rr5---sn-9gv7dn7s.c.youtube.com/generate_204 was preloaded using link preload but not used within a few seconds from the window's load event. Please make sure it has an appropriate `as` value and it is preloaded intentionally. @ https://www.youtube.com/watch?v=ZXhH1dzT0Tw:0
[  135939ms] [WARNING] The resource https://rr2---sn-u19gv5-5a.googlevideo.com/generate_204 was preloaded using link preload but not used within a few seconds from the window's load event. Please make sure it has an appropriate `as` value and it is preloaded intentionally. @ https://www.youtube.com/watch?v=ZXhH1dzT0Tw:0
[  135939ms] [WARNING] The resource https://i.ytimg.com/generate_204 was preloaded using link preload but not used within a few seconds from the window's load event. Please make sure it has an appropriate `as` value and it is preloaded intentionally. @ https://www.youtube.com/watch?v=ZXhH1dzT0Tw:0
[  176384ms] [WARNING] Manifest: property 'migrate_from' ignored, manifest must specify an 'id' property in order to receive a migration. @ https://www.youtube.com/manifest.webmanifest:0
[  177990ms] [INFO] LegacyDataMixin will be applied to all legacy elements.
Set `_legacyUndefinedCheck: true` on element class to enable. @ https://www.youtube.com/s/_/ytmainappweb/_/js/k=ytmainappweb.kevlar_base.en_US.QoIJCn4IPpA.es5.O/am=AAAAIAAAEICU/d=1/br=1/rs=AGKMywHMFm7XvOdvHO3cTSu7TMRFeF-V4Q/m=kevlar_base_module,kevlar_main_module,kevlar_base_sync_mod_chunk:13080
[  179428ms] [ERROR] Access to fetch at 'https://googleads.g.doubleclick.net/pagead/viewthroughconversion/962985656/?backend=innertube&cname=1&cver=2_20261002&foc_id=_f1D-UUq9QnvsMsVRVxVSA&label=followon_view&ptype=no_rmkt&random=489264126&cv_attributed=0' (redirected from 'https://www.youtube.com/pagead/viewthroughconversion/962985656/?backend=innertube&cname=1&cver=2_20261002&foc_id=_f1D-UUq9QnvsMsVRVxVSA&label=followon_view&ptype=no_rmkt&random=489264126') from origin 'https://www.youtube.com' has been blocked by CORS policy: No 'Access-Control-Allow-Origin' header is present on the requested resource. @ https://www.youtube.com/watch?v=4rgR6KtyHzI:0
[  179430ms] [ERROR] Failed to load resource: net::ERR_FAILED @ https://googleads.g.doubleclick.net/pagead/viewthroughconversion/962985656/?backend=innertube&cname=1&cver=2_20261002&foc_id=_f1D-UUq9QnvsMsVRVxVSA&label=followon_view&ptype=no_rmkt&random=489264126&cv_attributed=0:0
[  182920ms] [WARNING] The powerPreference option is currently ignored when calling requestAdapter() on Windows. See https://crbug.com/369219127 @ :0
[  191316ms] [WARNING] The resource https://rr2---sn-0opoxu-j8wl.googlevideo.com/generate_204 was preloaded using link preload but not used within a few seconds from the window's load event. Please make sure it has an appropriate `as` value and it is preloaded intentionally. @ https://www.youtube.com/watch?v=4rgR6KtyHzI:0
[  191316ms] [WARNING] The resource https://rr2---sn-9gv7ens7.c.youtube.com/generate_204 was preloaded using link preload but not used within a few seconds from the window's load event. Please make sure it has an appropriate `as` value and it is preloaded intentionally. @ https://www.youtube.com/watch?v=4rgR6KtyHzI:0
[  191316ms] [WARNING] The resource https://i.ytimg.com/generate_204 was preloaded using link preload but not used within a few seconds from the window's load event. Please make sure it has an appropriate `as` value and it is preloaded intentionally. @ https://www.youtube.com/watch?v=4rgR6KtyHzI:0
[  194523ms] [WARNING] The resource https://rr2---sn-0opoxu-j8wl.googlevideo.com/generate_204 was preloaded using link preload but not used within a few seconds from the window's load event. Please make sure it has an appropriate `as` value and it is preloaded intentionally. @ https://www.youtube.com/watch?v=4rgR6KtyHzI:0
[  194523ms] [WARNING] The resource https://rr2---sn-9gv7ens7.c.youtube.com/generate_204 was preloaded using link preload but not used within a few seconds from the window's load event. Please make sure it has an appropriate `as` value and it is preloaded intentionally. @ https://www.youtube.com/watch?v=4rgR6KtyHzI:0
[  194523ms] [WARNING] The resource https://i.ytimg.com/generate_204 was preloaded using link preload but not used within a few seconds from the window's load event. Please make sure it has an appropriate `as` value and it is preloaded intentionally. @ https://www.youtube.com/watch?v=4rgR6KtyHzI:0
[  203925ms] [WARNING] The resource https://rr2---sn-0opoxu-j8wl.googlevideo.com/generate_204 was preloaded using link preload but not used within a few seconds from the window's load event. Please make sure it has an appropriate `as` value and it is preloaded intentionally. @ https://www.youtube.com/watch?v=4rgR6KtyHzI:0
[  203925ms] [WARNING] The resource https://rr2---sn-9gv7ens7.c.youtube.com/generate_204 was preloaded using link preload but not used within a few seconds from the window's load event. Please make sure it has an appropriate `as` value and it is preloaded intentionally. @ https://www.youtube.com/watch?v=4rgR6KtyHzI:0
[  203925ms] [WARNING] The resource https://i.ytimg.com/generate_204 was preloaded using link preload but not used within a few seconds from the window's load event. Please make sure it has an appropriate `as` value and it is preloaded intentionally. @ https://www.youtube.com/watch?v=4rgR6KtyHzI:0
[  250529ms] [WARNING] The resource https://rr2---sn-0opoxu-j8wl.googlevideo.com/generate_204 was preloaded using link preload but not used within a few seconds from the window's load event. Please make sure it has an appropriate `as` value and it is preloaded intentionally. @ https://www.youtube.com/watch?v=4rgR6KtyHzI:0
[  250529ms] [WARNING] The resource https://rr2---sn-9gv7ens7.c.youtube.com/generate_204 was preloaded using link preload but not used within a few seconds from the window's load event. Please make sure it has an appropriate `as` value and it is preloaded intentionally. @ https://www.youtube.com/watch?v=4rgR6KtyHzI:0
[  250529ms] [WARNING] The resource https://i.ytimg.com/generate_204 was preloaded using link preload but not used within a few seconds from the window's load event. Please make sure it has an appropriate `as` value and it is preloaded intentionally. @ https://www.youtube.com/watch?v=4rgR6KtyHzI:0
[  504979ms] [WARNING] The resource https://rr2---sn-0opoxu-j8wl.googlevideo.com/generate_204 was preloaded using link preload but not used within a few seconds from the window's load event. Please make sure it has an appropriate `as` value and it is preloaded intentionally. @ https://www.youtube.com/watch?v=4rgR6KtyHzI:0
[  504979ms] [WARNING] The resource https://rr2---sn-9gv7ens7.c.youtube.com/generate_204 was preloaded using link preload but not used within a few seconds from the window's load event. Please make sure it has an appropriate `as` value and it is preloaded intentionally. @ https://www.youtube.com/watch?v=4rgR6KtyHzI:0
[  504980ms] [WARNING] The resource https://i.ytimg.com/generate_204 was preloaded using link preload but not used within a few seconds from the window's load event. Please make sure it has an appropriate `as` value and it is preloaded intentionally. @ https://www.youtube.com/watch?v=4rgR6KtyHzI:0
[  733484ms] [WARNING] Manifest: property 'migrate_from' ignored, manifest must specify an 'id' property in order to receive a migration. @ https://www.youtube.com/manifest.webmanifest:0
[  735345ms] [INFO] LegacyDataMixin will be applied to all legacy elements.
Set `_legacyUndefinedCheck: true` on element class to enable. @ https://www.youtube.com/s/_/ytmainappweb/_/js/k=ytmainappweb.kevlar_base.en_US.QoIJCn4IPpA.es5.O/am=AAAAIAAAEICU/d=1/br=1/rs=AGKMywHMFm7XvOdvHO3cTSu7TMRFeF-V4Q/m=kevlar_base_module,kevlar_main_module,kevlar_base_sync_mod_chunk:13080
[  740316ms] [WARNING] The powerPreference option is currently ignored when calling requestAdapter() on Windows. See https://crbug.com/369219127 @ :0
[  747338ms] [WARNING] The resource https://rr2---sn-9gv7dn7e.c.youtube.com/generate_204 was preloaded using link preload but not used within a few seconds from the window's load event. Please make sure it has an appropriate `as` value and it is preloaded intentionally. @ https://www.youtube.com/watch?v=PPNCe7nX3Fc:0
[  747338ms] [WARNING] The resource https://i.ytimg.com/generate_204 was preloaded using link preload but not used within a few seconds from the window's load event. Please make sure it has an appropriate `as` value and it is preloaded intentionally. @ https://www.youtube.com/watch?v=PPNCe7nX3Fc:0
[  747338ms] [WARNING] The resource https://rr4---sn-a5mekndk.googlevideo.com/generate_204 was preloaded using link preload but not used within a few seconds from the window's load event. Please make sure it has an appropriate `as` value and it is preloaded intentionally. @ https://www.youtube.com/watch?v=PPNCe7nX3Fc:0
[  751160ms] [WARNING] The resource https://rr2---sn-9gv7dn7e.c.youtube.com/generate_204 was preloaded using link preload but not used within a few seconds from the window's load event. Please make sure it has an appropriate `as` value and it is preloaded intentionally. @ https://www.youtube.com/watch?v=PPNCe7nX3Fc:0
[  751160ms] [WARNING] The resource https://i.ytimg.com/generate_204 was preloaded using link preload but not used within a few seconds from the window's load event. Please make sure it has an appropriate `as` value and it is preloaded intentionally. @ https://www.youtube.com/watch?v=PPNCe7nX3Fc:0
[  751160ms] [WARNING] The resource https://rr4---sn-a5mekndk.googlevideo.com/generate_204 was preloaded using link preload but not used within a few seconds from the window's load event. Please make sure it has an appropriate `as` value and it is preloaded intentionally. @ https://www.youtube.com/watch?v=PPNCe7nX3Fc:0
[  759554ms] [WARNING] The resource https://rr2---sn-9gv7dn7e.c.youtube.com/generate_204 was preloaded using link preload but not used within a few seconds from the window's load event. Please make sure it has an appropriate `as` value and it is preloaded intentionally. @ https://www.youtube.com/watch?v=PPNCe7nX3Fc:0
[  759554ms] [WARNING] The resource https://i.ytimg.com/generate_204 was preloaded using link preload but not used within a few seconds from the window's load event. Please make sure it has an appropriate `as` value and it is preloaded intentionally. @ https://www.youtube.com/watch?v=PPNCe7nX3Fc:0
[  759554ms] [WARNING] The resource https://rr4---sn-a5mekndk.googlevideo.com/generate_204 was preloaded using link preload but not used within a few seconds from the window's load event. Please make sure it has an appropriate `as` value and it is preloaded intentionally. @ https://www.youtube.com/watch?v=PPNCe7nX3Fc:0
[  808842ms] [WARNING] The resource https://rr2---sn-9gv7dn7e.c.youtube.com/generate_204 was preloaded using link preload but not used within a few seconds from the window's load event. Please make sure it has an appropriate `as` value and it is preloaded intentionally. @ https://www.youtube.com/watch?v=PPNCe7nX3Fc:0
[  808843ms] [WARNING] The resource https://i.ytimg.com/generate_204 was preloaded using link preload but not used within a few seconds from the window's load event. Please make sure it has an appropriate `as` value and it is preloaded intentionally. @ https://www.youtube.com/watch?v=PPNCe7nX3Fc:0
[  808843ms] [WARNING] The resource https://rr4---sn-a5mekndk.googlevideo.com/generate_204 was preloaded using link preload but not used within a few seconds from the window's load event. Please make sure it has an appropriate `as` value and it is preloaded intentionally. @ https://www.youtube.com/watch?v=PPNCe7nX3Fc:0
[  817327ms] [WARNING] The resource https://rr2---sn-9gv7dn7e.c.youtube.com/generate_204 was preloaded using link preload but not used within a few seconds from the window's load event. Please make sure it has an appropriate `as` value and it is preloaded intentionally. @ https://www.youtube.com/watch?v=PPNCe7nX3Fc:0
[  817328ms] [WARNING] The resource https://i.ytimg.com/generate_204 was preloaded using link preload but not used within a few seconds from the window's load event. Please make sure it has an appropriate `as` value and it is preloaded intentionally. @ https://www.youtube.com/watch?v=PPNCe7nX3Fc:0
[  817328ms] [WARNING] The resource https://rr4---sn-a5mekndk.googlevideo.com/generate_204 was preloaded using link preload but not used within a few seconds from the window's load event. Please make sure it has an appropriate `as` value and it is preloaded intentionally. @ https://www.youtube.com/watch?v=PPNCe7nX3Fc:0
[  827353ms] [WARNING] The resource https://rr2---sn-9gv7dn7e.c.youtube.com/generate_204 was preloaded using link preload but not used within a few seconds from the window's load event. Please make sure it has an appropriate `as` value and it is preloaded intentionally. @ https://www.youtube.com/watch?v=PPNCe7nX3Fc:0
[  827354ms] [WARNING] The resource https://i.ytimg.com/generate_204 was preloaded using link preload but not used within a few seconds from the window's load event. Please make sure it has an appropriate `as` value and it is preloaded intentionally. @ https://www.youtube.com/watch?v=PPNCe7nX3Fc:0
[  827354ms] [WARNING] The resource https://rr4---sn-a5mekndk.googlevideo.com/generate_204 was preloaded using link preload but not used within a few seconds from the window's load event. Please make sure it has an appropriate `as` value and it is preloaded intentionally. @ https://www.youtube.com/watch?v=PPNCe7nX3Fc:0
[ 1060530ms] [WARNING] The resource https://rr2---sn-9gv7dn7e.c.youtube.com/generate_204 was preloaded using link preload but not used within a few seconds from the window's load event. Please make sure it has an appropriate `as` value and it is preloaded intentionally. @ https://www.youtube.com/watch?v=PPNCe7nX3Fc:0
[ 1060531ms] [WARNING] The resource https://i.ytimg.com/generate_204 was preloaded using link preload but not used within a few seconds from the window's load event. Please make sure it has an appropriate `as` value and it is preloaded intentionally. @ https://www.youtube.com/watch?v=PPNCe7nX3Fc:0
[ 1060531ms] [WARNING] The resource https://rr4---sn-a5mekndk.googlevideo.com/generate_204 was preloaded using link preload but not used within a few seconds from the window's load event. Please make sure it has an appropriate `as` value and it is preloaded intentionally. @ https://www.youtube.com/watch?v=PPNCe7nX3Fc:0
[ 1378044ms] [WARNING] The resource https://rr2---sn-9gv7dn7e.c.youtube.com/generate_204 was preloaded using link preload but not used within a few seconds from the window's load event. Please make sure it has an appropriate `as` value and it is preloaded intentionally. @ https://www.youtube.com/watch?v=PPNCe7nX3Fc:0
[ 1378044ms] [WARNING] The resource https://i.ytimg.com/generate_204 was preloaded using link preload but not used within a few seconds from the window's load event. Please make sure it has an appropriate `as` value and it is preloaded intentionally. @ https://www.youtube.com/watch?v=PPNCe7nX3Fc:0
[ 1378044ms] [WARNING] The resource https://rr4---sn-a5mekndk.googlevideo.com/generate_204 was preloaded using link preload but not used within a few seconds from the window's load event. Please make sure it has an appropriate `as` value and it is preloaded intentionally. @ https://www.youtube.com/watch?v=PPNCe7nX3Fc:0
[ 1682861ms] [WARNING] The resource https://rr2---sn-9gv7dn7e.c.youtube.com/generate_204 was preloaded using link preload but not used within a few seconds from the window's load event. Please make sure it has an appropriate `as` value and it is preloaded intentionally. @ https://www.youtube.com/watch?v=PPNCe7nX3Fc:0
[ 1682861ms] [WARNING] The resource https://i.ytimg.com/generate_204 was preloaded using link preload but not used within a few seconds from the window's load event. Please make sure it has an appropriate `as` value and it is preloaded intentionally. @ https://www.youtube.com/watch?v=PPNCe7nX3Fc:0
[ 1682861ms] [WARNING] The resource https://rr4---sn-a5mekndk.googlevideo.com/generate_204 was preloaded using link preload but not used within a few seconds from the window's load event. Please make sure it has an appropriate `as` value and it is preloaded intentionally. @ https://www.youtube.com/watch?v=PPNCe7nX3Fc:0
[ 1987069ms] [WARNING] The resource https://rr2---sn-9gv7dn7e.c.youtube.com/generate_204 was preloaded using link preload but not used within a few seconds from the window's load event. Please make sure it has an appropriate `as` value and it is preloaded intentionally. @ https://www.youtube.com/watch?v=PPNCe7nX3Fc:0
[ 1987069ms] [WARNING] The resource https://i.ytimg.com/generate_204 was preloaded using link preload but not used within a few seconds from the window's load event. Please make sure it has an appropriate `as` value and it is preloaded intentionally. @ https://www.youtube.com/watch?v=PPNCe7nX3Fc:0
[ 1987069ms] [WARNING] The resource https://rr4---sn-a5mekndk.googlevideo.com/generate_204 was preloaded using link preload but not used within a few seconds from the window's load event. Please make sure it has an appropriate `as` value and it is preloaded intentionally. @ https://www.youtube.com/watch?v=PPNCe7nX3Fc:0
[ 2293469ms] [WARNING] The resource https://rr2---sn-9gv7dn7e.c.youtube.com/generate_204 was preloaded using link preload but not used within a few seconds from the window's load event. Please make sure it has an appropriate `as` value and it is preloaded intentionally. @ https://www.youtube.com/watch?v=PPNCe7nX3Fc:0
[ 2293469ms] [WARNING] The resource https://i.ytimg.com/generate_204 was preloaded using link preload but not used within a few seconds from the window's load event. Please make sure it has an appropriate `as` value and it is preloaded intentionally. @ https://www.youtube.com/watch?v=PPNCe7nX3Fc:0
[ 2293469ms] [WARNING] The resource https://rr4---sn-a5mekndk.googlevideo.com/generate_204 was preloaded using link preload but not used within a few seconds from the window's load event. Please make sure it has an appropriate `as` value and it is preloaded intentionally. @ https://www.youtube.com/watch?v=PPNCe7nX3Fc:0
[ 2539763ms] [WARNING] The resource https://rr2---sn-9gv7dn7e.c.youtube.com/generate_204 was preloaded using link preload but not used within a few seconds from the window's load event. Please make sure it has an appropriate `as` value and it is preloaded intentionally. @ https://www.youtube.com/watch?v=PPNCe7nX3Fc:0
[ 2539763ms] [WARNING] The resource https://i.ytimg.com/generate_204 was preloaded using link preload but not used within a few seconds from the window's load event. Please make sure it has an appropriate `as` value and it is preloaded intentionally. @ https://www.youtube.com/watch?v=PPNCe7nX3Fc:0
[ 2539763ms] [WARNING] The resource https://rr4---sn-a5mekndk.googlevideo.com/generate_204 was preloaded using link preload but not used within a few seconds from the window's load event. Please make sure it has an appropriate `as` value and it is preloaded intentionally. @ https://www.youtube.com/watch?v=PPNCe7nX3Fc:0
[ 2598333ms] [WARNING] The resource https://rr2---sn-9gv7dn7e.c.youtube.com/generate_204 was preloaded using link preload but not used within a few seconds from the window's load event. Please make sure it has an appropriate `as` value and it is preloaded intentionally. @ https://www.youtube.com/watch?v=PPNCe7nX3Fc:0
[ 2598333ms] [WARNING] The resource https://i.ytimg.com/generate_204 was preloaded using link preload but not used within a few seconds from the window's load event. Please make sure it has an appropriate `as` value and it is preloaded intentionally. @ https://www.youtube.com/watch?v=PPNCe7nX3Fc:0
[ 2598333ms] [WARNING] The resource https://rr4---sn-a5mekndk.googlevideo.com/generate_204 was preloaded using link preload but not used within a few seconds from the window's load event. Please make sure it has an appropriate `as` value and it is preloaded intentionally. @ https://www.youtube.com/watch?v=PPNCe7nX3Fc:0
[ 2935315ms] [WARNING] The resource https://rr2---sn-9gv7dn7e.c.youtube.com/generate_204 was preloaded using link preload but not used within a few seconds from the window's load event. Please make sure it has an appropriate `as` value and it is preloaded intentionally. @ https://www.youtube.com/watch?v=PPNCe7nX3Fc:0
[ 2935316ms] [WARNING] The resource https://i.ytimg.com/generate_204 was preloaded using link preload but not used within a few seconds from the window's load event. Please make sure it has an appropriate `as` value and it is preloaded intentionally. @ https://www.youtube.com/watch?v=PPNCe7nX3Fc:0
[ 2935316ms] [WARNING] The resource https://rr4---sn-a5mekndk.googlevideo.com/generate_204 was preloaded using link preload but not used within a few seconds from the window's load event. Please make sure it has an appropriate `as` value and it is preloaded intentionally. @ https://www.youtube.com/watch?v=PPNCe7nX3Fc:0
[ 3268059ms] [WARNING] The resource https://rr2---sn-9gv7dn7e.c.youtube.com/generate_204 was preloaded using link preload but not used within a few seconds from the window's load event. Please make sure it has an appropriate `as` value and it is preloaded intentionally. @ https://www.youtube.com/watch?v=PPNCe7nX3Fc:0
[ 3268059ms] [WARNING] The resource https://i.ytimg.com/generate_204 was preloaded using link preload but not used within a few seconds from the window's load event. Please make sure it has an appropriate `as` value and it is preloaded intentionally. @ https://www.youtube.com/watch?v=PPNCe7nX3Fc:0
[ 3268059ms] [WARNING] The resource https://rr4---sn-a5mekndk.googlevideo.com/generate_204 was preloaded using link preload but not used within a few seconds from the window's load event. Please make sure it has an appropriate `as` value and it is preloaded intentionally. @ https://www.youtube.com/watch?v=PPNCe7nX3Fc:0
[ 3600767ms] [WARNING] The resource https://rr2---sn-9gv7dn7e.c.youtube.com/generate_204 was preloaded using link preload but not used within a few seconds from the window's load event. Please make sure it has an appropriate `as` value and it is preloaded intentionally. @ https://www.youtube.com/watch?v=PPNCe7nX3Fc:0
[ 3600768ms] [WARNING] The resource https://i.ytimg.com/generate_204 was preloaded using link preload but not used within a few seconds from the window's load event. Please make sure it has an appropriate `as` value and it is preloaded intentionally. @ https://www.youtube.com/watch?v=PPNCe7nX3Fc:0
[ 3600768ms] [WARNING] The resource https://rr4---sn-a5mekndk.googlevideo.com/generate_204 was preloaded using link preload but not used within a few seconds from the window's load event. Please make sure it has an appropriate `as` value and it is preloaded intentionally. @ https://www.youtube.com/watch?v=PPNCe7nX3Fc:0
[ 3903803ms] [WARNING] The resource https://rr2---sn-9gv7dn7e.c.youtube.com/generate_204 was preloaded using link preload but not used within a few seconds from the window's load event. Please make sure it has an appropriate `as` value and it is preloaded intentionally. @ https://www.youtube.com/watch?v=PPNCe7nX3Fc:0
[ 3903803ms] [WARNING] The resource https://i.ytimg.com/generate_204 was preloaded using link preload but not used within a few seconds from the window's load event. Please make sure it has an appropriate `as` value and it is preloaded intentionally. @ https://www.youtube.com/watch?v=PPNCe7nX3Fc:0
[ 3903804ms] [WARNING] The resource https://rr4---sn-a5mekndk.googlevideo.com/generate_204 was preloaded using link preload but not used within a few seconds from the window's load event. Please make sure it has an appropriate `as` value and it is preloaded intentionally. @ https://www.youtube.com/watch?v=PPNCe7nX3Fc:0
[ 4233545ms] [WARNING] The resource https://rr2---sn-9gv7dn7e.c.youtube.com/generate_204 was preloaded using link preload but not used within a few seconds from the window's load event. Please make sure it has an appropriate `as` value and it is preloaded intentionally. @ https://www.youtube.com/watch?v=PPNCe7nX3Fc:0
[ 4233545ms] [WARNING] The resource https://i.ytimg.com/generate_204 was preloaded using link preload but not used within a few seconds from the window's load event. Please make sure it has an appropriate `as` value and it is preloaded intentionally. @ https://www.youtube.com/watch?v=PPNCe7nX3Fc:0
[ 4233545ms] [WARNING] The resource https://rr4---sn-a5mekndk.googlevideo.com/generate_204 was preloaded using link preload but not used within a few seconds from the window's load event. Please make sure it has an appropriate `as` value and it is preloaded intentionally. @ https://www.youtube.com/watch?v=PPNCe7nX3Fc:0
[ 4340006ms] [WARNING] The resource https://rr2---sn-9gv7dn7e.c.youtube.com/generate_204 was preloaded using link preload but not used within a few seconds from the window's load event. Please make sure it has an appropriate `as` value and it is preloaded intentionally. @ https://www.youtube.com/watch?v=PPNCe7nX3Fc:0
[ 4340006ms] [WARNING] The resource https://i.ytimg.com/generate_204 was preloaded using link preload but not used within a few seconds from the window's load event. Please make sure it has an appropriate `as` value and it is preloaded intentionally. @ https://www.youtube.com/watch?v=PPNCe7nX3Fc:0
[ 4340007ms] [WARNING] The resource https://rr4---sn-a5mekndk.googlevideo.com/generate_204 was preloaded using link preload but not used within a few seconds from the window's load event. Please make sure it has an appropriate `as` value and it is preloaded intentionally. @ https://www.youtube.com/watch?v=PPNCe7nX3Fc:0
[ 4538814ms] [WARNING] The resource https://rr2---sn-9gv7dn7e.c.youtube.com/generate_204 was preloaded using link preload but not used within a few seconds from the window's load event. Please make sure it has an appropriate `as` value and it is preloaded intentionally. @ https://www.youtube.com/watch?v=PPNCe7nX3Fc:0
[ 4538814ms] [WARNING] The resource https://i.ytimg.com/generate_204 was preloaded using link preload but not used within a few seconds from the window's load event. Please make sure it has an appropriate `as` value and it is preloaded intentionally. @ https://www.youtube.com/watch?v=PPNCe7nX3Fc:0
[ 4538814ms] [WARNING] The resource https://rr4---sn-a5mekndk.googlevideo.com/generate_204 was preloaded using link preload but not used within a few seconds from the window's load event. Please make sure it has an appropriate `as` value and it is preloaded intentionally. @ https://www.youtube.com/watch?v=PPNCe7nX3Fc:0
[ 4843485ms] [WARNING] The resource https://rr2---sn-9gv7dn7e.c.youtube.com/generate_204 was preloaded using link preload but not used within a few seconds from the window's load event. Please make sure it has an appropriate `as` value and it is preloaded intentionally. @ https://www.youtube.com/watch?v=PPNCe7nX3Fc:0
[ 4843486ms] [WARNING] The resource https://i.ytimg.com/generate_204 was preloaded using link preload but not used within a few seconds from the window's load event. Please make sure it has an appropriate `as` value and it is preloaded intentionally. @ https://www.youtube.com/watch?v=PPNCe7nX3Fc:0
[ 4843486ms] [WARNING] The resource https://rr4---sn-a5mekndk.googlevideo.com/generate_204 was preloaded using link preload but not used within a few seconds from the window's load event. Please make sure it has an appropriate `as` value and it is preloaded intentionally. @ https://www.youtube.com/watch?v=PPNCe7nX3Fc:0
[ 5146681ms] [WARNING] The resource https://rr2---sn-9gv7dn7e.c.youtube.com/generate_204 was preloaded using link preload but not used within a few seconds from the window's load event. Please make sure it has an appropriate `as` value and it is preloaded intentionally. @ https://www.youtube.com/watch?v=PPNCe7nX3Fc:0
[ 5146681ms] [WARNING] The resource https://i.ytimg.com/generate_204 was preloaded using link preload but not used within a few seconds from the window's load event. Please make sure it has an appropriate `as` value and it is preloaded intentionally. @ https://www.youtube.com/watch?v=PPNCe7nX3Fc:0
[ 5146681ms] [WARNING] The resource https://rr4---sn-a5mekndk.googlevideo.com/generate_204 was preloaded using link preload but not used within a few seconds from the window's load event. Please make sure it has an appropriate `as` value and it is preloaded intentionally. @ https://www.youtube.com/watch?v=PPNCe7nX3Fc:0
[ 5449752ms] [WARNING] The resource https://rr2---sn-9gv7dn7e.c.youtube.com/generate_204 was preloaded using link preload but not used within a few seconds from the window's load event. Please make sure it has an appropriate `as` value and it is preloaded intentionally. @ https://www.youtube.com/watch?v=PPNCe7nX3Fc:0
[ 5449752ms] [WARNING] The resource https://i.ytimg.com/generate_204 was preloaded using link preload but not used within a few seconds from the window's load event. Please make sure it has an appropriate `as` value and it is preloaded intentionally. @ https://www.youtube.com/watch?v=PPNCe7nX3Fc:0
[ 5449752ms] [WARNING] The resource https://rr4---sn-a5mekndk.googlevideo.com/generate_204 was preloaded using link preload but not used within a few seconds from the window's load event. Please make sure it has an appropriate `as` value and it is preloaded intentionally. @ https://www.youtube.com/watch?v=PPNCe7nX3Fc:0
[ 5752939ms] [WARNING] The resource https://rr2---sn-9gv7dn7e.c.youtube.com/generate_204 was preloaded using link preload but not used within a few seconds from the window's load event. Please make sure it has an appropriate `as` value and it is preloaded intentionally. @ https://www.youtube.com/watch?v=PPNCe7nX3Fc:0
[ 5752939ms] [WARNING] The resource https://i.ytimg.com/generate_204 was preloaded using link preload but not used within a few seconds from the window's load event. Please make sure it has an appropriate `as` value and it is preloaded intentionally. @ https://www.youtube.com/watch?v=PPNCe7nX3Fc:0
[ 5752939ms] [WARNING] The resource https://rr4---sn-a5mekndk.googlevideo.com/generate_204 was preloaded using link preload but not used within a few seconds from the window's load event. Please make sure it has an appropriate `as` value and it is preloaded intentionally. @ https://www.youtube.com/watch?v=PPNCe7nX3Fc:0
[ 6059346ms] [WARNING] The resource https://rr2---sn-9gv7dn7e.c.youtube.com/generate_204 was preloaded using link preload but not used within a few seconds from the window's load event. Please make sure it has an appropriate `as` value and it is preloaded intentionally. @ https://www.youtube.com/watch?v=PPNCe7nX3Fc:0
[ 6059346ms] [WARNING] The resource https://i.ytimg.com/generate_204 was preloaded using link preload but not used within a few seconds from the window's load event. Please make sure it has an appropriate `as` value and it is preloaded intentionally. @ https://www.youtube.com/watch?v=PPNCe7nX3Fc:0
[ 6059347ms] [WARNING] The resource https://rr4---sn-a5mekndk.googlevideo.com/generate_204 was preloaded using link preload but not used within a few seconds from the window's load event. Please make sure it has an appropriate `as` value and it is preloaded intentionally. @ https://www.youtube.com/watch?v=PPNCe7nX3Fc:0
[ 6140151ms] [WARNING] The resource https://rr2---sn-9gv7dn7e.c.youtube.com/generate_204 was preloaded using link preload but not used within a few seconds from the window's load event. Please make sure it has an appropriate `as` value and it is preloaded intentionally. @ https://www.youtube.com/watch?v=PPNCe7nX3Fc:0
[ 6140151ms] [WARNING] The resource https://i.ytimg.com/generate_204 was preloaded using link preload but not used within a few seconds from the window's load event. Please make sure it has an appropriate `as` value and it is preloaded intentionally. @ https://www.youtube.com/watch?v=PPNCe7nX3Fc:0
[ 6140151ms] [WARNING] The resource https://rr4---sn-a5mekndk.googlevideo.com/generate_204 was preloaded using link preload but not used within a few seconds from the window's load event. Please make sure it has an appropriate `as` value and it is preloaded intentionally. @ https://www.youtube.com/watch?v=PPNCe7nX3Fc:0
[ 6391284ms] [WARNING] The resource https://rr2---sn-9gv7dn7e.c.youtube.com/generate_204 was preloaded using link preload but not used within a few seconds from the window's load event. Please make sure it has an appropriate `as` value and it is preloaded intentionally. @ https://www.youtube.com/watch?v=PPNCe7nX3Fc:0
[ 6391284ms] [WARNING] The resource https://i.ytimg.com/generate_204 was preloaded using link preload but not used within a few seconds from the window's load event. Please make sure it has an appropriate `as` value and it is preloaded intentionally. @ https://www.youtube.com/watch?v=PPNCe7nX3Fc:0
[ 6391284ms] [WARNING] The resource https://rr4---sn-a5mekndk.googlevideo.com/generate_204 was preloaded using link preload but not used within a few seconds from the window's load event. Please make sure it has an appropriate `as` value and it is preloaded intentionally. @ https://www.youtube.com/watch?v=PPNCe7nX3Fc:0
[ 6693470ms] [WARNING] The resource https://rr2---sn-9gv7dn7e.c.youtube.com/generate_204 was preloaded using link preload but not used within a few seconds from the window's load event. Please make sure it has an appropriate `as` value and it is preloaded intentionally. @ https://www.youtube.com/watch?v=PPNCe7nX3Fc:0
[ 6693471ms] [WARNING] The resource https://i.ytimg.com/generate_204 was preloaded using link preload but not used within a few seconds from the window's load event. Please make sure it has an appropriate `as` value and it is preloaded intentionally. @ https://www.youtube.com/watch?v=PPNCe7nX3Fc:0
[ 6693471ms] [WARNING] The resource https://rr4---sn-a5mekndk.googlevideo.com/generate_204 was preloaded using link preload but not used within a few seconds from the window's load event. Please make sure it has an appropriate `as` value and it is preloaded intentionally. @ https://www.youtube.com/watch?v=PPNCe7nX3Fc:0
[ 7001863ms] [WARNING] The resource https://rr2---sn-9gv7dn7e.c.youtube.com/generate_204 was preloaded using link preload but not used within a few seconds from the window's load event. Please make sure it has an appropriate `as` value and it is preloaded intentionally. @ https://www.youtube.com/watch?v=PPNCe7nX3Fc:0
[ 7001863ms] [WARNING] The resource https://i.ytimg.com/generate_204 was preloaded using link preload but not used within a few seconds from the window's load event. Please make sure it has an appropriate `as` value and it is preloaded intentionally. @ https://www.youtube.com/watch?v=PPNCe7nX3Fc:0
[ 7001863ms] [WARNING] The resource https://rr4---sn-a5mekndk.googlevideo.com/generate_204 was preloaded using link preload but not used within a few seconds from the window's load event. Please make sure it has an appropriate `as` value and it is preloaded intentionally. @ https://www.youtube.com/watch?v=PPNCe7nX3Fc:0
[ 7334462ms] [WARNING] The resource https://rr2---sn-9gv7dn7e.c.youtube.com/generate_204 was preloaded using link preload but not used within a few seconds from the window's load event. Please make sure it has an appropriate `as` value and it is preloaded intentionally. @ https://www.youtube.com/watch?v=PPNCe7nX3Fc:0
[ 7334462ms] [WARNING] The resource https://i.ytimg.com/generate_204 was preloaded using link preload but not used within a few seconds from the window's load event. Please make sure it has an appropriate `as` value and it is preloaded intentionally. @ https://www.youtube.com/watch?v=PPNCe7nX3Fc:0
[ 7334463ms] [WARNING] The resource https://rr4---sn-a5mekndk.googlevideo.com/generate_204 was preloaded using link preload but not used within a few seconds from the window's load event. Please make sure it has an appropriate `as` value and it is preloaded intentionally. @ https://www.youtube.com/watch?v=PPNCe7nX3Fc:0
[ 7667220ms] [WARNING] The resource https://rr2---sn-9gv7dn7e.c.youtube.com/generate_204 was preloaded using link preload but not used within a few seconds from the window's load event. Please make sure it has an appropriate `as` value and it is preloaded intentionally. @ https://www.youtube.com/watch?v=PPNCe7nX3Fc:0
[ 7667221ms] [WARNING] The resource https://i.ytimg.com/generate_204 was preloaded using link preload but not used within a few seconds from the window's load event. Please make sure it has an appropriate `as` value and it is preloaded intentionally. @ https://www.youtube.com/watch?v=PPNCe7nX3Fc:0
[ 7667221ms] [WARNING] The resource https://rr4---sn-a5mekndk.googlevideo.com/generate_204 was preloaded using link preload but not used within a few seconds from the window's load event. Please make sure it has an appropriate `as` value and it is preloaded intentionally. @ https://www.youtube.com/watch?v=PPNCe7nX3Fc:0
[ 7940323ms] [WARNING] The resource https://rr2---sn-9gv7dn7e.c.youtube.com/generate_204 was preloaded using link preload but not used within a few seconds from the window's load event. Please make sure it has an appropriate `as` value and it is preloaded intentionally. @ https://www.youtube.com/watch?v=PPNCe7nX3Fc:0
[ 7940323ms] [WARNING] The resource https://i.ytimg.com/generate_204 was preloaded using link preload but not used within a few seconds from the window's load event. Please make sure it has an appropriate `as` value and it is preloaded intentionally. @ https://www.youtube.com/watch?v=PPNCe7nX3Fc:0
[ 7940323ms] [WARNING] The resource https://rr4---sn-a5mekndk.googlevideo.com/generate_204 was preloaded using link preload but not used within a few seconds from the window's load event. Please make sure it has an appropriate `as` value and it is preloaded intentionally. @ https://www.youtube.com/watch?v=PPNCe7nX3Fc:0
[ 7997246ms] [WARNING] The resource https://rr2---sn-9gv7dn7e.c.youtube.com/generate_204 was preloaded using link preload but not used within a few seconds from the window's load event. Please make sure it has an appropriate `as` value and it is preloaded intentionally. @ https://www.youtube.com/watch?v=PPNCe7nX3Fc:0
[ 7997246ms] [WARNING] The resource https://i.ytimg.com/generate_204 was preloaded using link preload but not used within a few seconds from the window's load event. Please make sure it has an appropriate `as` value and it is preloaded intentionally. @ https://www.youtube.com/watch?v=PPNCe7nX3Fc:0
[ 7997246ms] [WARNING] The resource https://rr4---sn-a5mekndk.googlevideo.com/generate_204 was preloaded using link preload but not used within a few seconds from the window's load event. Please make sure it has an appropriate `as` value and it is preloaded intentionally. @ https://www.youtube.com/watch?v=PPNCe7nX3Fc:0
[ 8303671ms] [WARNING] The resource https://rr2---sn-9gv7dn7e.c.youtube.com/generate_204 was preloaded using link preload but not used within a few seconds from the window's load event. Please make sure it has an appropriate `as` value and it is preloaded intentionally. @ https://www.youtube.com/watch?v=PPNCe7nX3Fc:0
[ 8303671ms] [WARNING] The resource https://i.ytimg.com/generate_204 was preloaded using link preload but not used within a few seconds from the window's load event. Please make sure it has an appropriate `as` value and it is preloaded intentionally. @ https://www.youtube.com/watch?v=PPNCe7nX3Fc:0
[ 8303671ms] [WARNING] The resource https://rr4---sn-a5mekndk.googlevideo.com/generate_204 was preloaded using link preload but not used within a few seconds from the window's load event. Please make sure it has an appropriate `as` value and it is preloaded intentionally. @ https://www.youtube.com/watch?v=PPNCe7nX3Fc:0
[ 8635995ms] [WARNING] The resource https://rr2---sn-9gv7dn7e.c.youtube.com/generate_204 was preloaded using link preload but not used within a few seconds from the window's load event. Please make sure it has an appropriate `as` value and it is preloaded intentionally. @ https://www.youtube.com/watch?v=PPNCe7nX3Fc:0
[ 8635996ms] [WARNING] The resource https://i.ytimg.com/generate_204 was preloaded using link preload but not used within a few seconds from the window's load event. Please make sure it has an appropriate `as` value and it is preloaded intentionally. @ https://www.youtube.com/watch?v=PPNCe7nX3Fc:0
[ 8635996ms] [WARNING] The resource https://rr4---sn-a5mekndk.googlevideo.com/generate_204 was preloaded using link preload but not used within a few seconds from the window's load event. Please make sure it has an appropriate `as` value and it is preloaded intentionally. @ https://www.youtube.com/watch?v=PPNCe7nX3Fc:0
[ 8942249ms] [WARNING] The resource https://rr2---sn-9gv7dn7e.c.youtube.com/generate_204 was preloaded using link preload but not used within a few seconds from the window's load event. Please make sure it has an appropriate `as` value and it is preloaded intentionally. @ https://www.youtube.com/watch?v=PPNCe7nX3Fc:0
[ 8942249ms] [WARNING] The resource https://i.ytimg.com/generate_204 was preloaded using link preload but not used within a few seconds from the window's load event. Please make sure it has an appropriate `as` value and it is preloaded intentionally. @ https://www.youtube.com/watch?v=PPNCe7nX3Fc:0
[ 8942249ms] [WARNING] The resource https://rr4---sn-a5mekndk.googlevideo.com/generate_204 was preloaded using link preload but not used within a few seconds from the window's load event. Please make sure it has an appropriate `as` value and it is preloaded intentionally. @ https://www.youtube.com/watch?v=PPNCe7nX3Fc:0
[ 9247607ms] [WARNING] The resource https://rr2---sn-9gv7dn7e.c.youtube.com/generate_204 was preloaded using link preload but not used within a few seconds from the window's load event. Please make sure it has an appropriate `as` value and it is preloaded intentionally. @ https://www.youtube.com/watch?v=PPNCe7nX3Fc:0
[ 9247607ms] [WARNING] The resource https://i.ytimg.com/generate_204 was preloaded using link preload but not used within a few seconds from the window's load event. Please make sure it has an appropriate `as` value and it is preloaded intentionally. @ https://www.youtube.com/watch?v=PPNCe7nX3Fc:0
[ 9247607ms] [WARNING] The resource https://rr4---sn-a5mekndk.googlevideo.com/generate_204 was preloaded using link preload but not used within a few seconds from the window's load event. Please make sure it has an appropriate `as` value and it is preloaded intentionally. @ https://www.youtube.com/watch?v=PPNCe7nX3Fc:0
[ 9551666ms] [WARNING] The resource https://rr2---sn-9gv7dn7e.c.youtube.com/generate_204 was preloaded using link preload but not used within a few seconds from the window's load event. Please make sure it has an appropriate `as` value and it is preloaded intentionally. @ https://www.youtube.com/watch?v=PPNCe7nX3Fc:0
[ 9551666ms] [WARNING] The resource https://i.ytimg.com/generate_204 was preloaded using link preload but not used within a few seconds from the window's load event. Please make sure it has an appropriate `as` value and it is preloaded intentionally. @ https://www.youtube.com/watch?v=PPNCe7nX3Fc:0
[ 9551666ms] [WARNING] The resource https://rr4---sn-a5mekndk.googlevideo.com/generate_204 was preloaded using link preload but not used within a few seconds from the window's load event. Please make sure it has an appropriate `as` value and it is preloaded intentionally. @ https://www.youtube.com/watch?v=PPNCe7nX3Fc:0
[ 9740504ms] [WARNING] The resource https://rr2---sn-9gv7dn7e.c.youtube.com/generate_204 was preloaded using link preload but not used within a few seconds from the window's load event. Please make sure it has an appropriate `as` value and it is preloaded intentionally. @ https://www.youtube.com/watch?v=PPNCe7nX3Fc:0
[ 9740505ms] [WARNING] The resource https://i.ytimg.com/generate_204 was preloaded using link preload but not used within a few seconds from the window's load event. Please make sure it has an appropriate `as` value and it is preloaded intentionally. @ https://www.youtube.com/watch?v=PPNCe7nX3Fc:0
[ 9740505ms] [WARNING] The resource https://rr4---sn-a5mekndk.googlevideo.com/generate_204 was preloaded using link preload but not used within a few seconds from the window's load event. Please make sure it has an appropriate `as` value and it is preloaded intentionally. @ https://www.youtube.com/watch?v=PPNCe7nX3Fc:0
[ 9857157ms] [WARNING] The resource https://rr2---sn-9gv7dn7e.c.youtube.com/generate_204 was preloaded using link preload but not used within a few seconds from the window's load event. Please make sure it has an appropriate `as` value and it is preloaded intentionally. @ https://www.youtube.com/watch?v=PPNCe7nX3Fc:0
[ 9857157ms] [WARNING] The resource https://i.ytimg.com/generate_204 was preloaded using link preload but not used within a few seconds from the window's load event. Please make sure it has an appropriate `as` value and it is preloaded intentionally. @ https://www.youtube.com/watch?v=PPNCe7nX3Fc:0
[ 9857157ms] [WARNING] The resource https://rr4---sn-a5mekndk.googlevideo.com/generate_204 was preloaded using link preload but not used within a few seconds from the window's load event. Please make sure it has an appropriate `as` value and it is preloaded intentionally. @ https://www.youtube.com/watch?v=PPNCe7nX3Fc:0
[10160428ms] [WARNING] The resource https://rr2---sn-9gv7dn7e.c.youtube.com/generate_204 was preloaded using link preload but not used within a few seconds from the window's load event. Please make sure it has an appropriate `as` value and it is preloaded intentionally. @ https://www.youtube.com/watch?v=PPNCe7nX3Fc:0
[10160428ms] [WARNING] The resource https://i.ytimg.com/generate_204 was preloaded using link preload but not used within a few seconds from the window's load event. Please make sure it has an appropriate `as` value and it is preloaded intentionally. @ https://www.youtube.com/watch?v=PPNCe7nX3Fc:0
[10160428ms] [WARNING] The resource https://rr4---sn-a5mekndk.googlevideo.com/generate_204 was preloaded using link preload but not used within a few seconds from the window's load event. Please make sure it has an appropriate `as` value and it is preloaded intentionally. @ https://www.youtube.com/watch?v=PPNCe7nX3Fc:0
[10468184ms] [WARNING] The resource https://rr2---sn-9gv7dn7e.c.youtube.com/generate_204 was preloaded using link preload but not used within a few seconds from the window's load event. Please make sure it has an appropriate `as` value and it is preloaded intentionally. @ https://www.youtube.com/watch?v=PPNCe7nX3Fc:0
[10468185ms] [WARNING] The resource https://i.ytimg.com/generate_204 was preloaded using link preload but not used within a few seconds from the window's load event. Please make sure it has an appropriate `as` value and it is preloaded intentionally. @ https://www.youtube.com/watch?v=PPNCe7nX3Fc:0
[10468185ms] [WARNING] The resource https://rr4---sn-a5mekndk.googlevideo.com/generate_204 was preloaded using link preload but not used within a few seconds from the window's load event. Please make sure it has an appropriate `as` value and it is preloaded intentionally. @ https://www.youtube.com/watch?v=PPNCe7nX3Fc:0
[10798208ms] [WARNING] The resource https://rr2---sn-9gv7dn7e.c.youtube.com/generate_204 was preloaded using link preload but not used within a few seconds from the window's load event. Please make sure it has an appropriate `as` value and it is preloaded intentionally. @ https://www.youtube.com/watch?v=PPNCe7nX3Fc:0
[10798208ms] [WARNING] The resource https://i.ytimg.com/generate_204 was preloaded using link preload but not used within a few seconds from the window's load event. Please make sure it has an appropriate `as` value and it is preloaded intentionally. @ https://www.youtube.com/watch?v=PPNCe7nX3Fc:0
[10798208ms] [WARNING] The resource https://rr4---sn-a5mekndk.googlevideo.com/generate_204 was preloaded using link preload but not used within a few seconds from the window's load event. Please make sure it has an appropriate `as` value and it is preloaded intentionally. @ https://www.youtube.com/watch?v=PPNCe7nX3Fc:0
[11104895ms] [WARNING] The resource https://rr2---sn-9gv7dn7e.c.youtube.com/generate_204 was preloaded using link preload but not used within a few seconds from the window's load event. Please make sure it has an appropriate `as` value and it is preloaded intentionally. @ https://www.youtube.com/watch?v=PPNCe7nX3Fc:0
[11104895ms] [WARNING] The resource https://i.ytimg.com/generate_204 was preloaded using link preload but not used within a few seconds from the window's load event. Please make sure it has an appropriate `as` value and it is preloaded intentionally. @ https://www.youtube.com/watch?v=PPNCe7nX3Fc:0
[11104895ms] [WARNING] The resource https://rr4---sn-a5mekndk.googlevideo.com/generate_204 was preloaded using link preload but not used within a few seconds from the window's load event. Please make sure it has an appropriate `as` value and it is preloaded intentionally. @ https://www.youtube.com/watch?v=PPNCe7nX3Fc:0
[11437570ms] [WARNING] The resource https://rr2---sn-9gv7dn7e.c.youtube.com/generate_204 was preloaded using link preload but not used within a few seconds from the window's load event. Please make sure it has an appropriate `as` value and it is preloaded intentionally. @ https://www.youtube.com/watch?v=PPNCe7nX3Fc:0
[11437570ms] [WARNING] The resource https://i.ytimg.com/generate_204 was preloaded using link preload but not used within a few seconds from the window's load event. Please make sure it has an appropriate `as` value and it is preloaded intentionally. @ https://www.youtube.com/watch?v=PPNCe7nX3Fc:0
[11437570ms] [WARNING] The resource https://rr4---sn-a5mekndk.googlevideo.com/generate_204 was preloaded using link preload but not used within a few seconds from the window's load event. Please make sure it has an appropriate `as` value and it is preloaded intentionally. @ https://www.youtube.com/watch?v=PPNCe7nX3Fc:0
[11540636ms] [WARNING] The resource https://rr2---sn-9gv7dn7e.c.youtube.com/generate_204 was preloaded using link preload but not used within a few seconds from the window's load event. Please make sure it has an appropriate `as` value and it is preloaded intentionally. @ https://www.youtube.com/watch?v=PPNCe7nX3Fc:0
[11540640ms] [WARNING] The resource https://i.ytimg.com/generate_204 was preloaded using link preload but not used within a few seconds from the window's load event. Please make sure it has an appropriate `as` value and it is preloaded intentionally. @ https://www.youtube.com/watch?v=PPNCe7nX3Fc:0
[11540641ms] [WARNING] The resource https://rr4---sn-a5mekndk.googlevideo.com/generate_204 was preloaded using link preload but not used within a few seconds from the window's load event. Please make sure it has an appropriate `as` value and it is preloaded intentionally. @ https://www.youtube.com/watch?v=PPNCe7nX3Fc:0
[11770213ms] [WARNING] The resource https://rr2---sn-9gv7dn7e.c.youtube.com/generate_204 was preloaded using link preload but not used within a few seconds from the window's load event. Please make sure it has an appropriate `as` value and it is preloaded intentionally. @ https://www.youtube.com/watch?v=PPNCe7nX3Fc:0
[11770214ms] [WARNING] The resource https://i.ytimg.com/generate_204 was preloaded using link preload but not used within a few seconds from the window's load event. Please make sure it has an appropriate `as` value and it is preloaded intentionally. @ https://www.youtube.com/watch?v=PPNCe7nX3Fc:0
[11770214ms] [WARNING] The resource https://rr4---sn-a5mekndk.googlevideo.com/generate_204 was preloaded using link preload but not used within a few seconds from the window's load event. Please make sure it has an appropriate `as` value and it is preloaded intentionally. @ https://www.youtube.com/watch?v=PPNCe7nX3Fc:0
[12102910ms] [WARNING] The resource https://rr2---sn-9gv7dn7e.c.youtube.com/generate_204 was preloaded using link preload but not used within a few seconds from the window's load event. Please make sure it has an appropriate `as` value and it is preloaded intentionally. @ https://www.youtube.com/watch?v=PPNCe7nX3Fc:0
[12102911ms] [WARNING] The resource https://i.ytimg.com/generate_204 was preloaded using link preload but not used within a few seconds from the window's load event. Please make sure it has an appropriate `as` value and it is preloaded intentionally. @ https://www.youtube.com/watch?v=PPNCe7nX3Fc:0
[12102911ms] [WARNING] The resource https://rr4---sn-a5mekndk.googlevideo.com/generate_204 was preloaded using link preload but not used within a few seconds from the window's load event. Please make sure it has an appropriate `as` value and it is preloaded intentionally. @ https://www.youtube.com/watch?v=PPNCe7nX3Fc:0
[12435679ms] [WARNING] The resource https://rr2---sn-9gv7dn7e.c.youtube.com/generate_204 was preloaded using link preload but not used within a few seconds from the window's load event. Please make sure it has an appropriate `as` value and it is preloaded intentionally. @ https://www.youtube.com/watch?v=PPNCe7nX3Fc:0
[12435680ms] [WARNING] The resource https://i.ytimg.com/generate_204 was preloaded using link preload but not used within a few seconds from the window's load event. Please make sure it has an appropriate `as` value and it is preloaded intentionally. @ https://www.youtube.com/watch?v=PPNCe7nX3Fc:0
[12435680ms] [WARNING] The resource https://rr4---sn-a5mekndk.googlevideo.com/generate_204 was preloaded using link preload but not used within a few seconds from the window's load event. Please make sure it has an appropriate `as` value and it is preloaded intentionally. @ https://www.youtube.com/watch?v=PPNCe7nX3Fc:0
[12768484ms] [WARNING] The resource https://rr2---sn-9gv7dn7e.c.youtube.com/generate_204 was preloaded using link preload but not used within a few seconds from the window's load event. Please make sure it has an appropriate `as` value and it is preloaded intentionally. @ https://www.youtube.com/watch?v=PPNCe7nX3Fc:0
[12768484ms] [WARNING] The resource https://i.ytimg.com/generate_204 was preloaded using link preload but not used within a few seconds from the window's load event. Please make sure it has an appropriate `as` value and it is preloaded intentionally. @ https://www.youtube.com/watch?v=PPNCe7nX3Fc:0
[12768484ms] [WARNING] The resource https://rr4---sn-a5mekndk.googlevideo.com/generate_204 was preloaded using link preload but not used within a few seconds from the window's load event. Please make sure it has an appropriate `as` value and it is preloaded intentionally. @ https://www.youtube.com/watch?v=PPNCe7nX3Fc:0
[13101265ms] [WARNING] The resource https://rr2---sn-9gv7dn7e.c.youtube.com/generate_204 was preloaded using link preload but not used within a few seconds from the window's load event. Please make sure it has an appropriate `as` value and it is preloaded intentionally. @ https://www.youtube.com/watch?v=PPNCe7nX3Fc:0
[13101265ms] [WARNING] The resource https://i.ytimg.com/generate_204 was preloaded using link preload but not used within a few seconds from the window's load event. Please make sure it has an appropriate `as` value and it is preloaded intentionally. @ https://www.youtube.com/watch?v=PPNCe7nX3Fc:0
[13101265ms] [WARNING] The resource https://rr4---sn-a5mekndk.googlevideo.com/generate_204 was preloaded using link preload but not used within a few seconds from the window's load event. Please make sure it has an appropriate `as` value and it is preloaded intentionally. @ https://www.youtube.com/watch?v=PPNCe7nX3Fc:0
[13340839ms] [WARNING] The resource https://rr2---sn-9gv7dn7e.c.youtube.com/generate_204 was preloaded using link preload but not used within a few seconds from the window's load event. Please make sure it has an appropriate `as` value and it is preloaded intentionally. @ https://www.youtube.com/watch?v=PPNCe7nX3Fc:0
[13340839ms] [WARNING] The resource https://i.ytimg.com/generate_204 was preloaded using link preload but not used within a few seconds from the window's load event. Please make sure it has an appropriate `as` value and it is preloaded intentionally. @ https://www.youtube.com/watch?v=PPNCe7nX3Fc:0
[13340840ms] [WARNING] The resource https://rr4---sn-a5mekndk.googlevideo.com/generate_204 was preloaded using link preload but not used within a few seconds from the window's load event. Please make sure it has an appropriate `as` value and it is preloaded intentionally. @ https://www.youtube.com/watch?v=PPNCe7nX3Fc:0
[13431262ms] [WARNING] The resource https://rr2---sn-9gv7dn7e.c.youtube.com/generate_204 was preloaded using link preload but not used within a few seconds from the window's load event. Please make sure it has an appropriate `as` value and it is preloaded intentionally. @ https://www.youtube.com/watch?v=PPNCe7nX3Fc:0
[13431262ms] [WARNING] The resource https://i.ytimg.com/generate_204 was preloaded using link preload but not used within a few seconds from the window's load event. Please make sure it has an appropriate `as` value and it is preloaded intentionally. @ https://www.youtube.com/watch?v=PPNCe7nX3Fc:0
[13431262ms] [WARNING] The resource https://rr4---sn-a5mekndk.googlevideo.com/generate_204 was preloaded using link preload but not used within a few seconds from the window's load event. Please make sure it has an appropriate `as` value and it is preloaded intentionally. @ https://www.youtube.com/watch?v=PPNCe7nX3Fc:0
[13737696ms] [WARNING] The resource https://rr2---sn-9gv7dn7e.c.youtube.com/generate_204 was preloaded using link preload but not used within a few seconds from the window's load event. Please make sure it has an appropriate `as` value and it is preloaded intentionally. @ https://www.youtube.com/watch?v=PPNCe7nX3Fc:0
[13737696ms] [WARNING] The resource https://i.ytimg.com/generate_204 was preloaded using link preload but not used within a few seconds from the window's load event. Please make sure it has an appropriate `as` value and it is preloaded intentionally. @ https://www.youtube.com/watch?v=PPNCe7nX3Fc:0
[13737696ms] [WARNING] The resource https://rr4---sn-a5mekndk.googlevideo.com/generate_204 was preloaded using link preload but not used within a few seconds from the window's load event. Please make sure it has an appropriate `as` value and it is preloaded intentionally. @ https://www.youtube.com/watch?v=PPNCe7nX3Fc:0
[14070281ms] [WARNING] The resource https://rr2---sn-9gv7dn7e.c.youtube.com/generate_204 was preloaded using link preload but not used within a few seconds from the window's load event. Please make sure it has an appropriate `as` value and it is preloaded intentionally. @ https://www.youtube.com/watch?v=PPNCe7nX3Fc:0
[14070281ms] [WARNING] The resource https://i.ytimg.com/generate_204 was preloaded using link preload but not used within a few seconds from the window's load event. Please make sure it has an appropriate `as` value and it is preloaded intentionally. @ https://www.youtube.com/watch?v=PPNCe7nX3Fc:0
[14070281ms] [WARNING] The resource https://rr4---sn-a5mekndk.googlevideo.com/generate_204 was preloaded using link preload but not used within a few seconds from the window's load event. Please make sure it has an appropriate `as` value and it is preloaded intentionally. @ https://www.youtube.com/watch?v=PPNCe7nX3Fc:0
[14402932ms] [WARNING] The resource https://rr2---sn-9gv7dn7e.c.youtube.com/generate_204 was preloaded using link preload but not used within a few seconds from the window's load event. Please make sure it has an appropriate `as` value and it is preloaded intentionally. @ https://www.youtube.com/watch?v=PPNCe7nX3Fc:0
[14402932ms] [WARNING] The resource https://i.ytimg.com/generate_204 was preloaded using link preload but not used within a few seconds from the window's load event. Please make sure it has an appropriate `as` value and it is preloaded intentionally. @ https://www.youtube.com/watch?v=PPNCe7nX3Fc:0
[14402932ms] [WARNING] The resource https://rr4---sn-a5mekndk.googlevideo.com/generate_204 was preloaded using link preload but not used within a few seconds from the window's load event. Please make sure it has an appropriate `as` value and it is preloaded intentionally. @ https://www.youtube.com/watch?v=PPNCe7nX3Fc:0
[14735289ms] [WARNING] The resource https://rr2---sn-9gv7dn7e.c.youtube.com/generate_204 was preloaded using link preload but not used within a few seconds from the window's load event. Please make sure it has an appropriate `as` value and it is preloaded intentionally. @ https://www.youtube.com/watch?v=PPNCe7nX3Fc:0
[14735290ms] [WARNING] The resource https://i.ytimg.com/generate_204 was preloaded using link preload but not used within a few seconds from the window's load event. Please make sure it has an appropriate `as` value and it is preloaded intentionally. @ https://www.youtube.com/watch?v=PPNCe7nX3Fc:0
[14735290ms] [WARNING] The resource https://rr4---sn-a5mekndk.googlevideo.com/generate_204 was preloaded using link preload but not used within a few seconds from the window's load event. Please make sure it has an appropriate `as` value and it is preloaded intentionally. @ https://www.youtube.com/watch?v=PPNCe7nX3Fc:0
[15066374ms] [WARNING] The resource https://rr2---sn-9gv7dn7e.c.youtube.com/generate_204 was preloaded using link preload but not used within a few seconds from the window's load event. Please make sure it has an appropriate `as` value and it is preloaded intentionally. @ https://www.youtube.com/watch?v=PPNCe7nX3Fc:0
[15066375ms] [WARNING] The resource https://i.ytimg.com/generate_204 was preloaded using link preload but not used within a few seconds from the window's load event. Please make sure it has an appropriate `as` value and it is preloaded intentionally. @ https://www.youtube.com/watch?v=PPNCe7nX3Fc:0
[15066375ms] [WARNING] The resource https://rr4---sn-a5mekndk.googlevideo.com/generate_204 was preloaded using link preload but not used within a few seconds from the window's load event. Please make sure it has an appropriate `as` value and it is preloaded intentionally. @ https://www.youtube.com/watch?v=PPNCe7nX3Fc:0
[15140972ms] [WARNING] The resource https://rr2---sn-9gv7dn7e.c.youtube.com/generate_204 was preloaded using link preload but not used within a few seconds from the window's load event. Please make sure it has an appropriate `as` value and it is preloaded intentionally. @ https://www.youtube.com/watch?v=PPNCe7nX3Fc:0
[15140972ms] [WARNING] The resource https://i.ytimg.com/generate_204 was preloaded using link preload but not used within a few seconds from the window's load event. Please make sure it has an appropriate `as` value and it is preloaded intentionally. @ https://www.youtube.com/watch?v=PPNCe7nX3Fc:0
[15140972ms] [WARNING] The resource https://rr4---sn-a5mekndk.googlevideo.com/generate_204 was preloaded using link preload but not used within a few seconds from the window's load event. Please make sure it has an appropriate `as` value and it is preloaded intentionally. @ https://www.youtube.com/watch?v=PPNCe7nX3Fc:0
[15369658ms] [WARNING] The resource https://rr2---sn-9gv7dn7e.c.youtube.com/generate_204 was preloaded using link preload but not used within a few seconds from the window's load event. Please make sure it has an appropriate `as` value and it is preloaded intentionally. @ https://www.youtube.com/watch?v=PPNCe7nX3Fc:0
[15369658ms] [WARNING] The resource https://i.ytimg.com/generate_204 was preloaded using link preload but not used within a few seconds from the window's load event. Please make sure it has an appropriate `as` value and it is preloaded intentionally. @ https://www.youtube.com/watch?v=PPNCe7nX3Fc:0
[15369658ms] [WARNING] The resource https://rr4---sn-a5mekndk.googlevideo.com/generate_204 was preloaded using link preload but not used within a few seconds from the window's load event. Please make sure it has an appropriate `as` value and it is preloaded intentionally. @ https://www.youtube.com/watch?v=PPNCe7nX3Fc:0
[15671582ms] [WARNING] The resource https://rr2---sn-9gv7dn7e.c.youtube.com/generate_204 was preloaded using link preload but not used within a few seconds from the window's load event. Please make sure it has an appropriate `as` value and it is preloaded intentionally. @ https://www.youtube.com/watch?v=PPNCe7nX3Fc:0
[15671583ms] [WARNING] The resource https://i.ytimg.com/generate_204 was preloaded using link preload but not used within a few seconds from the window's load event. Please make sure it has an appropriate `as` value and it is preloaded intentionally. @ https://www.youtube.com/watch?v=PPNCe7nX3Fc:0
[15671583ms] [WARNING] The resource https://rr4---sn-a5mekndk.googlevideo.com/generate_204 was preloaded using link preload but not used within a few seconds from the window's load event. Please make sure it has an appropriate `as` value and it is preloaded intentionally. @ https://www.youtube.com/watch?v=PPNCe7nX3Fc:0
[15978625ms] [WARNING] The resource https://rr2---sn-9gv7dn7e.c.youtube.com/generate_204 was preloaded using link preload but not used within a few seconds from the window's load event. Please make sure it has an appropriate `as` value and it is preloaded intentionally. @ https://www.youtube.com/watch?v=PPNCe7nX3Fc:0
[15978625ms] [WARNING] The resource https://i.ytimg.com/generate_204 was preloaded using link preload but not used within a few seconds from the window's load event. Please make sure it has an appropriate `as` value and it is preloaded intentionally. @ https://www.youtube.com/watch?v=PPNCe7nX3Fc:0
[15978625ms] [WARNING] The resource https://rr4---sn-a5mekndk.googlevideo.com/generate_204 was preloaded using link preload but not used within a few seconds from the window's load event. Please make sure it has an appropriate `as` value and it is preloaded intentionally. @ https://www.youtube.com/watch?v=PPNCe7nX3Fc:0
[16282511ms] [WARNING] The resource https://rr2---sn-9gv7dn7e.c.youtube.com/generate_204 was preloaded using link preload but not used within a few seconds from the window's load event. Please make sure it has an appropriate `as` value and it is preloaded intentionally. @ https://www.youtube.com/watch?v=PPNCe7nX3Fc:0
[16282512ms] [WARNING] The resource https://i.ytimg.com/generate_204 was preloaded using link preload but not used within a few seconds from the window's load event. Please make sure it has an appropriate `as` value and it is preloaded intentionally. @ https://www.youtube.com/watch?v=PPNCe7nX3Fc:0
[16282512ms] [WARNING] The resource https://rr4---sn-a5mekndk.googlevideo.com/generate_204 was preloaded using link preload but not used within a few seconds from the window's load event. Please make sure it has an appropriate `as` value and it is preloaded intentionally. @ https://www.youtube.com/watch?v=PPNCe7nX3Fc:0
[16587956ms] [WARNING] The resource https://rr2---sn-9gv7dn7e.c.youtube.com/generate_204 was preloaded using link preload but not used within a few seconds from the window's load event. Please make sure it has an appropriate `as` value and it is preloaded intentionally. @ https://www.youtube.com/watch?v=PPNCe7nX3Fc:0
[16587956ms] [WARNING] The resource https://i.ytimg.com/generate_204 was preloaded using link preload but not used within a few seconds from the window's load event. Please make sure it has an appropriate `as` value and it is preloaded intentionally. @ https://www.youtube.com/watch?v=PPNCe7nX3Fc:0
[16587956ms] [WARNING] The resource https://rr4---sn-a5mekndk.googlevideo.com/generate_204 was preloaded using link preload but not used within a few seconds from the window's load event. Please make sure it has an appropriate `as` value and it is preloaded intentionally. @ https://www.youtube.com/watch?v=PPNCe7nX3Fc:0
[16895729ms] [WARNING] The resource https://rr2---sn-9gv7dn7e.c.youtube.com/generate_204 was preloaded using link preload but not used within a few seconds from the window's load event. Please make sure it has an appropriate `as` value and it is preloaded intentionally. @ https://www.youtube.com/watch?v=PPNCe7nX3Fc:0
[16895729ms] [WARNING] The resource https://i.ytimg.com/generate_204 was preloaded using link preload but not used within a few seconds from the window's load event. Please make sure it has an appropriate `as` value and it is preloaded intentionally. @ https://www.youtube.com/watch?v=PPNCe7nX3Fc:0
[16895729ms] [WARNING] The resource https://rr4---sn-a5mekndk.googlevideo.com/generate_204 was preloaded using link preload but not used within a few seconds from the window's load event. Please make sure it has an appropriate `as` value and it is preloaded intentionally. @ https://www.youtube.com/watch?v=PPNCe7nX3Fc:0
[16942415ms] [WARNING] The resource https://rr2---sn-9gv7dn7e.c.youtube.com/generate_204 was preloaded using link preload but not used within a few seconds from the window's load event. Please make sure it has an appropriate `as` value and it is preloaded intentionally. @ https://www.youtube.com/watch?v=PPNCe7nX3Fc:0
[16942415ms] [WARNING] The resource https://i.ytimg.com/generate_204 was preloaded using link preload but not used within a few seconds from the window's load event. Please make sure it has an appropriate `as` value and it is preloaded intentionally. @ https://www.youtube.com/watch?v=PPNCe7nX3Fc:0
[16942415ms] [WARNING] The resource https://rr4---sn-a5mekndk.googlevideo.com/generate_204 was preloaded using link preload but not used within a few seconds from the window's load event. Please make sure it has an appropriate `as` value and it is preloaded intentionally. @ https://www.youtube.com/watch?v=PPNCe7nX3Fc:0
[17200600ms] [WARNING] The resource https://rr2---sn-9gv7dn7e.c.youtube.com/generate_204 was preloaded using link preload but not used within a few seconds from the window's load event. Please make sure it has an appropriate `as` value and it is preloaded intentionally. @ https://www.youtube.com/watch?v=PPNCe7nX3Fc:0
[17200601ms] [WARNING] The resource https://i.ytimg.com/generate_204 was preloaded using link preload but not used within a few seconds from the window's load event. Please make sure it has an appropriate `as` value and it is preloaded intentionally. @ https://www.youtube.com/watch?v=PPNCe7nX3Fc:0
[17200601ms] [WARNING] The resource https://rr4---sn-a5mekndk.googlevideo.com/generate_204 was preloaded using link preload but not used within a few seconds from the window's load event. Please make sure it has an appropriate `as` value and it is preloaded intentionally. @ https://www.youtube.com/watch?v=PPNCe7nX3Fc:0
[17507117ms] [WARNING] The resource https://rr2---sn-9gv7dn7e.c.youtube.com/generate_204 was preloaded using link preload but not used within a few seconds from the window's load event. Please make sure it has an appropriate `as` value and it is preloaded intentionally. @ https://www.youtube.com/watch?v=PPNCe7nX3Fc:0
[17507118ms] [WARNING] The resource https://i.ytimg.com/generate_204 was preloaded using link preload but not used within a few seconds from the window's load event. Please make sure it has an appropriate `as` value and it is preloaded intentionally. @ https://www.youtube.com/watch?v=PPNCe7nX3Fc:0
[17507118ms] [WARNING] The resource https://rr4---sn-a5mekndk.googlevideo.com/generate_204 was preloaded using link preload but not used within a few seconds from the window's load event. Please make sure it has an appropriate `as` value and it is preloaded intentionally. @ https://www.youtube.com/watch?v=PPNCe7nX3Fc:0
[17839911ms] [WARNING] The resource https://rr2---sn-9gv7dn7e.c.youtube.com/generate_204 was preloaded using link preload but not used within a few seconds from the window's load event. Please make sure it has an appropriate `as` value and it is preloaded intentionally. @ https://www.youtube.com/watch?v=PPNCe7nX3Fc:0
[17839911ms] [WARNING] The resource https://i.ytimg.com/generate_204 was preloaded using link preload but not used within a few seconds from the window's load event. Please make sure it has an appropriate `as` value and it is preloaded intentionally. @ https://www.youtube.com/watch?v=PPNCe7nX3Fc:0
[17839912ms] [WARNING] The resource https://rr4---sn-a5mekndk.googlevideo.com/generate_204 was preloaded using link preload but not used within a few seconds from the window's load event. Please make sure it has an appropriate `as` value and it is preloaded intentionally. @ https://www.youtube.com/watch?v=PPNCe7nX3Fc:0
[18170049ms] [WARNING] The resource https://rr2---sn-9gv7dn7e.c.youtube.com/generate_204 was preloaded using link preload but not used within a few seconds from the window's load event. Please make sure it has an appropriate `as` value and it is preloaded intentionally. @ https://www.youtube.com/watch?v=PPNCe7nX3Fc:0
[18170049ms] [WARNING] The resource https://i.ytimg.com/generate_204 was preloaded using link preload but not used within a few seconds from the window's load event. Please make sure it has an appropriate `as` value and it is preloaded intentionally. @ https://www.youtube.com/watch?v=PPNCe7nX3Fc:0
[18170049ms] [WARNING] The resource https://rr4---sn-a5mekndk.googlevideo.com/generate_204 was preloaded using link preload but not used within a few seconds from the window's load event. Please make sure it has an appropriate `as` value and it is preloaded intentionally. @ https://www.youtube.com/watch?v=PPNCe7nX3Fc:0
[18477415ms] [WARNING] The resource https://rr2---sn-9gv7dn7e.c.youtube.com/generate_204 was preloaded using link preload but not used within a few seconds from the window's load event. Please make sure it has an appropriate `as` value and it is preloaded intentionally. @ https://www.youtube.com/watch?v=PPNCe7nX3Fc:0
[18477415ms] [WARNING] The resource https://i.ytimg.com/generate_204 was preloaded using link preload but not used within a few seconds from the window's load event. Please make sure it has an appropriate `as` value and it is preloaded intentionally. @ https://www.youtube.com/watch?v=PPNCe7nX3Fc:0
[18477415ms] [WARNING] The resource https://rr4---sn-a5mekndk.googlevideo.com/generate_204 was preloaded using link preload but not used within a few seconds from the window's load event. Please make sure it has an appropriate `as` value and it is preloaded intentionally. @ https://www.youtube.com/watch?v=PPNCe7nX3Fc:0
[18742596ms] [WARNING] The resource https://rr2---sn-9gv7dn7e.c.youtube.com/generate_204 was preloaded using link preload but not used within a few seconds from the window's load event. Please make sure it has an appropriate `as` value and it is preloaded intentionally. @ https://www.youtube.com/watch?v=PPNCe7nX3Fc:0
[18742597ms] [WARNING] The resource https://i.ytimg.com/generate_204 was preloaded using link preload but not used within a few seconds from the window's load event. Please make sure it has an appropriate `as` value and it is preloaded intentionally. @ https://www.youtube.com/watch?v=PPNCe7nX3Fc:0
[18742597ms] [WARNING] The resource https://rr4---sn-a5mekndk.googlevideo.com/generate_204 was preloaded using link preload but not used within a few seconds from the window's load event. Please make sure it has an appropriate `as` value and it is preloaded intentionally. @ https://www.youtube.com/watch?v=PPNCe7nX3Fc:0
[18810083ms] [WARNING] The resource https://rr2---sn-9gv7dn7e.c.youtube.com/generate_204 was preloaded using link preload but not used within a few seconds from the window's load event. Please make sure it has an appropriate `as` value and it is preloaded intentionally. @ https://www.youtube.com/watch?v=PPNCe7nX3Fc:0
[18810084ms] [WARNING] The resource https://i.ytimg.com/generate_204 was preloaded using link preload but not used within a few seconds from the window's load event. Please make sure it has an appropriate `as` value and it is preloaded intentionally. @ https://www.youtube.com/watch?v=PPNCe7nX3Fc:0
[18810084ms] [WARNING] The resource https://rr4---sn-a5mekndk.googlevideo.com/generate_204 was preloaded using link preload but not used within a few seconds from the window's load event. Please make sure it has an appropriate `as` value and it is preloaded intentionally. @ https://www.youtube.com/watch?v=PPNCe7nX3Fc:0
[19142875ms] [WARNING] The resource https://rr2---sn-9gv7dn7e.c.youtube.com/generate_204 was preloaded using link preload but not used within a few seconds from the window's load event. Please make sure it has an appropriate `as` value and it is preloaded intentionally. @ https://www.youtube.com/watch?v=PPNCe7nX3Fc:0
[19142875ms] [WARNING] The resource https://i.ytimg.com/generate_204 was preloaded using link preload but not used within a few seconds from the window's load event. Please make sure it has an appropriate `as` value and it is preloaded intentionally. @ https://www.youtube.com/watch?v=PPNCe7nX3Fc:0
[19142875ms] [WARNING] The resource https://rr4---sn-a5mekndk.googlevideo.com/generate_204 was preloaded using link preload but not used within a few seconds from the window's load event. Please make sure it has an appropriate `as` value and it is preloaded intentionally. @ https://www.youtube.com/watch?v=PPNCe7nX3Fc:0
[19472931ms] [WARNING] The resource https://rr2---sn-9gv7dn7e.c.youtube.com/generate_204 was preloaded using link preload but not used within a few seconds from the window's load event. Please make sure it has an appropriate `as` value and it is preloaded intentionally. @ https://www.youtube.com/watch?v=PPNCe7nX3Fc:0
[19472931ms] [WARNING] The resource https://i.ytimg.com/generate_204 was preloaded using link preload but not used within a few seconds from the window's load event. Please make sure it has an appropriate `as` value and it is preloaded intentionally. @ https://www.youtube.com/watch?v=PPNCe7nX3Fc:0
[19472931ms] [WARNING] The resource https://rr4---sn-a5mekndk.googlevideo.com/generate_204 was preloaded using link preload but not used within a few seconds from the window's load event. Please make sure it has an appropriate `as` value and it is preloaded intentionally. @ https://www.youtube.com/watch?v=PPNCe7nX3Fc:0
[19779515ms] [WARNING] The resource https://rr2---sn-9gv7dn7e.c.youtube.com/generate_204 was preloaded using link preload but not used within a few seconds from the window's load event. Please make sure it has an appropriate `as` value and it is preloaded intentionally. @ https://www.youtube.com/watch?v=PPNCe7nX3Fc:0
[19779516ms] [WARNING] The resource https://i.ytimg.com/generate_204 was preloaded using link preload but not used within a few seconds from the window's load event. Please make sure it has an appropriate `as` value and it is preloaded intentionally. @ https://www.youtube.com/watch?v=PPNCe7nX3Fc:0
[19779516ms] [WARNING] The resource https://rr4---sn-a5mekndk.googlevideo.com/generate_204 was preloaded using link preload but not used within a few seconds from the window's load event. Please make sure it has an appropriate `as` value and it is preloaded intentionally. @ https://www.youtube.com/watch?v=PPNCe7nX3Fc:0
[20112298ms] [WARNING] The resource https://rr2---sn-9gv7dn7e.c.youtube.com/generate_204 was preloaded using link preload but not used within a few seconds from the window's load event. Please make sure it has an appropriate `as` value and it is preloaded intentionally. @ https://www.youtube.com/watch?v=PPNCe7nX3Fc:0
[20112298ms] [WARNING] The resource https://i.ytimg.com/generate_204 was preloaded using link preload but not used within a few seconds from the window's load event. Please make sure it has an appropriate `as` value and it is preloaded intentionally. @ https://www.youtube.com/watch?v=PPNCe7nX3Fc:0
[20112299ms] [WARNING] The resource https://rr4---sn-a5mekndk.googlevideo.com/generate_204 was preloaded using link preload but not used within a few seconds from the window's load event. Please make sure it has an appropriate `as` value and it is preloaded intentionally. @ https://www.youtube.com/watch?v=PPNCe7nX3Fc:0
[20444889ms] [WARNING] The resource https://rr2---sn-9gv7dn7e.c.youtube.com/generate_204 was preloaded using link preload but not used within a few seconds from the window's load event. Please make sure it has an appropriate `as` value and it is preloaded intentionally. @ https://www.youtube.com/watch?v=PPNCe7nX3Fc:0
[20444889ms] [WARNING] The resource https://i.ytimg.com/generate_204 was preloaded using link preload but not used within a few seconds from the window's load event. Please make sure it has an appropriate `as` value and it is preloaded intentionally. @ https://www.youtube.com/watch?v=PPNCe7nX3Fc:0
[20444889ms] [WARNING] The resource https://rr4---sn-a5mekndk.googlevideo.com/generate_204 was preloaded using link preload but not used within a few seconds from the window's load event. Please make sure it has an appropriate `as` value and it is preloaded intentionally. @ https://www.youtube.com/watch?v=PPNCe7nX3Fc:0
[20542765ms] [WARNING] The resource https://rr2---sn-9gv7dn7e.c.youtube.com/generate_204 was preloaded using link preload but not used within a few seconds from the window's load event. Please make sure it has an appropriate `as` value and it is preloaded intentionally. @ https://www.youtube.com/watch?v=PPNCe7nX3Fc:0
[20542765ms] [WARNING] The resource https://i.ytimg.com/generate_204 was preloaded using link preload but not used within a few seconds from the window's load event. Please make sure it has an appropriate `as` value and it is preloaded intentionally. @ https://www.youtube.com/watch?v=PPNCe7nX3Fc:0
[20542765ms] [WARNING] The resource https://rr4---sn-a5mekndk.googlevideo.com/generate_204 was preloaded using link preload but not used within a few seconds from the window's load event. Please make sure it has an appropriate `as` value and it is preloaded intentionally. @ https://www.youtube.com/watch?v=PPNCe7nX3Fc:0
[20776603ms] [WARNING] The resource https://rr2---sn-9gv7dn7e.c.youtube.com/generate_204 was preloaded using link preload but not used within a few seconds from the window's load event. Please make sure it has an appropriate `as` value and it is preloaded intentionally. @ https://www.youtube.com/watch?v=PPNCe7nX3Fc:0
[20776603ms] [WARNING] The resource https://i.ytimg.com/generate_204 was preloaded using link preload but not used within a few seconds from the window's load event. Please make sure it has an appropriate `as` value and it is preloaded intentionally. @ https://www.youtube.com/watch?v=PPNCe7nX3Fc:0
[20776603ms] [WARNING] The resource https://rr4---sn-a5mekndk.googlevideo.com/generate_204 was preloaded using link preload but not used within a few seconds from the window's load event. Please make sure it has an appropriate `as` value and it is preloaded intentionally. @ https://www.youtube.com/watch?v=PPNCe7nX3Fc:0
[21081395ms] [WARNING] The resource https://rr2---sn-9gv7dn7e.c.youtube.com/generate_204 was preloaded using link preload but not used within a few seconds from the window's load event. Please make sure it has an appropriate `as` value and it is preloaded intentionally. @ https://www.youtube.com/watch?v=PPNCe7nX3Fc:0
[21081395ms] [WARNING] The resource https://i.ytimg.com/generate_204 was preloaded using link preload but not used within a few seconds from the window's load event. Please make sure it has an appropriate `as` value and it is preloaded intentionally. @ https://www.youtube.com/watch?v=PPNCe7nX3Fc:0
[21081395ms] [WARNING] The resource https://rr4---sn-a5mekndk.googlevideo.com/generate_204 was preloaded using link preload but not used within a few seconds from the window's load event. Please make sure it has an appropriate `as` value and it is preloaded intentionally. @ https://www.youtube.com/watch?v=PPNCe7nX3Fc:0
[21385775ms] [WARNING] The resource https://rr2---sn-9gv7dn7e.c.youtube.com/generate_204 was preloaded using link preload but not used within a few seconds from the window's load event. Please make sure it has an appropriate `as` value and it is preloaded intentionally. @ https://www.youtube.com/watch?v=PPNCe7nX3Fc:0
[21385775ms] [WARNING] The resource https://i.ytimg.com/generate_204 was preloaded using link preload but not used within a few seconds from the window's load event. Please make sure it has an appropriate `as` value and it is preloaded intentionally. @ https://www.youtube.com/watch?v=PPNCe7nX3Fc:0
[21385776ms] [WARNING] The resource https://rr4---sn-a5mekndk.googlevideo.com/generate_204 was preloaded using link preload but not used within a few seconds from the window's load event. Please make sure it has an appropriate `as` value and it is preloaded intentionally. @ https://www.youtube.com/watch?v=PPNCe7nX3Fc:0
[21718486ms] [WARNING] The resource https://rr2---sn-9gv7dn7e.c.youtube.com/generate_204 was preloaded using link preload but not used within a few seconds from the window's load event. Please make sure it has an appropriate `as` value and it is preloaded intentionally. @ https://www.youtube.com/watch?v=PPNCe7nX3Fc:0
[21718486ms] [WARNING] The resource https://i.ytimg.com/generate_204 was preloaded using link preload but not used within a few seconds from the window's load event. Please make sure it has an appropriate `as` value and it is preloaded intentionally. @ https://www.youtube.com/watch?v=PPNCe7nX3Fc:0
[21718486ms] [WARNING] The resource https://rr4---sn-a5mekndk.googlevideo.com/generate_204 was preloaded using link preload but not used within a few seconds from the window's load event. Please make sure it has an appropriate `as` value and it is preloaded intentionally. @ https://www.youtube.com/watch?v=PPNCe7nX3Fc:0
[22050555ms] [WARNING] The resource https://rr2---sn-9gv7dn7e.c.youtube.com/generate_204 was preloaded using link preload but not used within a few seconds from the window's load event. Please make sure it has an appropriate `as` value and it is preloaded intentionally. @ https://www.youtube.com/watch?v=PPNCe7nX3Fc:0
[22050555ms] [WARNING] The resource https://i.ytimg.com/generate_204 was preloaded using link preload but not used within a few seconds from the window's load event. Please make sure it has an appropriate `as` value and it is preloaded intentionally. @ https://www.youtube.com/watch?v=PPNCe7nX3Fc:0
[22050555ms] [WARNING] The resource https://rr4---sn-a5mekndk.googlevideo.com/generate_204 was preloaded using link preload but not used within a few seconds from the window's load event. Please make sure it has an appropriate `as` value and it is preloaded intentionally. @ https://www.youtube.com/watch?v=PPNCe7nX3Fc:0
[22338928ms] [WARNING] The powerPreference option is currently ignored when calling requestAdapter() on Windows. See https://crbug.com/369219127 @ :0
[22342946ms] [WARNING] The resource https://rr2---sn-9gv7dn7e.c.youtube.com/generate_204 was preloaded using link preload but not used within a few seconds from the window's load event. Please make sure it has an appropriate `as` value and it is preloaded intentionally. @ https://www.youtube.com/watch?v=PPNCe7nX3Fc:0
[22342946ms] [WARNING] The resource https://i.ytimg.com/generate_204 was preloaded using link preload but not used within a few seconds from the window's load event. Please make sure it has an appropriate `as` value and it is preloaded intentionally. @ https://www.youtube.com/watch?v=PPNCe7nX3Fc:0
[22342946ms] [WARNING] The resource https://rr4---sn-a5mekndk.googlevideo.com/generate_204 was preloaded using link preload but not used within a few seconds from the window's load event. Please make sure it has an appropriate `as` value and it is preloaded intentionally. @ https://www.youtube.com/watch?v=PPNCe7nX3Fc:0
[22353152ms] [WARNING] The resource https://rr2---sn-9gv7dn7e.c.youtube.com/generate_204 was preloaded using link preload but not used within a few seconds from the window's load event. Please make sure it has an appropriate `as` value and it is preloaded intentionally. @ https://www.youtube.com/watch?v=PPNCe7nX3Fc:0
[22353152ms] [WARNING] The resource https://i.ytimg.com/generate_204 was preloaded using link preload but not used within a few seconds from the window's load event. Please make sure it has an appropriate `as` value and it is preloaded intentionally. @ https://www.youtube.com/watch?v=PPNCe7nX3Fc:0
[22353152ms] [WARNING] The resource https://rr4---sn-a5mekndk.googlevideo.com/generate_204 was preloaded using link preload but not used within a few seconds from the window's load event. Please make sure it has an appropriate `as` value and it is preloaded intentionally. @ https://www.youtube.com/watch?v=PPNCe7nX3Fc:0
[22657930ms] [WARNING] The resource https://rr2---sn-9gv7dn7e.c.youtube.com/generate_204 was preloaded using link preload but not used within a few seconds from the window's load event. Please make sure it has an appropriate `as` value and it is preloaded intentionally. @ https://www.youtube.com/watch?v=PPNCe7nX3Fc:0
[22657930ms] [WARNING] The resource https://i.ytimg.com/generate_204 was preloaded using link preload but not used within a few seconds from the window's load event. Please make sure it has an appropriate `as` value and it is preloaded intentionally. @ https://www.youtube.com/watch?v=PPNCe7nX3Fc:0
[22657930ms] [WARNING] The resource https://rr4---sn-a5mekndk.googlevideo.com/generate_204 was preloaded using link preload but not used within a few seconds from the window's load event. Please make sure it has an appropriate `as` value and it is preloaded intentionally. @ https://www.youtube.com/watch?v=PPNCe7nX3Fc:0
[22967916ms] [WARNING] The resource https://rr2---sn-9gv7dn7e.c.youtube.com/generate_204 was preloaded using link preload but not used within a few seconds from the window's load event. Please make sure it has an appropriate `as` value and it is preloaded intentionally. @ https://www.youtube.com/watch?v=PPNCe7nX3Fc:0
[22967916ms] [WARNING] The resource https://i.ytimg.com/generate_204 was preloaded using link preload but not used within a few seconds from the window's load event. Please make sure it has an appropriate `as` value and it is preloaded intentionally. @ https://www.youtube.com/watch?v=PPNCe7nX3Fc:0
[22967916ms] [WARNING] The resource https://rr4---sn-a5mekndk.googlevideo.com/generate_204 was preloaded using link preload but not used within a few seconds from the window's load event. Please make sure it has an appropriate `as` value and it is preloaded intentionally. @ https://www.youtube.com/watch?v=PPNCe7nX3Fc:0
[23272776ms] [WARNING] The resource https://rr2---sn-9gv7dn7e.c.youtube.com/generate_204 was preloaded using link preload but not used within a few seconds from the window's load event. Please make sure it has an appropriate `as` value and it is preloaded intentionally. @ https://www.youtube.com/watch?v=PPNCe7nX3Fc:0
[23272776ms] [WARNING] The resource https://i.ytimg.com/generate_204 was preloaded using link preload but not used within a few seconds from the window's load event. Please make sure it has an appropriate `as` value and it is preloaded intentionally. @ https://www.youtube.com/watch?v=PPNCe7nX3Fc:0
[23272776ms] [WARNING] The resource https://rr4---sn-a5mekndk.googlevideo.com/generate_204 was preloaded using link preload but not used within a few seconds from the window's load event. Please make sure it has an appropriate `as` value and it is preloaded intentionally. @ https://www.youtube.com/watch?v=PPNCe7nX3Fc:0
[23576866ms] [WARNING] The resource https://rr2---sn-9gv7dn7e.c.youtube.com/generate_204 was preloaded using link preload but not used within a few seconds from the window's load event. Please make sure it has an appropriate `as` value and it is preloaded intentionally. @ https://www.youtube.com/watch?v=PPNCe7nX3Fc:0
[23576866ms] [WARNING] The resource https://i.ytimg.com/generate_204 was preloaded using link preload but not used within a few seconds from the window's load event. Please make sure it has an appropriate `as` value and it is preloaded intentionally. @ https://www.youtube.com/watch?v=PPNCe7nX3Fc:0
[23576866ms] [WARNING] The resource https://rr4---sn-a5mekndk.googlevideo.com/generate_204 was preloaded using link preload but not used within a few seconds from the window's load event. Please make sure it has an appropriate `as` value and it is preloaded intentionally. @ https://www.youtube.com/watch?v=PPNCe7nX3Fc:0
[23881668ms] [WARNING] The resource https://rr2---sn-9gv7dn7e.c.youtube.com/generate_204 was preloaded using link preload but not used within a few seconds from the window's load event. Please make sure it has an appropriate `as` value and it is preloaded intentionally. @ https://www.youtube.com/watch?v=PPNCe7nX3Fc:0
[23881668ms] [WARNING] The resource https://i.ytimg.com/generate_204 was preloaded using link preload but not used within a few seconds from the window's load event. Please make sure it has an appropriate `as` value and it is preloaded intentionally. @ https://www.youtube.com/watch?v=PPNCe7nX3Fc:0
[23881668ms] [WARNING] The resource https://rr4---sn-a5mekndk.googlevideo.com/generate_204 was preloaded using link preload but not used within a few seconds from the window's load event. Please make sure it has an appropriate `as` value and it is preloaded intentionally. @ https://www.youtube.com/watch?v=PPNCe7nX3Fc:0
[24143083ms] [WARNING] The resource https://rr2---sn-9gv7dn7e.c.youtube.com/generate_204 was preloaded using link preload but not used within a few seconds from the window's load event. Please make sure it has an appropriate `as` value and it is preloaded intentionally. @ https://www.youtube.com/watch?v=PPNCe7nX3Fc:0
[24143083ms] [WARNING] The resource https://i.ytimg.com/generate_204 was preloaded using link preload but not used within a few seconds from the window's load event. Please make sure it has an appropriate `as` value and it is preloaded intentionally. @ https://www.youtube.com/watch?v=PPNCe7nX3Fc:0
[24143083ms] [WARNING] The resource https://rr4---sn-a5mekndk.googlevideo.com/generate_204 was preloaded using link preload but not used within a few seconds from the window's load event. Please make sure it has an appropriate `as` value and it is preloaded intentionally. @ https://www.youtube.com/watch?v=PPNCe7nX3Fc:0
[24218428ms] [WARNING] The resource https://rr2---sn-9gv7dn7e.c.youtube.com/generate_204 was preloaded using link preload but not used within a few seconds from the window's load event. Please make sure it has an appropriate `as` value and it is preloaded intentionally. @ https://www.youtube.com/watch?v=PPNCe7nX3Fc:0
[24218428ms] [WARNING] The resource https://i.ytimg.com/generate_204 was preloaded using link preload but not used within a few seconds from the window's load event. Please make sure it has an appropriate `as` value and it is preloaded intentionally. @ https://www.youtube.com/watch?v=PPNCe7nX3Fc:0
[24218428ms] [WARNING] The resource https://rr4---sn-a5mekndk.googlevideo.com/generate_204 was preloaded using link preload but not used within a few seconds from the window's load event. Please make sure it has an appropriate `as` value and it is preloaded intentionally. @ https://www.youtube.com/watch?v=PPNCe7nX3Fc:0
[24551261ms] [WARNING] The resource https://rr2---sn-9gv7dn7e.c.youtube.com/generate_204 was preloaded using link preload but not used within a few seconds from the window's load event. Please make sure it has an appropriate `as` value and it is preloaded intentionally. @ https://www.youtube.com/watch?v=PPNCe7nX3Fc:0
[24551261ms] [WARNING] The resource https://i.ytimg.com/generate_204 was preloaded using link preload but not used within a few seconds from the window's load event. Please make sure it has an appropriate `as` value and it is preloaded intentionally. @ https://www.youtube.com/watch?v=PPNCe7nX3Fc:0
[24551261ms] [WARNING] The resource https://rr4---sn-a5mekndk.googlevideo.com/generate_204 was preloaded using link preload but not used within a few seconds from the window's load event. Please make sure it has an appropriate `as` value and it is preloaded intentionally. @ https://www.youtube.com/watch?v=PPNCe7nX3Fc:0
[24884372ms] [WARNING] The resource https://rr2---sn-9gv7dn7e.c.youtube.com/generate_204 was preloaded using link preload but not used within a few seconds from the window's load event. Please make sure it has an appropriate `as` value and it is preloaded intentionally. @ https://www.youtube.com/watch?v=PPNCe7nX3Fc:0
[24884372ms] [WARNING] The resource https://i.ytimg.com/generate_204 was preloaded using link preload but not used within a few seconds from the window's load event. Please make sure it has an appropriate `as` value and it is preloaded intentionally. @ https://www.youtube.com/watch?v=PPNCe7nX3Fc:0
[24884372ms] [WARNING] The resource https://rr4---sn-a5mekndk.googlevideo.com/generate_204 was preloaded using link preload but not used within a few seconds from the window's load event. Please make sure it has an appropriate `as` value and it is preloaded intentionally. @ https://www.youtube.com/watch?v=PPNCe7nX3Fc:0
[25214943ms] [WARNING] The resource https://rr2---sn-9gv7dn7e.c.youtube.com/generate_204 was preloaded using link preload but not used within a few seconds from the window's load event. Please make sure it has an appropriate `as` value and it is preloaded intentionally. @ https://www.youtube.com/watch?v=PPNCe7nX3Fc:0
[25214943ms] [WARNING] The resource https://i.ytimg.com/generate_204 was preloaded using link preload but not used within a few seconds from the window's load event. Please make sure it has an appropriate `as` value and it is preloaded intentionally. @ https://www.youtube.com/watch?v=PPNCe7nX3Fc:0
[25214943ms] [WARNING] The resource https://rr4---sn-a5mekndk.googlevideo.com/generate_204 was preloaded using link preload but not used within a few seconds from the window's load event. Please make sure it has an appropriate `as` value and it is preloaded intentionally. @ https://www.youtube.com/watch?v=PPNCe7nX3Fc:0
[25519782ms] [WARNING] The resource https://rr2---sn-9gv7dn7e.c.youtube.com/generate_204 was preloaded using link preload but not used within a few seconds from the window's load event. Please make sure it has an appropriate `as` value and it is preloaded intentionally. @ https://www.youtube.com/watch?v=PPNCe7nX3Fc:0
[25519782ms] [WARNING] The resource https://i.ytimg.com/generate_204 was preloaded using link preload but not used within a few seconds from the window's load event. Please make sure it has an appropriate `as` value and it is preloaded intentionally. @ https://www.youtube.com/watch?v=PPNCe7nX3Fc:0
[25519782ms] [WARNING] The resource https://rr4---sn-a5mekndk.googlevideo.com/generate_204 was preloaded using link preload but not used within a few seconds from the window's load event. Please make sure it has an appropriate `as` value and it is preloaded intentionally. @ https://www.youtube.com/watch?v=PPNCe7nX3Fc:0
[25823368ms] [WARNING] The resource https://rr2---sn-9gv7dn7e.c.youtube.com/generate_204 was preloaded using link preload but not used within a few seconds from the window's load event. Please make sure it has an appropriate `as` value and it is preloaded intentionally. @ https://www.youtube.com/watch?v=PPNCe7nX3Fc:0
[25823368ms] [WARNING] The resource https://i.ytimg.com/generate_204 was preloaded using link preload but not used within a few seconds from the window's load event. Please make sure it has an appropriate `as` value and it is preloaded intentionally. @ https://www.youtube.com/watch?v=PPNCe7nX3Fc:0
[25823368ms] [WARNING] The resource https://rr4---sn-a5mekndk.googlevideo.com/generate_204 was preloaded using link preload but not used within a few seconds from the window's load event. Please make sure it has an appropriate `as` value and it is preloaded intentionally. @ https://www.youtube.com/watch?v=PPNCe7nX3Fc:0
[25943264ms] [WARNING] The resource https://rr2---sn-9gv7dn7e.c.youtube.com/generate_204 was preloaded using link preload but not used within a few seconds from the window's load event. Please make sure it has an appropriate `as` value and it is preloaded intentionally. @ https://www.youtube.com/watch?v=PPNCe7nX3Fc:0
[25943264ms] [WARNING] The resource https://i.ytimg.com/generate_204 was preloaded using link preload but not used within a few seconds from the window's load event. Please make sure it has an appropriate `as` value and it is preloaded intentionally. @ https://www.youtube.com/watch?v=PPNCe7nX3Fc:0
[25943264ms] [WARNING] The resource https://rr4---sn-a5mekndk.googlevideo.com/generate_204 was preloaded using link preload but not used within a few seconds from the window's load event. Please make sure it has an appropriate `as` value and it is preloaded intentionally. @ https://www.youtube.com/watch?v=PPNCe7nX3Fc:0
[26159096ms] [WARNING] The resource https://rr2---sn-9gv7dn7e.c.youtube.com/generate_204 was preloaded using link preload but not used within a few seconds from the window's load event. Please make sure it has an appropriate `as` value and it is preloaded intentionally. @ https://www.youtube.com/watch?v=PPNCe7nX3Fc:0
[26159096ms] [WARNING] The resource https://i.ytimg.com/generate_204 was preloaded using link preload but not used within a few seconds from the window's load event. Please make sure it has an appropriate `as` value and it is preloaded intentionally. @ https://www.youtube.com/watch?v=PPNCe7nX3Fc:0
[26159096ms] [WARNING] The resource https://rr4---sn-a5mekndk.googlevideo.com/generate_204 was preloaded using link preload but not used within a few seconds from the window's load event. Please make sure it has an appropriate `as` value and it is preloaded intentionally. @ https://www.youtube.com/watch?v=PPNCe7nX3Fc:0
[26491868ms] [WARNING] The resource https://rr2---sn-9gv7dn7e.c.youtube.com/generate_204 was preloaded using link preload but not used within a few seconds from the window's load event. Please make sure it has an appropriate `as` value and it is preloaded intentionally. @ https://www.youtube.com/watch?v=PPNCe7nX3Fc:0
[26491868ms] [WARNING] The resource https://i.ytimg.com/generate_204 was preloaded using link preload but not used within a few seconds from the window's load event. Please make sure it has an appropriate `as` value and it is preloaded intentionally. @ https://www.youtube.com/watch?v=PPNCe7nX3Fc:0
[26491868ms] [WARNING] The resource https://rr4---sn-a5mekndk.googlevideo.com/generate_204 was preloaded using link preload but not used within a few seconds from the window's load event. Please make sure it has an appropriate `as` value and it is preloaded intentionally. @ https://www.youtube.com/watch?v=PPNCe7nX3Fc:0
[26822095ms] [WARNING] The resource https://rr2---sn-9gv7dn7e.c.youtube.com/generate_204 was preloaded using link preload but not used within a few seconds from the window's load event. Please make sure it has an appropriate `as` value and it is preloaded intentionally. @ https://www.youtube.com/watch?v=PPNCe7nX3Fc:0
[26822096ms] [WARNING] The resource https://i.ytimg.com/generate_204 was preloaded using link preload but not used within a few seconds from the window's load event. Please make sure it has an appropriate `as` value and it is preloaded intentionally. @ https://www.youtube.com/watch?v=PPNCe7nX3Fc:0
[26822096ms] [WARNING] The resource https://rr4---sn-a5mekndk.googlevideo.com/generate_204 was preloaded using link preload but not used within a few seconds from the window's load event. Please make sure it has an appropriate `as` value and it is preloaded intentionally. @ https://www.youtube.com/watch?v=PPNCe7nX3Fc:0
[27126874ms] [WARNING] The resource https://rr2---sn-9gv7dn7e.c.youtube.com/generate_204 was preloaded using link preload but not used within a few seconds from the window's load event. Please make sure it has an appropriate `as` value and it is preloaded intentionally. @ https://www.youtube.com/watch?v=PPNCe7nX3Fc:0
[27126875ms] [WARNING] The resource https://i.ytimg.com/generate_204 was preloaded using link preload but not used within a few seconds from the window's load event. Please make sure it has an appropriate `as` value and it is preloaded intentionally. @ https://www.youtube.com/watch?v=PPNCe7nX3Fc:0
[27126875ms] [WARNING] The resource https://rr4---sn-a5mekndk.googlevideo.com/generate_204 was preloaded using link preload but not used within a few seconds from the window's load event. Please make sure it has an appropriate `as` value and it is preloaded intentionally. @ https://www.youtube.com/watch?v=PPNCe7nX3Fc:0
[27429944ms] [WARNING] The resource https://rr2---sn-9gv7dn7e.c.youtube.com/generate_204 was preloaded using link preload but not used within a few seconds from the window's load event. Please make sure it has an appropriate `as` value and it is preloaded intentionally. @ https://www.youtube.com/watch?v=PPNCe7nX3Fc:0
[27429944ms] [WARNING] The resource https://i.ytimg.com/generate_204 was preloaded using link preload but not used within a few seconds from the window's load event. Please make sure it has an appropriate `as` value and it is preloaded intentionally. @ https://www.youtube.com/watch?v=PPNCe7nX3Fc:0
[27429945ms] [WARNING] The resource https://rr4---sn-a5mekndk.googlevideo.com/generate_204 was preloaded using link preload but not used within a few seconds from the window's load event. Please make sure it has an appropriate `as` value and it is preloaded intentionally. @ https://www.youtube.com/watch?v=PPNCe7nX3Fc:0
[27738246ms] [WARNING] The resource https://rr2---sn-9gv7dn7e.c.youtube.com/generate_204 was preloaded using link preload but not used within a few seconds from the window's load event. Please make sure it has an appropriate `as` value and it is preloaded intentionally. @ https://www.youtube.com/watch?v=PPNCe7nX3Fc:0
[27738246ms] [WARNING] The resource https://i.ytimg.com/generate_204 was preloaded using link preload but not used within a few seconds from the window's load event. Please make sure it has an appropriate `as` value and it is preloaded intentionally. @ https://www.youtube.com/watch?v=PPNCe7nX3Fc:0
[27738246ms] [WARNING] The resource https://rr4---sn-a5mekndk.googlevideo.com/generate_204 was preloaded using link preload but not used within a few seconds from the window's load event. Please make sure it has an appropriate `as` value and it is preloaded intentionally. @ https://www.youtube.com/watch?v=PPNCe7nX3Fc:0
[27743440ms] [WARNING] The resource https://rr2---sn-9gv7dn7e.c.youtube.com/generate_204 was preloaded using link preload but not used within a few seconds from the window's load event. Please make sure it has an appropriate `as` value and it is preloaded intentionally. @ https://www.youtube.com/watch?v=PPNCe7nX3Fc:0
[27743440ms] [WARNING] The resource https://i.ytimg.com/generate_204 was preloaded using link preload but not used within a few seconds from the window's load event. Please make sure it has an appropriate `as` value and it is preloaded intentionally. @ https://www.youtube.com/watch?v=PPNCe7nX3Fc:0
[27743440ms] [WARNING] The resource https://rr4---sn-a5mekndk.googlevideo.com/generate_204 was preloaded using link preload but not used within a few seconds from the window's load event. Please make sure it has an appropriate `as` value and it is preloaded intentionally. @ https://www.youtube.com/watch?v=PPNCe7nX3Fc:0
[28068452ms] [WARNING] The resource https://rr2---sn-9gv7dn7e.c.youtube.com/generate_204 was preloaded using link preload but not used within a few seconds from the window's load event. Please make sure it has an appropriate `as` value and it is preloaded intentionally. @ https://www.youtube.com/watch?v=PPNCe7nX3Fc:0
[28068452ms] [WARNING] The resource https://i.ytimg.com/generate_204 was preloaded using link preload but not used within a few seconds from the window's load event. Please make sure it has an appropriate `as` value and it is preloaded intentionally. @ https://www.youtube.com/watch?v=PPNCe7nX3Fc:0
[28068453ms] [WARNING] The resource https://rr4---sn-a5mekndk.googlevideo.com/generate_204 was preloaded using link preload but not used within a few seconds from the window's load event. Please make sure it has an appropriate `as` value and it is preloaded intentionally. @ https://www.youtube.com/watch?v=PPNCe7nX3Fc:0
[28372090ms] [WARNING] The resource https://rr2---sn-9gv7dn7e.c.youtube.com/generate_204 was preloaded using link preload but not used within a few seconds from the window's load event. Please make sure it has an appropriate `as` value and it is preloaded intentionally. @ https://www.youtube.com/watch?v=PPNCe7nX3Fc:0
[28372091ms] [WARNING] The resource https://i.ytimg.com/generate_204 was preloaded using link preload but not used within a few seconds from the window's load event. Please make sure it has an appropriate `as` value and it is preloaded intentionally. @ https://www.youtube.com/watch?v=PPNCe7nX3Fc:0
[28372091ms] [WARNING] The resource https://rr4---sn-a5mekndk.googlevideo.com/generate_204 was preloaded using link preload but not used within a few seconds from the window's load event. Please make sure it has an appropriate `as` value and it is preloaded intentionally. @ https://www.youtube.com/watch?v=PPNCe7nX3Fc:0
[28705417ms] [WARNING] The resource https://rr2---sn-9gv7dn7e.c.youtube.com/generate_204 was preloaded using link preload but not used within a few seconds from the window's load event. Please make sure it has an appropriate `as` value and it is preloaded intentionally. @ https://www.youtube.com/watch?v=PPNCe7nX3Fc:0
[28705418ms] [WARNING] The resource https://i.ytimg.com/generate_204 was preloaded using link preload but not used within a few seconds from the window's load event. Please make sure it has an appropriate `as` value and it is preloaded intentionally. @ https://www.youtube.com/watch?v=PPNCe7nX3Fc:0
[28705418ms] [WARNING] The resource https://rr4---sn-a5mekndk.googlevideo.com/generate_204 was preloaded using link preload but not used within a few seconds from the window's load event. Please make sure it has an appropriate `as` value and it is preloaded intentionally. @ https://www.youtube.com/watch?v=PPNCe7nX3Fc:0
[29010304ms] [WARNING] The resource https://rr2---sn-9gv7dn7e.c.youtube.com/generate_204 was preloaded using link preload but not used within a few seconds from the window's load event. Please make sure it has an appropriate `as` value and it is preloaded intentionally. @ https://www.youtube.com/watch?v=PPNCe7nX3Fc:0
[29010304ms] [WARNING] The resource https://i.ytimg.com/generate_204 was preloaded using link preload but not used within a few seconds from the window's load event. Please make sure it has an appropriate `as` value and it is preloaded intentionally. @ https://www.youtube.com/watch?v=PPNCe7nX3Fc:0
[29010304ms] [WARNING] The resource https://rr4---sn-a5mekndk.googlevideo.com/generate_204 was preloaded using link preload but not used within a few seconds from the window's load event. Please make sure it has an appropriate `as` value and it is preloaded intentionally. @ https://www.youtube.com/watch?v=PPNCe7nX3Fc:0
[29313881ms] [WARNING] The resource https://rr2---sn-9gv7dn7e.c.youtube.com/generate_204 was preloaded using link preload but not used within a few seconds from the window's load event. Please make sure it has an appropriate `as` value and it is preloaded intentionally. @ https://www.youtube.com/watch?v=PPNCe7nX3Fc:0
[29313882ms] [WARNING] The resource https://i.ytimg.com/generate_204 was preloaded using link preload but not used within a few seconds from the window's load event. Please make sure it has an appropriate `as` value and it is preloaded intentionally. @ https://www.youtube.com/watch?v=PPNCe7nX3Fc:0
[29313882ms] [WARNING] The resource https://rr4---sn-a5mekndk.googlevideo.com/generate_204 was preloaded using link preload but not used within a few seconds from the window's load event. Please make sure it has an appropriate `as` value and it is preloaded intentionally. @ https://www.youtube.com/watch?v=PPNCe7nX3Fc:0
[29543609ms] [WARNING] The resource https://rr2---sn-9gv7dn7e.c.youtube.com/generate_204 was preloaded using link preload but not used within a few seconds from the window's load event. Please make sure it has an appropriate `as` value and it is preloaded intentionally. @ https://www.youtube.com/watch?v=PPNCe7nX3Fc:0
[29543610ms] [WARNING] The resource https://i.ytimg.com/generate_204 was preloaded using link preload but not used within a few seconds from the window's load event. Please make sure it has an appropriate `as` value and it is preloaded intentionally. @ https://www.youtube.com/watch?v=PPNCe7nX3Fc:0
[29543610ms] [WARNING] The resource https://rr4---sn-a5mekndk.googlevideo.com/generate_204 was preloaded using link preload but not used within a few seconds from the window's load event. Please make sure it has an appropriate `as` value and it is preloaded intentionally. @ https://www.youtube.com/watch?v=PPNCe7nX3Fc:0
[29620141ms] [WARNING] The resource https://rr2---sn-9gv7dn7e.c.youtube.com/generate_204 was preloaded using link preload but not used within a few seconds from the window's load event. Please make sure it has an appropriate `as` value and it is preloaded intentionally. @ https://www.youtube.com/watch?v=PPNCe7nX3Fc:0
[29620141ms] [WARNING] The resource https://i.ytimg.com/generate_204 was preloaded using link preload but not used within a few seconds from the window's load event. Please make sure it has an appropriate `as` value and it is preloaded intentionally. @ https://www.youtube.com/watch?v=PPNCe7nX3Fc:0
[29620142ms] [WARNING] The resource https://rr4---sn-a5mekndk.googlevideo.com/generate_204 was preloaded using link preload but not used within a few seconds from the window's load event. Please make sure it has an appropriate `as` value and it is preloaded intentionally. @ https://www.youtube.com/watch?v=PPNCe7nX3Fc:0
[29924961ms] [WARNING] The resource https://rr2---sn-9gv7dn7e.c.youtube.com/generate_204 was preloaded using link preload but not used within a few seconds from the window's load event. Please make sure it has an appropriate `as` value and it is preloaded intentionally. @ https://www.youtube.com/watch?v=PPNCe7nX3Fc:0
[29924961ms] [WARNING] The resource https://i.ytimg.com/generate_204 was preloaded using link preload but not used within a few seconds from the window's load event. Please make sure it has an appropriate `as` value and it is preloaded intentionally. @ https://www.youtube.com/watch?v=PPNCe7nX3Fc:0
[29924961ms] [WARNING] The resource https://rr4---sn-a5mekndk.googlevideo.com/generate_204 was preloaded using link preload but not used within a few seconds from the window's load event. Please make sure it has an appropriate `as` value and it is preloaded intentionally. @ https://www.youtube.com/watch?v=PPNCe7nX3Fc:0
[30228039ms] [WARNING] The resource https://rr2---sn-9gv7dn7e.c.youtube.com/generate_204 was preloaded using link preload but not used within a few seconds from the window's load event. Please make sure it has an appropriate `as` value and it is preloaded intentionally. @ https://www.youtube.com/watch?v=PPNCe7nX3Fc:0
[30228039ms] [WARNING] The resource https://i.ytimg.com/generate_204 was preloaded using link preload but not used within a few seconds from the window's load event. Please make sure it has an appropriate `as` value and it is preloaded intentionally. @ https://www.youtube.com/watch?v=PPNCe7nX3Fc:0
[30228039ms] [WARNING] The resource https://rr4---sn-a5mekndk.googlevideo.com/generate_204 was preloaded using link preload but not used within a few seconds from the window's load event. Please make sure it has an appropriate `as` value and it is preloaded intentionally. @ https://www.youtube.com/watch?v=PPNCe7nX3Fc:0
[30531253ms] [WARNING] The resource https://rr2---sn-9gv7dn7e.c.youtube.com/generate_204 was preloaded using link preload but not used within a few seconds from the window's load event. Please make sure it has an appropriate `as` value and it is preloaded intentionally. @ https://www.youtube.com/watch?v=PPNCe7nX3Fc:0
[30531253ms] [WARNING] The resource https://i.ytimg.com/generate_204 was preloaded using link preload but not used within a few seconds from the window's load event. Please make sure it has an appropriate `as` value and it is preloaded intentionally. @ https://www.youtube.com/watch?v=PPNCe7nX3Fc:0
[30531253ms] [WARNING] The resource https://rr4---sn-a5mekndk.googlevideo.com/generate_204 was preloaded using link preload but not used within a few seconds from the window's load event. Please make sure it has an appropriate `as` value and it is preloaded intentionally. @ https://www.youtube.com/watch?v=PPNCe7nX3Fc:0
[30865425ms] [WARNING] The resource https://rr2---sn-9gv7dn7e.c.youtube.com/generate_204 was preloaded using link preload but not used within a few seconds from the window's load event. Please make sure it has an appropriate `as` value and it is preloaded intentionally. @ https://www.youtube.com/watch?v=PPNCe7nX3Fc:0
[30865425ms] [WARNING] The resource https://i.ytimg.com/generate_204 was preloaded using link preload but not used within a few seconds from the window's load event. Please make sure it has an appropriate `as` value and it is preloaded intentionally. @ https://www.youtube.com/watch?v=PPNCe7nX3Fc:0
[30865426ms] [WARNING] The resource https://rr4---sn-a5mekndk.googlevideo.com/generate_204 was preloaded using link preload but not used within a few seconds from the window's load event. Please make sure it has an appropriate `as` value and it is preloaded intentionally. @ https://www.youtube.com/watch?v=PPNCe7nX3Fc:0
[31172253ms] [WARNING] The resource https://rr2---sn-9gv7dn7e.c.youtube.com/generate_204 was preloaded using link preload but not used within a few seconds from the window's load event. Please make sure it has an appropriate `as` value and it is preloaded intentionally. @ https://www.youtube.com/watch?v=PPNCe7nX3Fc:0
[31172253ms] [WARNING] The resource https://i.ytimg.com/generate_204 was preloaded using link preload but not used within a few seconds from the window's load event. Please make sure it has an appropriate `as` value and it is preloaded intentionally. @ https://www.youtube.com/watch?v=PPNCe7nX3Fc:0
[31172253ms] [WARNING] The resource https://rr4---sn-a5mekndk.googlevideo.com/generate_204 was preloaded using link preload but not used within a few seconds from the window's load event. Please make sure it has an appropriate `as` value and it is preloaded intentionally. @ https://www.youtube.com/watch?v=PPNCe7nX3Fc:0
[31343799ms] [WARNING] The resource https://rr2---sn-9gv7dn7e.c.youtube.com/generate_204 was preloaded using link preload but not used within a few seconds from the window's load event. Please make sure it has an appropriate `as` value and it is preloaded intentionally. @ https://www.youtube.com/watch?v=PPNCe7nX3Fc:0
[31343799ms] [WARNING] The resource https://i.ytimg.com/generate_204 was preloaded using link preload but not used within a few seconds from the window's load event. Please make sure it has an appropriate `as` value and it is preloaded intentionally. @ https://www.youtube.com/watch?v=PPNCe7nX3Fc:0
[31343800ms] [WARNING] The resource https://rr4---sn-a5mekndk.googlevideo.com/generate_204 was preloaded using link preload but not used within a few seconds from the window's load event. Please make sure it has an appropriate `as` value and it is preloaded intentionally. @ https://www.youtube.com/watch?v=PPNCe7nX3Fc:0
[31504843ms] [WARNING] The resource https://rr2---sn-9gv7dn7e.c.youtube.com/generate_204 was preloaded using link preload but not used within a few seconds from the window's load event. Please make sure it has an appropriate `as` value and it is preloaded intentionally. @ https://www.youtube.com/watch?v=PPNCe7nX3Fc:0
[31504843ms] [WARNING] The resource https://i.ytimg.com/generate_204 was preloaded using link preload but not used within a few seconds from the window's load event. Please make sure it has an appropriate `as` value and it is preloaded intentionally. @ https://www.youtube.com/watch?v=PPNCe7nX3Fc:0
[31504843ms] [WARNING] The resource https://rr4---sn-a5mekndk.googlevideo.com/generate_204 was preloaded using link preload but not used within a few seconds from the window's load event. Please make sure it has an appropriate `as` value and it is preloaded intentionally. @ https://www.youtube.com/watch?v=PPNCe7nX3Fc:0
[31837567ms] [WARNING] The resource https://rr2---sn-9gv7dn7e.c.youtube.com/generate_204 was preloaded using link preload but not used within a few seconds from the window's load event. Please make sure it has an appropriate `as` value and it is preloaded intentionally. @ https://www.youtube.com/watch?v=PPNCe7nX3Fc:0
[31837567ms] [WARNING] The resource https://i.ytimg.com/generate_204 was preloaded using link preload but not used within a few seconds from the window's load event. Please make sure it has an appropriate `as` value and it is preloaded intentionally. @ https://www.youtube.com/watch?v=PPNCe7nX3Fc:0
[31837567ms] [WARNING] The resource https://rr4---sn-a5mekndk.googlevideo.com/generate_204 was preloaded using link preload but not used within a few seconds from the window's load event. Please make sure it has an appropriate `as` value and it is preloaded intentionally. @ https://www.youtube.com/watch?v=PPNCe7nX3Fc:0
[32167642ms] [WARNING] The resource https://rr2---sn-9gv7dn7e.c.youtube.com/generate_204 was preloaded using link preload but not used within a few seconds from the window's load event. Please make sure it has an appropriate `as` value and it is preloaded intentionally. @ https://www.youtube.com/watch?v=PPNCe7nX3Fc:0
[32167643ms] [WARNING] The resource https://i.ytimg.com/generate_204 was preloaded using link preload but not used within a few seconds from the window's load event. Please make sure it has an appropriate `as` value and it is preloaded intentionally. @ https://www.youtube.com/watch?v=PPNCe7nX3Fc:0
[32167643ms] [WARNING] The resource https://rr4---sn-a5mekndk.googlevideo.com/generate_204 was preloaded using link preload but not used within a few seconds from the window's load event. Please make sure it has an appropriate `as` value and it is preloaded intentionally. @ https://www.youtube.com/watch?v=PPNCe7nX3Fc:0
[32471655ms] [WARNING] The resource https://rr2---sn-9gv7dn7e.c.youtube.com/generate_204 was preloaded using link preload but not used within a few seconds from the window's load event. Please make sure it has an appropriate `as` value and it is preloaded intentionally. @ https://www.youtube.com/watch?v=PPNCe7nX3Fc:0
[32471655ms] [WARNING] The resource https://i.ytimg.com/generate_204 was preloaded using link preload but not used within a few seconds from the window's load event. Please make sure it has an appropriate `as` value and it is preloaded intentionally. @ https://www.youtube.com/watch?v=PPNCe7nX3Fc:0
[32471655ms] [WARNING] The resource https://rr4---sn-a5mekndk.googlevideo.com/generate_204 was preloaded using link preload but not used within a few seconds from the window's load event. Please make sure it has an appropriate `as` value and it is preloaded intentionally. @ https://www.youtube.com/watch?v=PPNCe7nX3Fc:0
[32783044ms] [WARNING] The resource https://rr2---sn-9gv7dn7e.c.youtube.com/generate_204 was preloaded using link preload but not used within a few seconds from the window's load event. Please make sure it has an appropriate `as` value and it is preloaded intentionally. @ https://www.youtube.com/watch?v=PPNCe7nX3Fc:0
[32783044ms] [WARNING] The resource https://i.ytimg.com/generate_204 was preloaded using link preload but not used within a few seconds from the window's load event. Please make sure it has an appropriate `as` value and it is preloaded intentionally. @ https://www.youtube.com/watch?v=PPNCe7nX3Fc:0
[32783044ms] [WARNING] The resource https://rr4---sn-a5mekndk.googlevideo.com/generate_204 was preloaded using link preload but not used within a few seconds from the window's load event. Please make sure it has an appropriate `as` value and it is preloaded intentionally. @ https://www.youtube.com/watch?v=PPNCe7nX3Fc:0
[33114515ms] [WARNING] The resource https://rr2---sn-9gv7dn7e.c.youtube.com/generate_204 was preloaded using link preload but not used within a few seconds from the window's load event. Please make sure it has an appropriate `as` value and it is preloaded intentionally. @ https://www.youtube.com/watch?v=PPNCe7nX3Fc:0
[33114515ms] [WARNING] The resource https://i.ytimg.com/generate_204 was preloaded using link preload but not used within a few seconds from the window's load event. Please make sure it has an appropriate `as` value and it is preloaded intentionally. @ https://www.youtube.com/watch?v=PPNCe7nX3Fc:0
[33114515ms] [WARNING] The resource https://rr4---sn-a5mekndk.googlevideo.com/generate_204 was preloaded using link preload but not used within a few seconds from the window's load event. Please make sure it has an appropriate `as` value and it is preloaded intentionally. @ https://www.youtube.com/watch?v=PPNCe7nX3Fc:0
[33144012ms] [WARNING] The resource https://rr2---sn-9gv7dn7e.c.youtube.com/generate_204 was preloaded using link preload but not used within a few seconds from the window's load event. Please make sure it has an appropriate `as` value and it is preloaded intentionally. @ https://www.youtube.com/watch?v=PPNCe7nX3Fc:0
[33144012ms] [WARNING] The resource https://i.ytimg.com/generate_204 was preloaded using link preload but not used within a few seconds from the window's load event. Please make sure it has an appropriate `as` value and it is preloaded intentionally. @ https://www.youtube.com/watch?v=PPNCe7nX3Fc:0
[33144012ms] [WARNING] The resource https://rr4---sn-a5mekndk.googlevideo.com/generate_204 was preloaded using link preload but not used within a few seconds from the window's load event. Please make sure it has an appropriate `as` value and it is preloaded intentionally. @ https://www.youtube.com/watch?v=PPNCe7nX3Fc:0
[33419317ms] [WARNING] The resource https://rr2---sn-9gv7dn7e.c.youtube.com/generate_204 was preloaded using link preload but not used within a few seconds from the window's load event. Please make sure it has an appropriate `as` value and it is preloaded intentionally. @ https://www.youtube.com/watch?v=PPNCe7nX3Fc:0
[33419317ms] [WARNING] The resource https://i.ytimg.com/generate_204 was preloaded using link preload but not used within a few seconds from the window's load event. Please make sure it has an appropriate `as` value and it is preloaded intentionally. @ https://www.youtube.com/watch?v=PPNCe7nX3Fc:0
[33419318ms] [WARNING] The resource https://rr4---sn-a5mekndk.googlevideo.com/generate_204 was preloaded using link preload but not used within a few seconds from the window's load event. Please make sure it has an appropriate `as` value and it is preloaded intentionally. @ https://www.youtube.com/watch?v=PPNCe7nX3Fc:0
[33756428ms] [WARNING] The resource https://rr2---sn-9gv7dn7e.c.youtube.com/generate_204 was preloaded using link preload but not used within a few seconds from the window's load event. Please make sure it has an appropriate `as` value and it is preloaded intentionally. @ https://www.youtube.com/watch?v=PPNCe7nX3Fc:0
[33756429ms] [WARNING] The resource https://i.ytimg.com/generate_204 was preloaded using link preload but not used within a few seconds from the window's load event. Please make sure it has an appropriate `as` value and it is preloaded intentionally. @ https://www.youtube.com/watch?v=PPNCe7nX3Fc:0
[33756429ms] [WARNING] The resource https://rr4---sn-a5mekndk.googlevideo.com/generate_204 was preloaded using link preload but not used within a few seconds from the window's load event. Please make sure it has an appropriate `as` value and it is preloaded intentionally. @ https://www.youtube.com/watch?v=PPNCe7nX3Fc:0
[34086803ms] [WARNING] The resource https://rr2---sn-9gv7dn7e.c.youtube.com/generate_204 was preloaded using link preload but not used within a few seconds from the window's load event. Please make sure it has an appropriate `as` value and it is preloaded intentionally. @ https://www.youtube.com/watch?v=PPNCe7nX3Fc:0
[34086803ms] [WARNING] The resource https://i.ytimg.com/generate_204 was preloaded using link preload but not used within a few seconds from the window's load event. Please make sure it has an appropriate `as` value and it is preloaded intentionally. @ https://www.youtube.com/watch?v=PPNCe7nX3Fc:0
[34086803ms] [WARNING] The resource https://rr4---sn-a5mekndk.googlevideo.com/generate_204 was preloaded using link preload but not used within a few seconds from the window's load event. Please make sure it has an appropriate `as` value and it is preloaded intentionally. @ https://www.youtube.com/watch?v=PPNCe7nX3Fc:0
[34394260ms] [WARNING] The resource https://rr2---sn-9gv7dn7e.c.youtube.com/generate_204 was preloaded using link preload but not used within a few seconds from the window's load event. Please make sure it has an appropriate `as` value and it is preloaded intentionally. @ https://www.youtube.com/watch?v=PPNCe7nX3Fc:0
[34394260ms] [WARNING] The resource https://i.ytimg.com/generate_204 was preloaded using link preload but not used within a few seconds from the window's load event. Please make sure it has an appropriate `as` value and it is preloaded intentionally. @ https://www.youtube.com/watch?v=PPNCe7nX3Fc:0
[34394260ms] [WARNING] The resource https://rr4---sn-a5mekndk.googlevideo.com/generate_204 was preloaded using link preload but not used within a few seconds from the window's load event. Please make sure it has an appropriate `as` value and it is preloaded intentionally. @ https://www.youtube.com/watch?v=PPNCe7nX3Fc:0
[34724389ms] [WARNING] The resource https://rr2---sn-9gv7dn7e.c.youtube.com/generate_204 was preloaded using link preload but not used within a few seconds from the window's load event. Please make sure it has an appropriate `as` value and it is preloaded intentionally. @ https://www.youtube.com/watch?v=PPNCe7nX3Fc:0
[34724389ms] [WARNING] The resource https://i.ytimg.com/generate_204 was preloaded using link preload but not used within a few seconds from the window's load event. Please make sure it has an appropriate `as` value and it is preloaded intentionally. @ https://www.youtube.com/watch?v=PPNCe7nX3Fc:0
[34724389ms] [WARNING] The resource https://rr4---sn-a5mekndk.googlevideo.com/generate_204 was preloaded using link preload but not used within a few seconds from the window's load event. Please make sure it has an appropriate `as` value and it is preloaded intentionally. @ https://www.youtube.com/watch?v=PPNCe7nX3Fc:0
[34944178ms] [WARNING] The resource https://rr2---sn-9gv7dn7e.c.youtube.com/generate_204 was preloaded using link preload but not used within a few seconds from the window's load event. Please make sure it has an appropriate `as` value and it is preloaded intentionally. @ https://www.youtube.com/watch?v=PPNCe7nX3Fc:0
[34944178ms] [WARNING] The resource https://i.ytimg.com/generate_204 was preloaded using link preload but not used within a few seconds from the window's load event. Please make sure it has an appropriate `as` value and it is preloaded intentionally. @ https://www.youtube.com/watch?v=PPNCe7nX3Fc:0
[34944178ms] [WARNING] The resource https://rr4---sn-a5mekndk.googlevideo.com/generate_204 was preloaded using link preload but not used within a few seconds from the window's load event. Please make sure it has an appropriate `as` value and it is preloaded intentionally. @ https://www.youtube.com/watch?v=PPNCe7nX3Fc:0
[35061305ms] [WARNING] The resource https://rr2---sn-9gv7dn7e.c.youtube.com/generate_204 was preloaded using link preload but not used within a few seconds from the window's load event. Please make sure it has an appropriate `as` value and it is preloaded intentionally. @ https://www.youtube.com/watch?v=PPNCe7nX3Fc:0
[35061305ms] [WARNING] The resource https://i.ytimg.com/generate_204 was preloaded using link preload but not used within a few seconds from the window's load event. Please make sure it has an appropriate `as` value and it is preloaded intentionally. @ https://www.youtube.com/watch?v=PPNCe7nX3Fc:0
[35061305ms] [WARNING] The resource https://rr4---sn-a5mekndk.googlevideo.com/generate_204 was preloaded using link preload but not used within a few seconds from the window's load event. Please make sure it has an appropriate `as` value and it is preloaded intentionally. @ https://www.youtube.com/watch?v=PPNCe7nX3Fc:0
[35394064ms] [WARNING] The resource https://rr2---sn-9gv7dn7e.c.youtube.com/generate_204 was preloaded using link preload but not used within a few seconds from the window's load event. Please make sure it has an appropriate `as` value and it is preloaded intentionally. @ https://www.youtube.com/watch?v=PPNCe7nX3Fc:0
[35394064ms] [WARNING] The resource https://i.ytimg.com/generate_204 was preloaded using link preload but not used within a few seconds from the window's load event. Please make sure it has an appropriate `as` value and it is preloaded intentionally. @ https://www.youtube.com/watch?v=PPNCe7nX3Fc:0
[35394064ms] [WARNING] The resource https://rr4---sn-a5mekndk.googlevideo.com/generate_204 was preloaded using link preload but not used within a few seconds from the window's load event. Please make sure it has an appropriate `as` value and it is preloaded intentionally. @ https://www.youtube.com/watch?v=PPNCe7nX3Fc:0
[35724116ms] [WARNING] The resource https://rr2---sn-9gv7dn7e.c.youtube.com/generate_204 was preloaded using link preload but not used within a few seconds from the window's load event. Please make sure it has an appropriate `as` value and it is preloaded intentionally. @ https://www.youtube.com/watch?v=PPNCe7nX3Fc:0
[35724116ms] [WARNING] The resource https://i.ytimg.com/generate_204 was preloaded using link preload but not used within a few seconds from the window's load event. Please make sure it has an appropriate `as` value and it is preloaded intentionally. @ https://www.youtube.com/watch?v=PPNCe7nX3Fc:0
[35724116ms] [WARNING] The resource https://rr4---sn-a5mekndk.googlevideo.com/generate_204 was preloaded using link preload but not used within a few seconds from the window's load event. Please make sure it has an appropriate `as` value and it is preloaded intentionally. @ https://www.youtube.com/watch?v=PPNCe7nX3Fc:0
[36027548ms] [WARNING] The resource https://rr2---sn-9gv7dn7e.c.youtube.com/generate_204 was preloaded using link preload but not used within a few seconds from the window's load event. Please make sure it has an appropriate `as` value and it is preloaded intentionally. @ https://www.youtube.com/watch?v=PPNCe7nX3Fc:0
[36027549ms] [WARNING] The resource https://i.ytimg.com/generate_204 was preloaded using link preload but not used within a few seconds from the window's load event. Please make sure it has an appropriate `as` value and it is preloaded intentionally. @ https://www.youtube.com/watch?v=PPNCe7nX3Fc:0
[36027549ms] [WARNING] The resource https://rr4---sn-a5mekndk.googlevideo.com/generate_204 was preloaded using link preload but not used within a few seconds from the window's load event. Please make sure it has an appropriate `as` value and it is preloaded intentionally. @ https://www.youtube.com/watch?v=PPNCe7nX3Fc:0
[36334004ms] [WARNING] The resource https://rr2---sn-9gv7dn7e.c.youtube.com/generate_204 was preloaded using link preload but not used within a few seconds from the window's load event. Please make sure it has an appropriate `as` value and it is preloaded intentionally. @ https://www.youtube.com/watch?v=PPNCe7nX3Fc:0
[36334004ms] [WARNING] The resource https://i.ytimg.com/generate_204 was preloaded using link preload but not used within a few seconds from the window's load event. Please make sure it has an appropriate `as` value and it is preloaded intentionally. @ https://www.youtube.com/watch?v=PPNCe7nX3Fc:0
[36334004ms] [WARNING] The resource https://rr4---sn-a5mekndk.googlevideo.com/generate_204 was preloaded using link preload but not used within a few seconds from the window's load event. Please make sure it has an appropriate `as` value and it is preloaded intentionally. @ https://www.youtube.com/watch?v=PPNCe7nX3Fc:0
[36666642ms] [WARNING] The resource https://rr2---sn-9gv7dn7e.c.youtube.com/generate_204 was preloaded using link preload but not used within a few seconds from the window's load event. Please make sure it has an appropriate `as` value and it is preloaded intentionally. @ https://www.youtube.com/watch?v=PPNCe7nX3Fc:0
[36666643ms] [WARNING] The resource https://i.ytimg.com/generate_204 was preloaded using link preload but not used within a few seconds from the window's load event. Please make sure it has an appropriate `as` value and it is preloaded intentionally. @ https://www.youtube.com/watch?v=PPNCe7nX3Fc:0
[36666643ms] [WARNING] The resource https://rr4---sn-a5mekndk.googlevideo.com/generate_204 was preloaded using link preload but not used within a few seconds from the window's load event. Please make sure it has an appropriate `as` value and it is preloaded intentionally. @ https://www.youtube.com/watch?v=PPNCe7nX3Fc:0
[36744315ms] [WARNING] The resource https://rr2---sn-9gv7dn7e.c.youtube.com/generate_204 was preloaded using link preload but not used within a few seconds from the window's load event. Please make sure it has an appropriate `as` value and it is preloaded intentionally. @ https://www.youtube.com/watch?v=PPNCe7nX3Fc:0
[36744315ms] [WARNING] The resource https://i.ytimg.com/generate_204 was preloaded using link preload but not used within a few seconds from the window's load event. Please make sure it has an appropriate `as` value and it is preloaded intentionally. @ https://www.youtube.com/watch?v=PPNCe7nX3Fc:0
[36744315ms] [WARNING] The resource https://rr4---sn-a5mekndk.googlevideo.com/generate_204 was preloaded using link preload but not used within a few seconds from the window's load event. Please make sure it has an appropriate `as` value and it is preloaded intentionally. @ https://www.youtube.com/watch?v=PPNCe7nX3Fc:0
[36999316ms] [WARNING] The resource https://rr2---sn-9gv7dn7e.c.youtube.com/generate_204 was preloaded using link preload but not used within a few seconds from the window's load event. Please make sure it has an appropriate `as` value and it is preloaded intentionally. @ https://www.youtube.com/watch?v=PPNCe7nX3Fc:0
[36999316ms] [WARNING] The resource https://i.ytimg.com/generate_204 was preloaded using link preload but not used within a few seconds from the window's load event. Please make sure it has an appropriate `as` value and it is preloaded intentionally. @ https://www.youtube.com/watch?v=PPNCe7nX3Fc:0
[36999316ms] [WARNING] The resource https://rr4---sn-a5mekndk.googlevideo.com/generate_204 was preloaded using link preload but not used within a few seconds from the window's load event. Please make sure it has an appropriate `as` value and it is preloaded intentionally. @ https://www.youtube.com/watch?v=PPNCe7nX3Fc:0
[37329345ms] [WARNING] The resource https://rr2---sn-9gv7dn7e.c.youtube.com/generate_204 was preloaded using link preload but not used within a few seconds from the window's load event. Please make sure it has an appropriate `as` value and it is preloaded intentionally. @ https://www.youtube.com/watch?v=PPNCe7nX3Fc:0
[37329345ms] [WARNING] The resource https://i.ytimg.com/generate_204 was preloaded using link preload but not used within a few seconds from the window's load event. Please make sure it has an appropriate `as` value and it is preloaded intentionally. @ https://www.youtube.com/watch?v=PPNCe7nX3Fc:0
[37329345ms] [WARNING] The resource https://rr4---sn-a5mekndk.googlevideo.com/generate_204 was preloaded using link preload but not used within a few seconds from the window's load event. Please make sure it has an appropriate `as` value and it is preloaded intentionally. @ https://www.youtube.com/watch?v=PPNCe7nX3Fc:0
[37632764ms] [WARNING] The resource https://rr2---sn-9gv7dn7e.c.youtube.com/generate_204 was preloaded using link preload but not used within a few seconds from the window's load event. Please make sure it has an appropriate `as` value and it is preloaded intentionally. @ https://www.youtube.com/watch?v=PPNCe7nX3Fc:0
[37632765ms] [WARNING] The resource https://i.ytimg.com/generate_204 was preloaded using link preload but not used within a few seconds from the window's load event. Please make sure it has an appropriate `as` value and it is preloaded intentionally. @ https://www.youtube.com/watch?v=PPNCe7nX3Fc:0
[37632765ms] [WARNING] The resource https://rr4---sn-a5mekndk.googlevideo.com/generate_204 was preloaded using link preload but not used within a few seconds from the window's load event. Please make sure it has an appropriate `as` value and it is preloaded intentionally. @ https://www.youtube.com/watch?v=PPNCe7nX3Fc:0
[37936943ms] [WARNING] The resource https://rr2---sn-9gv7dn7e.c.youtube.com/generate_204 was preloaded using link preload but not used within a few seconds from the window's load event. Please make sure it has an appropriate `as` value and it is preloaded intentionally. @ https://www.youtube.com/watch?v=PPNCe7nX3Fc:0
[37936943ms] [WARNING] The resource https://i.ytimg.com/generate_204 was preloaded using link preload but not used within a few seconds from the window's load event. Please make sure it has an appropriate `as` value and it is preloaded intentionally. @ https://www.youtube.com/watch?v=PPNCe7nX3Fc:0
[37936943ms] [WARNING] The resource https://rr4---sn-a5mekndk.googlevideo.com/generate_204 was preloaded using link preload but not used within a few seconds from the window's load event. Please make sure it has an appropriate `as` value and it is preloaded intentionally. @ https://www.youtube.com/watch?v=PPNCe7nX3Fc:0
[38240815ms] [WARNING] The resource https://rr2---sn-9gv7dn7e.c.youtube.com/generate_204 was preloaded using link preload but not used within a few seconds from the window's load event. Please make sure it has an appropriate `as` value and it is preloaded intentionally. @ https://www.youtube.com/watch?v=PPNCe7nX3Fc:0
[38240815ms] [WARNING] The resource https://i.ytimg.com/generate_204 was preloaded using link preload but not used within a few seconds from the window's load event. Please make sure it has an appropriate `as` value and it is preloaded intentionally. @ https://www.youtube.com/watch?v=PPNCe7nX3Fc:0
[38240815ms] [WARNING] The resource https://rr4---sn-a5mekndk.googlevideo.com/generate_204 was preloaded using link preload but not used within a few seconds from the window's load event. Please make sure it has an appropriate `as` value and it is preloaded intentionally. @ https://www.youtube.com/watch?v=PPNCe7nX3Fc:0
[38547177ms] [WARNING] The resource https://rr2---sn-9gv7dn7e.c.youtube.com/generate_204 was preloaded using link preload but not used within a few seconds from the window's load event. Please make sure it has an appropriate `as` value and it is preloaded intentionally. @ https://www.youtube.com/watch?v=PPNCe7nX3Fc:0
[38547177ms] [WARNING] The resource https://i.ytimg.com/generate_204 was preloaded using link preload but not used within a few seconds from the window's load event. Please make sure it has an appropriate `as` value and it is preloaded intentionally. @ https://www.youtube.com/watch?v=PPNCe7nX3Fc:0
[38547178ms] [WARNING] The resource https://rr4---sn-a5mekndk.googlevideo.com/generate_204 was preloaded using link preload but not used within a few seconds from the window's load event. Please make sure it has an appropriate `as` value and it is preloaded intentionally. @ https://www.youtube.com/watch?v=PPNCe7nX3Fc:0
[38877415ms] [WARNING] The resource https://rr2---sn-9gv7dn7e.c.youtube.com/generate_204 was preloaded using link preload but not used within a few seconds from the window's load event. Please make sure it has an appropriate `as` value and it is preloaded intentionally. @ https://www.youtube.com/watch?v=PPNCe7nX3Fc:0
[38877416ms] [WARNING] The resource https://i.ytimg.com/generate_204 was preloaded using link preload but not used within a few seconds from the window's load event. Please make sure it has an appropriate `as` value and it is preloaded intentionally. @ https://www.youtube.com/watch?v=PPNCe7nX3Fc:0
[38877416ms] [WARNING] The resource https://rr4---sn-a5mekndk.googlevideo.com/generate_204 was preloaded using link preload but not used within a few seconds from the window's load event. Please make sure it has an appropriate `as` value and it is preloaded intentionally. @ https://www.youtube.com/watch?v=PPNCe7nX3Fc:0
[39182224ms] [WARNING] The resource https://rr2---sn-9gv7dn7e.c.youtube.com/generate_204 was preloaded using link preload but not used within a few seconds from the window's load event. Please make sure it has an appropriate `as` value and it is preloaded intentionally. @ https://www.youtube.com/watch?v=PPNCe7nX3Fc:0
[39182224ms] [WARNING] The resource https://i.ytimg.com/generate_204 was preloaded using link preload but not used within a few seconds from the window's load event. Please make sure it has an appropriate `as` value and it is preloaded intentionally. @ https://www.youtube.com/watch?v=PPNCe7nX3Fc:0
[39182224ms] [WARNING] The resource https://rr4---sn-a5mekndk.googlevideo.com/generate_204 was preloaded using link preload but not used within a few seconds from the window's load event. Please make sure it has an appropriate `as` value and it is preloaded intentionally. @ https://www.youtube.com/watch?v=PPNCe7nX3Fc:0
[39485698ms] [WARNING] The resource https://rr2---sn-9gv7dn7e.c.youtube.com/generate_204 was preloaded using link preload but not used within a few seconds from the window's load event. Please make sure it has an appropriate `as` value and it is preloaded intentionally. @ https://www.youtube.com/watch?v=PPNCe7nX3Fc:0
[39485698ms] [WARNING] The resource https://i.ytimg.com/generate_204 was preloaded using link preload but not used within a few seconds from the window's load event. Please make sure it has an appropriate `as` value and it is preloaded intentionally. @ https://www.youtube.com/watch?v=PPNCe7nX3Fc:0
[39485698ms] [WARNING] The resource https://rr4---sn-a5mekndk.googlevideo.com/generate_204 was preloaded using link preload but not used within a few seconds from the window's load event. Please make sure it has an appropriate `as` value and it is preloaded intentionally. @ https://www.youtube.com/watch?v=PPNCe7nX3Fc:0
[39820304ms] [WARNING] The resource https://rr2---sn-9gv7dn7e.c.youtube.com/generate_204 was preloaded using link preload but not used within a few seconds from the window's load event. Please make sure it has an appropriate `as` value and it is preloaded intentionally. @ https://www.youtube.com/watch?v=PPNCe7nX3Fc:0
[39820304ms] [WARNING] The resource https://i.ytimg.com/generate_204 was preloaded using link preload but not used within a few seconds from the window's load event. Please make sure it has an appropriate `as` value and it is preloaded intentionally. @ https://www.youtube.com/watch?v=PPNCe7nX3Fc:0
[39820304ms] [WARNING] The resource https://rr4---sn-a5mekndk.googlevideo.com/generate_204 was preloaded using link preload but not used within a few seconds from the window's load event. Please make sure it has an appropriate `as` value and it is preloaded intentionally. @ https://www.youtube.com/watch?v=PPNCe7nX3Fc:0
[40151327ms] [WARNING] The resource https://rr2---sn-9gv7dn7e.c.youtube.com/generate_204 was preloaded using link preload but not used within a few seconds from the window's load event. Please make sure it has an appropriate `as` value and it is preloaded intentionally. @ https://www.youtube.com/watch?v=PPNCe7nX3Fc:0
[40151328ms] [WARNING] The resource https://i.ytimg.com/generate_204 was preloaded using link preload but not used within a few seconds from the window's load event. Please make sure it has an appropriate `as` value and it is preloaded intentionally. @ https://www.youtube.com/watch?v=PPNCe7nX3Fc:0
[40151328ms] [WARNING] The resource https://rr4---sn-a5mekndk.googlevideo.com/generate_204 was preloaded using link preload but not used within a few seconds from the window's load event. Please make sure it has an appropriate `as` value and it is preloaded intentionally. @ https://www.youtube.com/watch?v=PPNCe7nX3Fc:0
[40344663ms] [WARNING] The resource https://rr2---sn-9gv7dn7e.c.youtube.com/generate_204 was preloaded using link preload but not used within a few seconds from the window's load event. Please make sure it has an appropriate `as` value and it is preloaded intentionally. @ https://www.youtube.com/watch?v=PPNCe7nX3Fc:0
[40344663ms] [WARNING] The resource https://i.ytimg.com/generate_204 was preloaded using link preload but not used within a few seconds from the window's load event. Please make sure it has an appropriate `as` value and it is preloaded intentionally. @ https://www.youtube.com/watch?v=PPNCe7nX3Fc:0
[40344663ms] [WARNING] The resource https://rr4---sn-a5mekndk.googlevideo.com/generate_204 was preloaded using link preload but not used within a few seconds from the window's load event. Please make sure it has an appropriate `as` value and it is preloaded intentionally. @ https://www.youtube.com/watch?v=PPNCe7nX3Fc:0
[40454842ms] [WARNING] The resource https://rr2---sn-9gv7dn7e.c.youtube.com/generate_204 was preloaded using link preload but not used within a few seconds from the window's load event. Please make sure it has an appropriate `as` value and it is preloaded intentionally. @ https://www.youtube.com/watch?v=PPNCe7nX3Fc:0
[40454843ms] [WARNING] The resource https://i.ytimg.com/generate_204 was preloaded using link preload but not used within a few seconds from the window's load event. Please make sure it has an appropriate `as` value and it is preloaded intentionally. @ https://www.youtube.com/watch?v=PPNCe7nX3Fc:0
[40454843ms] [WARNING] The resource https://rr4---sn-a5mekndk.googlevideo.com/generate_204 was preloaded using link preload but not used within a few seconds from the window's load event. Please make sure it has an appropriate `as` value and it is preloaded intentionally. @ https://www.youtube.com/watch?v=PPNCe7nX3Fc:0
[40757261ms] [WARNING] The resource https://rr2---sn-9gv7dn7e.c.youtube.com/generate_204 was preloaded using link preload but not used within a few seconds from the window's load event. Please make sure it has an appropriate `as` value and it is preloaded intentionally. @ https://www.youtube.com/watch?v=PPNCe7nX3Fc:0
[40757262ms] [WARNING] The resource https://i.ytimg.com/generate_204 was preloaded using link preload but not used within a few seconds from the window's load event. Please make sure it has an appropriate `as` value and it is preloaded intentionally. @ https://www.youtube.com/watch?v=PPNCe7nX3Fc:0
[40757262ms] [WARNING] The resource https://rr4---sn-a5mekndk.googlevideo.com/generate_204 was preloaded using link preload but not used within a few seconds from the window's load event. Please make sure it has an appropriate `as` value and it is preloaded intentionally. @ https://www.youtube.com/watch?v=PPNCe7nX3Fc:0
[41065634ms] [WARNING] The resource https://rr2---sn-9gv7dn7e.c.youtube.com/generate_204 was preloaded using link preload but not used within a few seconds from the window's load event. Please make sure it has an appropriate `as` value and it is preloaded intentionally. @ https://www.youtube.com/watch?v=PPNCe7nX3Fc:0
[41065635ms] [WARNING] The resource https://i.ytimg.com/generate_204 was preloaded using link preload but not used within a few seconds from the window's load event. Please make sure it has an appropriate `as` value and it is preloaded intentionally. @ https://www.youtube.com/watch?v=PPNCe7nX3Fc:0
[41065635ms] [WARNING] The resource https://rr4---sn-a5mekndk.googlevideo.com/generate_204 was preloaded using link preload but not used within a few seconds from the window's load event. Please make sure it has an appropriate `as` value and it is preloaded intentionally. @ https://www.youtube.com/watch?v=PPNCe7nX3Fc:0
[41398524ms] [WARNING] The resource https://rr2---sn-9gv7dn7e.c.youtube.com/generate_204 was preloaded using link preload but not used within a few seconds from the window's load event. Please make sure it has an appropriate `as` value and it is preloaded intentionally. @ https://www.youtube.com/watch?v=PPNCe7nX3Fc:0
[41398524ms] [WARNING] The resource https://i.ytimg.com/generate_204 was preloaded using link preload but not used within a few seconds from the window's load event. Please make sure it has an appropriate `as` value and it is preloaded intentionally. @ https://www.youtube.com/watch?v=PPNCe7nX3Fc:0
[41398524ms] [WARNING] The resource https://rr4---sn-a5mekndk.googlevideo.com/generate_204 was preloaded using link preload but not used within a few seconds from the window's load event. Please make sure it has an appropriate `as` value and it is preloaded intentionally. @ https://www.youtube.com/watch?v=PPNCe7nX3Fc:0
[41731074ms] [WARNING] The resource https://rr2---sn-9gv7dn7e.c.youtube.com/generate_204 was preloaded using link preload but not used within a few seconds from the window's load event. Please make sure it has an appropriate `as` value and it is preloaded intentionally. @ https://www.youtube.com/watch?v=PPNCe7nX3Fc:0
[41731074ms] [WARNING] The resource https://i.ytimg.com/generate_204 was preloaded using link preload but not used within a few seconds from the window's load event. Please make sure it has an appropriate `as` value and it is preloaded intentionally. @ https://www.youtube.com/watch?v=PPNCe7nX3Fc:0
[41731075ms] [WARNING] The resource https://rr4---sn-a5mekndk.googlevideo.com/generate_204 was preloaded using link preload but not used within a few seconds from the window's load event. Please make sure it has an appropriate `as` value and it is preloaded intentionally. @ https://www.youtube.com/watch?v=PPNCe7nX3Fc:0
[42061099ms] [WARNING] The resource https://rr2---sn-9gv7dn7e.c.youtube.com/generate_204 was preloaded using link preload but not used within a few seconds from the window's load event. Please make sure it has an appropriate `as` value and it is preloaded intentionally. @ https://www.youtube.com/watch?v=PPNCe7nX3Fc:0
[42061099ms] [WARNING] The resource https://i.ytimg.com/generate_204 was preloaded using link preload but not used within a few seconds from the window's load event. Please make sure it has an appropriate `as` value and it is preloaded intentionally. @ https://www.youtube.com/watch?v=PPNCe7nX3Fc:0
[42061099ms] [WARNING] The resource https://rr4---sn-a5mekndk.googlevideo.com/generate_204 was preloaded using link preload but not used within a few seconds from the window's load event. Please make sure it has an appropriate `as` value and it is preloaded intentionally. @ https://www.youtube.com/watch?v=PPNCe7nX3Fc:0
[42144817ms] [WARNING] The resource https://rr2---sn-9gv7dn7e.c.youtube.com/generate_204 was preloaded using link preload but not used within a few seconds from the window's load event. Please make sure it has an appropriate `as` value and it is preloaded intentionally. @ https://www.youtube.com/watch?v=PPNCe7nX3Fc:0
[42144817ms] [WARNING] The resource https://i.ytimg.com/generate_204 was preloaded using link preload but not used within a few seconds from the window's load event. Please make sure it has an appropriate `as` value and it is preloaded intentionally. @ https://www.youtube.com/watch?v=PPNCe7nX3Fc:0
[42144817ms] [WARNING] The resource https://rr4---sn-a5mekndk.googlevideo.com/generate_204 was preloaded using link preload but not used within a few seconds from the window's load event. Please make sure it has an appropriate `as` value and it is preloaded intentionally. @ https://www.youtube.com/watch?v=PPNCe7nX3Fc:0
[42397641ms] [WARNING] The resource https://rr2---sn-9gv7dn7e.c.youtube.com/generate_204 was preloaded using link preload but not used within a few seconds from the window's load event. Please make sure it has an appropriate `as` value and it is preloaded intentionally. @ https://www.youtube.com/watch?v=PPNCe7nX3Fc:0
[42397641ms] [WARNING] The resource https://i.ytimg.com/generate_204 was preloaded using link preload but not used within a few seconds from the window's load event. Please make sure it has an appropriate `as` value and it is preloaded intentionally. @ https://www.youtube.com/watch?v=PPNCe7nX3Fc:0
[42397641ms] [WARNING] The resource https://rr4---sn-a5mekndk.googlevideo.com/generate_204 was preloaded using link preload but not used within a few seconds from the window's load event. Please make sure it has an appropriate `as` value and it is preloaded intentionally. @ https://www.youtube.com/watch?v=PPNCe7nX3Fc:0
[42727903ms] [WARNING] The resource https://rr2---sn-9gv7dn7e.c.youtube.com/generate_204 was preloaded using link preload but not used within a few seconds from the window's load event. Please make sure it has an appropriate `as` value and it is preloaded intentionally. @ https://www.youtube.com/watch?v=PPNCe7nX3Fc:0
[42727903ms] [WARNING] The resource https://i.ytimg.com/generate_204 was preloaded using link preload but not used within a few seconds from the window's load event. Please make sure it has an appropriate `as` value and it is preloaded intentionally. @ https://www.youtube.com/watch?v=PPNCe7nX3Fc:0
[42727904ms] [WARNING] The resource https://rr4---sn-a5mekndk.googlevideo.com/generate_204 was preloaded using link preload but not used within a few seconds from the window's load event. Please make sure it has an appropriate `as` value and it is preloaded intentionally. @ https://www.youtube.com/watch?v=PPNCe7nX3Fc:0
[43031887ms] [WARNING] The resource https://rr2---sn-9gv7dn7e.c.youtube.com/generate_204 was preloaded using link preload but not used within a few seconds from the window's load event. Please make sure it has an appropriate `as` value and it is preloaded intentionally. @ https://www.youtube.com/watch?v=PPNCe7nX3Fc:0
[43031887ms] [WARNING] The resource https://i.ytimg.com/generate_204 was preloaded using link preload but not used within a few seconds from the window's load event. Please make sure it has an appropriate `as` value and it is preloaded intentionally. @ https://www.youtube.com/watch?v=PPNCe7nX3Fc:0
[43031887ms] [WARNING] The resource https://rr4---sn-a5mekndk.googlevideo.com/generate_204 was preloaded using link preload but not used within a few seconds from the window's load event. Please make sure it has an appropriate `as` value and it is preloaded intentionally. @ https://www.youtube.com/watch?v=PPNCe7nX3Fc:0
[43337992ms] [WARNING] The resource https://rr2---sn-9gv7dn7e.c.youtube.com/generate_204 was preloaded using link preload but not used within a few seconds from the window's load event. Please make sure it has an appropriate `as` value and it is preloaded intentionally. @ https://www.youtube.com/watch?v=PPNCe7nX3Fc:0
[43337993ms] [WARNING] The resource https://i.ytimg.com/generate_204 was preloaded using link preload but not used within a few seconds from the window's load event. Please make sure it has an appropriate `as` value and it is preloaded intentionally. @ https://www.youtube.com/watch?v=PPNCe7nX3Fc:0
[43337993ms] [WARNING] The resource https://rr4---sn-a5mekndk.googlevideo.com/generate_204 was preloaded using link preload but not used within a few seconds from the window's load event. Please make sure it has an appropriate `as` value and it is preloaded intentionally. @ https://www.youtube.com/watch?v=PPNCe7nX3Fc:0
[43642868ms] [WARNING] The resource https://rr2---sn-9gv7dn7e.c.youtube.com/generate_204 was preloaded using link preload but not used within a few seconds from the window's load event. Please make sure it has an appropriate `as` value and it is preloaded intentionally. @ https://www.youtube.com/watch?v=PPNCe7nX3Fc:0
[43642868ms] [WARNING] The resource https://i.ytimg.com/generate_204 was preloaded using link preload but not used within a few seconds from the window's load event. Please make sure it has an appropriate `as` value and it is preloaded intentionally. @ https://www.youtube.com/watch?v=PPNCe7nX3Fc:0
[43642868ms] [WARNING] The resource https://rr4---sn-a5mekndk.googlevideo.com/generate_204 was preloaded using link preload but not used within a few seconds from the window's load event. Please make sure it has an appropriate `as` value and it is preloaded intentionally. @ https://www.youtube.com/watch?v=PPNCe7nX3Fc:0
[43938950ms] [WARNING] The powerPreference option is currently ignored when calling requestAdapter() on Windows. See https://crbug.com/369219127 @ :0
[43941874ms] [WARNING] The resource https://rr2---sn-9gv7dn7e.c.youtube.com/generate_204 was preloaded using link preload but not used within a few seconds from the window's load event. Please make sure it has an appropriate `as` value and it is preloaded intentionally. @ https://www.youtube.com/watch?v=PPNCe7nX3Fc:0
[43941875ms] [WARNING] The resource https://i.ytimg.com/generate_204 was preloaded using link preload but not used within a few seconds from the window's load event. Please make sure it has an appropriate `as` value and it is preloaded intentionally. @ https://www.youtube.com/watch?v=PPNCe7nX3Fc:0
[43941875ms] [WARNING] The resource https://rr4---sn-a5mekndk.googlevideo.com/generate_204 was preloaded using link preload but not used within a few seconds from the window's load event. Please make sure it has an appropriate `as` value and it is preloaded intentionally. @ https://www.youtube.com/watch?v=PPNCe7nX3Fc:0
[43945098ms] [WARNING] The resource https://rr2---sn-9gv7dn7e.c.youtube.com/generate_204 was preloaded using link preload but not used within a few seconds from the window's load event. Please make sure it has an appropriate `as` value and it is preloaded intentionally. @ https://www.youtube.com/watch?v=PPNCe7nX3Fc:0
[43945098ms] [WARNING] The resource https://i.ytimg.com/generate_204 was preloaded using link preload but not used within a few seconds from the window's load event. Please make sure it has an appropriate `as` value and it is preloaded intentionally. @ https://www.youtube.com/watch?v=PPNCe7nX3Fc:0
[43945098ms] [WARNING] The resource https://rr4---sn-a5mekndk.googlevideo.com/generate_204 was preloaded using link preload but not used within a few seconds from the window's load event. Please make sure it has an appropriate `as` value and it is preloaded intentionally. @ https://www.youtube.com/watch?v=PPNCe7nX3Fc:0
[44253387ms] [WARNING] The resource https://rr2---sn-9gv7dn7e.c.youtube.com/generate_204 was preloaded using link preload but not used within a few seconds from the window's load event. Please make sure it has an appropriate `as` value and it is preloaded intentionally. @ https://www.youtube.com/watch?v=PPNCe7nX3Fc:0
[44253387ms] [WARNING] The resource https://i.ytimg.com/generate_204 was preloaded using link preload but not used within a few seconds from the window's load event. Please make sure it has an appropriate `as` value and it is preloaded intentionally. @ https://www.youtube.com/watch?v=PPNCe7nX3Fc:0
[44253387ms] [WARNING] The resource https://rr4---sn-a5mekndk.googlevideo.com/generate_204 was preloaded using link preload but not used within a few seconds from the window's load event. Please make sure it has an appropriate `as` value and it is preloaded intentionally. @ https://www.youtube.com/watch?v=PPNCe7nX3Fc:0
[44565012ms] [WARNING] The resource https://rr2---sn-9gv7dn7e.c.youtube.com/generate_204 was preloaded using link preload but not used within a few seconds from the window's load event. Please make sure it has an appropriate `as` value and it is preloaded intentionally. @ https://www.youtube.com/watch?v=PPNCe7nX3Fc:0
[44565013ms] [WARNING] The resource https://i.ytimg.com/generate_204 was preloaded using link preload but not used within a few seconds from the window's load event. Please make sure it has an appropriate `as` value and it is preloaded intentionally. @ https://www.youtube.com/watch?v=PPNCe7nX3Fc:0
[44565013ms] [WARNING] The resource https://rr4---sn-a5mekndk.googlevideo.com/generate_204 was preloaded using link preload but not used within a few seconds from the window's load event. Please make sure it has an appropriate `as` value and it is preloaded intentionally. @ https://www.youtube.com/watch?v=PPNCe7nX3Fc:0
[44896068ms] [WARNING] The resource https://rr2---sn-9gv7dn7e.c.youtube.com/generate_204 was preloaded using link preload but not used within a few seconds from the window's load event. Please make sure it has an appropriate `as` value and it is preloaded intentionally. @ https://www.youtube.com/watch?v=PPNCe7nX3Fc:0
[44896068ms] [WARNING] The resource https://i.ytimg.com/generate_204 was preloaded using link preload but not used within a few seconds from the window's load event. Please make sure it has an appropriate `as` value and it is preloaded intentionally. @ https://www.youtube.com/watch?v=PPNCe7nX3Fc:0
[44896068ms] [WARNING] The resource https://rr4---sn-a5mekndk.googlevideo.com/generate_204 was preloaded using link preload but not used within a few seconds from the window's load event. Please make sure it has an appropriate `as` value and it is preloaded intentionally. @ https://www.youtube.com/watch?v=PPNCe7nX3Fc:0
[45199216ms] [WARNING] The resource https://rr2---sn-9gv7dn7e.c.youtube.com/generate_204 was preloaded using link preload but not used within a few seconds from the window's load event. Please make sure it has an appropriate `as` value and it is preloaded intentionally. @ https://www.youtube.com/watch?v=PPNCe7nX3Fc:0
[45199216ms] [WARNING] The resource https://i.ytimg.com/generate_204 was preloaded using link preload but not used within a few seconds from the window's load event. Please make sure it has an appropriate `as` value and it is preloaded intentionally. @ https://www.youtube.com/watch?v=PPNCe7nX3Fc:0
[45199216ms] [WARNING] The resource https://rr4---sn-a5mekndk.googlevideo.com/generate_204 was preloaded using link preload but not used within a few seconds from the window's load event. Please make sure it has an appropriate `as` value and it is preloaded intentionally. @ https://www.youtube.com/watch?v=PPNCe7nX3Fc:0
[45507936ms] [WARNING] The resource https://rr2---sn-9gv7dn7e.c.youtube.com/generate_204 was preloaded using link preload but not used within a few seconds from the window's load event. Please make sure it has an appropriate `as` value and it is preloaded intentionally. @ https://www.youtube.com/watch?v=PPNCe7nX3Fc:0
[45507936ms] [WARNING] The resource https://i.ytimg.com/generate_204 was preloaded using link preload but not used within a few seconds from the window's load event. Please make sure it has an appropriate `as` value and it is preloaded intentionally. @ https://www.youtube.com/watch?v=PPNCe7nX3Fc:0
[45507937ms] [WARNING] The resource https://rr4---sn-a5mekndk.googlevideo.com/generate_204 was preloaded using link preload but not used within a few seconds from the window's load event. Please make sure it has an appropriate `as` value and it is preloaded intentionally. @ https://www.youtube.com/watch?v=PPNCe7nX3Fc:0
[45745172ms] [WARNING] The resource https://rr2---sn-9gv7dn7e.c.youtube.com/generate_204 was preloaded using link preload but not used within a few seconds from the window's load event. Please make sure it has an appropriate `as` value and it is preloaded intentionally. @ https://www.youtube.com/watch?v=PPNCe7nX3Fc:0
[45745173ms] [WARNING] The resource https://i.ytimg.com/generate_204 was preloaded using link preload but not used within a few seconds from the window's load event. Please make sure it has an appropriate `as` value and it is preloaded intentionally. @ https://www.youtube.com/watch?v=PPNCe7nX3Fc:0
[45745173ms] [WARNING] The resource https://rr4---sn-a5mekndk.googlevideo.com/generate_204 was preloaded using link preload but not used within a few seconds from the window's load event. Please make sure it has an appropriate `as` value and it is preloaded intentionally. @ https://www.youtube.com/watch?v=PPNCe7nX3Fc:0
[45840723ms] [WARNING] The resource https://rr2---sn-9gv7dn7e.c.youtube.com/generate_204 was preloaded using link preload but not used within a few seconds from the window's load event. Please make sure it has an appropriate `as` value and it is preloaded intentionally. @ https://www.youtube.com/watch?v=PPNCe7nX3Fc:0
[45840723ms] [WARNING] The resource https://i.ytimg.com/generate_204 was preloaded using link preload but not used within a few seconds from the window's load event. Please make sure it has an appropriate `as` value and it is preloaded intentionally. @ https://www.youtube.com/watch?v=PPNCe7nX3Fc:0
[45840723ms] [WARNING] The resource https://rr4---sn-a5mekndk.googlevideo.com/generate_204 was preloaded using link preload but not used within a few seconds from the window's load event. Please make sure it has an appropriate `as` value and it is preloaded intentionally. @ https://www.youtube.com/watch?v=PPNCe7nX3Fc:0
[46172128ms] [WARNING] The resource https://rr2---sn-9gv7dn7e.c.youtube.com/generate_204 was preloaded using link preload but not used within a few seconds from the window's load event. Please make sure it has an appropriate `as` value and it is preloaded intentionally. @ https://www.youtube.com/watch?v=PPNCe7nX3Fc:0
[46172129ms] [WARNING] The resource https://i.ytimg.com/generate_204 was preloaded using link preload but not used within a few seconds from the window's load event. Please make sure it has an appropriate `as` value and it is preloaded intentionally. @ https://www.youtube.com/watch?v=PPNCe7nX3Fc:0
[46172129ms] [WARNING] The resource https://rr4---sn-a5mekndk.googlevideo.com/generate_204 was preloaded using link preload but not used within a few seconds from the window's load event. Please make sure it has an appropriate `as` value and it is preloaded intentionally. @ https://www.youtube.com/watch?v=PPNCe7nX3Fc:0
[46476266ms] [WARNING] The resource https://rr2---sn-9gv7dn7e.c.youtube.com/generate_204 was preloaded using link preload but not used within a few seconds from the window's load event. Please make sure it has an appropriate `as` value and it is preloaded intentionally. @ https://www.youtube.com/watch?v=PPNCe7nX3Fc:0
[46476266ms] [WARNING] The resource https://i.ytimg.com/generate_204 was preloaded using link preload but not used within a few seconds from the window's load event. Please make sure it has an appropriate `as` value and it is preloaded intentionally. @ https://www.youtube.com/watch?v=PPNCe7nX3Fc:0
[46476266ms] [WARNING] The resource https://rr4---sn-a5mekndk.googlevideo.com/generate_204 was preloaded using link preload but not used within a few seconds from the window's load event. Please make sure it has an appropriate `as` value and it is preloaded intentionally. @ https://www.youtube.com/watch?v=PPNCe7nX3Fc:0
[46780449ms] [WARNING] The resource https://rr2---sn-9gv7dn7e.c.youtube.com/generate_204 was preloaded using link preload but not used within a few seconds from the window's load event. Please make sure it has an appropriate `as` value and it is preloaded intentionally. @ https://www.youtube.com/watch?v=PPNCe7nX3Fc:0
[46780450ms] [WARNING] The resource https://i.ytimg.com/generate_204 was preloaded using link preload but not used within a few seconds from the window's load event. Please make sure it has an appropriate `as` value and it is preloaded intentionally. @ https://www.youtube.com/watch?v=PPNCe7nX3Fc:0
[46780450ms] [WARNING] The resource https://rr4---sn-a5mekndk.googlevideo.com/generate_204 was preloaded using link preload but not used within a few seconds from the window's load event. Please make sure it has an appropriate `as` value and it is preloaded intentionally. @ https://www.youtube.com/watch?v=PPNCe7nX3Fc:0
[47083839ms] [WARNING] The resource https://rr2---sn-9gv7dn7e.c.youtube.com/generate_204 was preloaded using link preload but not used within a few seconds from the window's load event. Please make sure it has an appropriate `as` value and it is preloaded intentionally. @ https://www.youtube.com/watch?v=PPNCe7nX3Fc:0
[47083839ms] [WARNING] The resource https://i.ytimg.com/generate_204 was preloaded using link preload but not used within a few seconds from the window's load event. Please make sure it has an appropriate `as` value and it is preloaded intentionally. @ https://www.youtube.com/watch?v=PPNCe7nX3Fc:0
[47083840ms] [WARNING] The resource https://rr4---sn-a5mekndk.googlevideo.com/generate_204 was preloaded using link preload but not used within a few seconds from the window's load event. Please make sure it has an appropriate `as` value and it is preloaded intentionally. @ https://www.youtube.com/watch?v=PPNCe7nX3Fc:0
[47418983ms] [WARNING] The resource https://rr2---sn-9gv7dn7e.c.youtube.com/generate_204 was preloaded using link preload but not used within a few seconds from the window's load event. Please make sure it has an appropriate `as` value and it is preloaded intentionally. @ https://www.youtube.com/watch?v=PPNCe7nX3Fc:0
[47418983ms] [WARNING] The resource https://i.ytimg.com/generate_204 was preloaded using link preload but not used within a few seconds from the window's load event. Please make sure it has an appropriate `as` value and it is preloaded intentionally. @ https://www.youtube.com/watch?v=PPNCe7nX3Fc:0
[47418983ms] [WARNING] The resource https://rr4---sn-a5mekndk.googlevideo.com/generate_204 was preloaded using link preload but not used within a few seconds from the window's load event. Please make sure it has an appropriate `as` value and it is preloaded intentionally. @ https://www.youtube.com/watch?v=PPNCe7nX3Fc:0
[47545349ms] [WARNING] The resource https://rr2---sn-9gv7dn7e.c.youtube.com/generate_204 was preloaded using link preload but not used within a few seconds from the window's load event. Please make sure it has an appropriate `as` value and it is preloaded intentionally. @ https://www.youtube.com/watch?v=PPNCe7nX3Fc:0
[47545349ms] [WARNING] The resource https://i.ytimg.com/generate_204 was preloaded using link preload but not used within a few seconds from the window's load event. Please make sure it has an appropriate `as` value and it is preloaded intentionally. @ https://www.youtube.com/watch?v=PPNCe7nX3Fc:0
[47545349ms] [WARNING] The resource https://rr4---sn-a5mekndk.googlevideo.com/generate_204 was preloaded using link preload but not used within a few seconds from the window's load event. Please make sure it has an appropriate `as` value and it is preloaded intentionally. @ https://www.youtube.com/watch?v=PPNCe7nX3Fc:0
[47723687ms] [WARNING] The resource https://rr2---sn-9gv7dn7e.c.youtube.com/generate_204 was preloaded using link preload but not used within a few seconds from the window's load event. Please make sure it has an appropriate `as` value and it is preloaded intentionally. @ https://www.youtube.com/watch?v=PPNCe7nX3Fc:0
[47723687ms] [WARNING] The resource https://i.ytimg.com/generate_204 was preloaded using link preload but not used within a few seconds from the window's load event. Please make sure it has an appropriate `as` value and it is preloaded intentionally. @ https://www.youtube.com/watch?v=PPNCe7nX3Fc:0
[47723687ms] [WARNING] The resource https://rr4---sn-a5mekndk.googlevideo.com/generate_204 was preloaded using link preload but not used within a few seconds from the window's load event. Please make sure it has an appropriate `as` value and it is preloaded intentionally. @ https://www.youtube.com/watch?v=PPNCe7nX3Fc:0
[48027601ms] [WARNING] The resource https://rr2---sn-9gv7dn7e.c.youtube.com/generate_204 was preloaded using link preload but not used within a few seconds from the window's load event. Please make sure it has an appropriate `as` value and it is preloaded intentionally. @ https://www.youtube.com/watch?v=PPNCe7nX3Fc:0
[48027602ms] [WARNING] The resource https://i.ytimg.com/generate_204 was preloaded using link preload but not used within a few seconds from the window's load event. Please make sure it has an appropriate `as` value and it is preloaded intentionally. @ https://www.youtube.com/watch?v=PPNCe7nX3Fc:0
[48027602ms] [WARNING] The resource https://rr4---sn-a5mekndk.googlevideo.com/generate_204 was preloaded using link preload but not used within a few seconds from the window's load event. Please make sure it has an appropriate `as` value and it is preloaded intentionally. @ https://www.youtube.com/watch?v=PPNCe7nX3Fc:0
[48334480ms] [WARNING] The resource https://rr2---sn-9gv7dn7e.c.youtube.com/generate_204 was preloaded using link preload but not used within a few seconds from the window's load event. Please make sure it has an appropriate `as` value and it is preloaded intentionally. @ https://www.youtube.com/watch?v=PPNCe7nX3Fc:0
[48334480ms] [WARNING] The resource https://i.ytimg.com/generate_204 was preloaded using link preload but not used within a few seconds from the window's load event. Please make sure it has an appropriate `as` value and it is preloaded intentionally. @ https://www.youtube.com/watch?v=PPNCe7nX3Fc:0
[48334480ms] [WARNING] The resource https://rr4---sn-a5mekndk.googlevideo.com/generate_204 was preloaded using link preload but not used within a few seconds from the window's load event. Please make sure it has an appropriate `as` value and it is preloaded intentionally. @ https://www.youtube.com/watch?v=PPNCe7nX3Fc:0
[48642069ms] [WARNING] The resource https://rr2---sn-9gv7dn7e.c.youtube.com/generate_204 was preloaded using link preload but not used within a few seconds from the window's load event. Please make sure it has an appropriate `as` value and it is preloaded intentionally. @ https://www.youtube.com/watch?v=PPNCe7nX3Fc:0
[48642069ms] [WARNING] The resource https://i.ytimg.com/generate_204 was preloaded using link preload but not used within a few seconds from the window's load event. Please make sure it has an appropriate `as` value and it is preloaded intentionally. @ https://www.youtube.com/watch?v=PPNCe7nX3Fc:0
[48642070ms] [WARNING] The resource https://rr4---sn-a5mekndk.googlevideo.com/generate_204 was preloaded using link preload but not used within a few seconds from the window's load event. Please make sure it has an appropriate `as` value and it is preloaded intentionally. @ https://www.youtube.com/watch?v=PPNCe7nX3Fc:0
[48974339ms] [WARNING] The resource https://rr2---sn-9gv7dn7e.c.youtube.com/generate_204 was preloaded using link preload but not used within a few seconds from the window's load event. Please make sure it has an appropriate `as` value and it is preloaded intentionally. @ https://www.youtube.com/watch?v=PPNCe7nX3Fc:0
[48974339ms] [WARNING] The resource https://i.ytimg.com/generate_204 was preloaded using link preload but not used within a few seconds from the window's load event. Please make sure it has an appropriate `as` value and it is preloaded intentionally. @ https://www.youtube.com/watch?v=PPNCe7nX3Fc:0
[48974339ms] [WARNING] The resource https://rr4---sn-a5mekndk.googlevideo.com/generate_204 was preloaded using link preload but not used within a few seconds from the window's load event. Please make sure it has an appropriate `as` value and it is preloaded intentionally. @ https://www.youtube.com/watch?v=PPNCe7nX3Fc:0
[49279919ms] [WARNING] The resource https://rr2---sn-9gv7dn7e.c.youtube.com/generate_204 was preloaded using link preload but not used within a few seconds from the window's load event. Please make sure it has an appropriate `as` value and it is preloaded intentionally. @ https://www.youtube.com/watch?v=PPNCe7nX3Fc:0
[49279920ms] [WARNING] The resource https://i.ytimg.com/generate_204 was preloaded using link preload but not used within a few seconds from the window's load event. Please make sure it has an appropriate `as` value and it is preloaded intentionally. @ https://www.youtube.com/watch?v=PPNCe7nX3Fc:0
[49279920ms] [WARNING] The resource https://rr4---sn-a5mekndk.googlevideo.com/generate_204 was preloaded using link preload but not used within a few seconds from the window's load event. Please make sure it has an appropriate `as` value and it is preloaded intentionally. @ https://www.youtube.com/watch?v=PPNCe7nX3Fc:0
[49345517ms] [WARNING] The resource https://rr2---sn-9gv7dn7e.c.youtube.com/generate_204 was preloaded using link preload but not used within a few seconds from the window's load event. Please make sure it has an appropriate `as` value and it is preloaded intentionally. @ https://www.youtube.com/watch?v=PPNCe7nX3Fc:0
[49345517ms] [WARNING] The resource https://i.ytimg.com/generate_204 was preloaded using link preload but not used within a few seconds from the window's load event. Please make sure it has an appropriate `as` value and it is preloaded intentionally. @ https://www.youtube.com/watch?v=PPNCe7nX3Fc:0
[49345518ms] [WARNING] The resource https://rr4---sn-a5mekndk.googlevideo.com/generate_204 was preloaded using link preload but not used within a few seconds from the window's load event. Please make sure it has an appropriate `as` value and it is preloaded intentionally. @ https://www.youtube.com/watch?v=PPNCe7nX3Fc:0
[49611936ms] [WARNING] The resource https://rr2---sn-9gv7dn7e.c.youtube.com/generate_204 was preloaded using link preload but not used within a few seconds from the window's load event. Please make sure it has an appropriate `as` value and it is preloaded intentionally. @ https://www.youtube.com/watch?v=PPNCe7nX3Fc:0
[49611936ms] [WARNING] The resource https://i.ytimg.com/generate_204 was preloaded using link preload but not used within a few seconds from the window's load event. Please make sure it has an appropriate `as` value and it is preloaded intentionally. @ https://www.youtube.com/watch?v=PPNCe7nX3Fc:0
[49611936ms] [WARNING] The resource https://rr4---sn-a5mekndk.googlevideo.com/generate_204 was preloaded using link preload but not used within a few seconds from the window's load event. Please make sure it has an appropriate `as` value and it is preloaded intentionally. @ https://www.youtube.com/watch?v=PPNCe7nX3Fc:0
[49913972ms] [WARNING] The resource https://rr2---sn-9gv7dn7e.c.youtube.com/generate_204 was preloaded using link preload but not used within a few seconds from the window's load event. Please make sure it has an appropriate `as` value and it is preloaded intentionally. @ https://www.youtube.com/watch?v=PPNCe7nX3Fc:0
[49913973ms] [WARNING] The resource https://i.ytimg.com/generate_204 was preloaded using link preload but not used within a few seconds from the window's load event. Please make sure it has an appropriate `as` value and it is preloaded intentionally. @ https://www.youtube.com/watch?v=PPNCe7nX3Fc:0
[49913973ms] [WARNING] The resource https://rr4---sn-a5mekndk.googlevideo.com/generate_204 was preloaded using link preload but not used within a few seconds from the window's load event. Please make sure it has an appropriate `as` value and it is preloaded intentionally. @ https://www.youtube.com/watch?v=PPNCe7nX3Fc:0
[50222546ms] [WARNING] The resource https://rr2---sn-9gv7dn7e.c.youtube.com/generate_204 was preloaded using link preload but not used within a few seconds from the window's load event. Please make sure it has an appropriate `as` value and it is preloaded intentionally. @ https://www.youtube.com/watch?v=PPNCe7nX3Fc:0
[50222546ms] [WARNING] The resource https://i.ytimg.com/generate_204 was preloaded using link preload but not used within a few seconds from the window's load event. Please make sure it has an appropriate `as` value and it is preloaded intentionally. @ https://www.youtube.com/watch?v=PPNCe7nX3Fc:0
[50222546ms] [WARNING] The resource https://rr4---sn-a5mekndk.googlevideo.com/generate_204 was preloaded using link preload but not used within a few seconds from the window's load event. Please make sure it has an appropriate `as` value and it is preloaded intentionally. @ https://www.youtube.com/watch?v=PPNCe7nX3Fc:0
[50555416ms] [WARNING] The resource https://rr2---sn-9gv7dn7e.c.youtube.com/generate_204 was preloaded using link preload but not used within a few seconds from the window's load event. Please make sure it has an appropriate `as` value and it is preloaded intentionally. @ https://www.youtube.com/watch?v=PPNCe7nX3Fc:0
[50555416ms] [WARNING] The resource https://i.ytimg.com/generate_204 was preloaded using link preload but not used within a few seconds from the window's load event. Please make sure it has an appropriate `as` value and it is preloaded intentionally. @ https://www.youtube.com/watch?v=PPNCe7nX3Fc:0
[50555416ms] [WARNING] The resource https://rr4---sn-a5mekndk.googlevideo.com/generate_204 was preloaded using link preload but not used within a few seconds from the window's load event. Please make sure it has an appropriate `as` value and it is preloaded intentionally. @ https://www.youtube.com/watch?v=PPNCe7nX3Fc:0
[50885449ms] [WARNING] The resource https://rr2---sn-9gv7dn7e.c.youtube.com/generate_204 was preloaded using link preload but not used within a few seconds from the window's load event. Please make sure it has an appropriate `as` value and it is preloaded intentionally. @ https://www.youtube.com/watch?v=PPNCe7nX3Fc:0
[50885449ms] [WARNING] The resource https://i.ytimg.com/generate_204 was preloaded using link preload but not used within a few seconds from the window's load event. Please make sure it has an appropriate `as` value and it is preloaded intentionally. @ https://www.youtube.com/watch?v=PPNCe7nX3Fc:0
[50885449ms] [WARNING] The resource https://rr4---sn-a5mekndk.googlevideo.com/generate_204 was preloaded using link preload but not used within a few seconds from the window's load event. Please make sure it has an appropriate `as` value and it is preloaded intentionally. @ https://www.youtube.com/watch?v=PPNCe7nX3Fc:0
[51145638ms] [WARNING] The resource https://rr2---sn-9gv7dn7e.c.youtube.com/generate_204 was preloaded using link preload but not used within a few seconds from the window's load event. Please make sure it has an appropriate `as` value and it is preloaded intentionally. @ https://www.youtube.com/watch?v=PPNCe7nX3Fc:0
[51145639ms] [WARNING] The resource https://i.ytimg.com/generate_204 was preloaded using link preload but not used within a few seconds from the window's load event. Please make sure it has an appropriate `as` value and it is preloaded intentionally. @ https://www.youtube.com/watch?v=PPNCe7nX3Fc:0
[51145639ms] [WARNING] The resource https://rr4---sn-a5mekndk.googlevideo.com/generate_204 was preloaded using link preload but not used within a few seconds from the window's load event. Please make sure it has an appropriate `as` value and it is preloaded intentionally. @ https://www.youtube.com/watch?v=PPNCe7nX3Fc:0
[51191792ms] [WARNING] The resource https://rr2---sn-9gv7dn7e.c.youtube.com/generate_204 was preloaded using link preload but not used within a few seconds from the window's load event. Please make sure it has an appropriate `as` value and it is preloaded intentionally. @ https://www.youtube.com/watch?v=PPNCe7nX3Fc:0
[51191792ms] [WARNING] The resource https://i.ytimg.com/generate_204 was preloaded using link preload but not used within a few seconds from the window's load event. Please make sure it has an appropriate `as` value and it is preloaded intentionally. @ https://www.youtube.com/watch?v=PPNCe7nX3Fc:0
[51191793ms] [WARNING] The resource https://rr4---sn-a5mekndk.googlevideo.com/generate_204 was preloaded using link preload but not used within a few seconds from the window's load event. Please make sure it has an appropriate `as` value and it is preloaded intentionally. @ https://www.youtube.com/watch?v=PPNCe7nX3Fc:0
[51524492ms] [WARNING] The resource https://rr2---sn-9gv7dn7e.c.youtube.com/generate_204 was preloaded using link preload but not used within a few seconds from the window's load event. Please make sure it has an appropriate `as` value and it is preloaded intentionally. @ https://www.youtube.com/watch?v=PPNCe7nX3Fc:0
[51524492ms] [WARNING] The resource https://i.ytimg.com/generate_204 was preloaded using link preload but not used within a few seconds from the window's load event. Please make sure it has an appropriate `as` value and it is preloaded intentionally. @ https://www.youtube.com/watch?v=PPNCe7nX3Fc:0
[51524492ms] [WARNING] The resource https://rr4---sn-a5mekndk.googlevideo.com/generate_204 was preloaded using link preload but not used within a few seconds from the window's load event. Please make sure it has an appropriate `as` value and it is preloaded intentionally. @ https://www.youtube.com/watch?v=PPNCe7nX3Fc:0
[51857242ms] [WARNING] The resource https://rr2---sn-9gv7dn7e.c.youtube.com/generate_204 was preloaded using link preload but not used within a few seconds from the window's load event. Please make sure it has an appropriate `as` value and it is preloaded intentionally. @ https://www.youtube.com/watch?v=PPNCe7nX3Fc:0
[51857243ms] [WARNING] The resource https://i.ytimg.com/generate_204 was preloaded using link preload but not used within a few seconds from the window's load event. Please make sure it has an appropriate `as` value and it is preloaded intentionally. @ https://www.youtube.com/watch?v=PPNCe7nX3Fc:0
[51857243ms] [WARNING] The resource https://rr4---sn-a5mekndk.googlevideo.com/generate_204 was preloaded using link preload but not used within a few seconds from the window's load event. Please make sure it has an appropriate `as` value and it is preloaded intentionally. @ https://www.youtube.com/watch?v=PPNCe7nX3Fc:0
[52190129ms] [WARNING] The resource https://rr2---sn-9gv7dn7e.c.youtube.com/generate_204 was preloaded using link preload but not used within a few seconds from the window's load event. Please make sure it has an appropriate `as` value and it is preloaded intentionally. @ https://www.youtube.com/watch?v=PPNCe7nX3Fc:0
[52190130ms] [WARNING] The resource https://i.ytimg.com/generate_204 was preloaded using link preload but not used within a few seconds from the window's load event. Please make sure it has an appropriate `as` value and it is preloaded intentionally. @ https://www.youtube.com/watch?v=PPNCe7nX3Fc:0
[52190130ms] [WARNING] The resource https://rr4---sn-a5mekndk.googlevideo.com/generate_204 was preloaded using link preload but not used within a few seconds from the window's load event. Please make sure it has an appropriate `as` value and it is preloaded intentionally. @ https://www.youtube.com/watch?v=PPNCe7nX3Fc:0
[52520967ms] [WARNING] The resource https://rr2---sn-9gv7dn7e.c.youtube.com/generate_204 was preloaded using link preload but not used within a few seconds from the window's load event. Please make sure it has an appropriate `as` value and it is preloaded intentionally. @ https://www.youtube.com/watch?v=PPNCe7nX3Fc:0
[52520967ms] [WARNING] The resource https://i.ytimg.com/generate_204 was preloaded using link preload but not used within a few seconds from the window's load event. Please make sure it has an appropriate `as` value and it is preloaded intentionally. @ https://www.youtube.com/watch?v=PPNCe7nX3Fc:0
[52520967ms] [WARNING] The resource https://rr4---sn-a5mekndk.googlevideo.com/generate_204 was preloaded using link preload but not used within a few seconds from the window's load event. Please make sure it has an appropriate `as` value and it is preloaded intentionally. @ https://www.youtube.com/watch?v=PPNCe7nX3Fc:0
[52828593ms] [WARNING] The resource https://rr2---sn-9gv7dn7e.c.youtube.com/generate_204 was preloaded using link preload but not used within a few seconds from the window's load event. Please make sure it has an appropriate `as` value and it is preloaded intentionally. @ https://www.youtube.com/watch?v=PPNCe7nX3Fc:0
[52828594ms] [WARNING] The resource https://i.ytimg.com/generate_204 was preloaded using link preload but not used within a few seconds from the window's load event. Please make sure it has an appropriate `as` value and it is preloaded intentionally. @ https://www.youtube.com/watch?v=PPNCe7nX3Fc:0
[52828594ms] [WARNING] The resource https://rr4---sn-a5mekndk.googlevideo.com/generate_204 was preloaded using link preload but not used within a few seconds from the window's load event. Please make sure it has an appropriate `as` value and it is preloaded intentionally. @ https://www.youtube.com/watch?v=PPNCe7nX3Fc:0
[52945844ms] [WARNING] The resource https://rr2---sn-9gv7dn7e.c.youtube.com/generate_204 was preloaded using link preload but not used within a few seconds from the window's load event. Please make sure it has an appropriate `as` value and it is preloaded intentionally. @ https://www.youtube.com/watch?v=PPNCe7nX3Fc:0
[52945844ms] [WARNING] The resource https://i.ytimg.com/generate_204 was preloaded using link preload but not used within a few seconds from the window's load event. Please make sure it has an appropriate `as` value and it is preloaded intentionally. @ https://www.youtube.com/watch?v=PPNCe7nX3Fc:0
[52945844ms] [WARNING] The resource https://rr4---sn-a5mekndk.googlevideo.com/generate_204 was preloaded using link preload but not used within a few seconds from the window's load event. Please make sure it has an appropriate `as` value and it is preloaded intentionally. @ https://www.youtube.com/watch?v=PPNCe7nX3Fc:0
[53159962ms] [WARNING] The resource https://rr2---sn-9gv7dn7e.c.youtube.com/generate_204 was preloaded using link preload but not used within a few seconds from the window's load event. Please make sure it has an appropriate `as` value and it is preloaded intentionally. @ https://www.youtube.com/watch?v=PPNCe7nX3Fc:0
[53159962ms] [WARNING] The resource https://i.ytimg.com/generate_204 was preloaded using link preload but not used within a few seconds from the window's load event. Please make sure it has an appropriate `as` value and it is preloaded intentionally. @ https://www.youtube.com/watch?v=PPNCe7nX3Fc:0
[53159962ms] [WARNING] The resource https://rr4---sn-a5mekndk.googlevideo.com/generate_204 was preloaded using link preload but not used within a few seconds from the window's load event. Please make sure it has an appropriate `as` value and it is preloaded intentionally. @ https://www.youtube.com/watch?v=PPNCe7nX3Fc:0
[53467453ms] [WARNING] The resource https://rr2---sn-9gv7dn7e.c.youtube.com/generate_204 was preloaded using link preload but not used within a few seconds from the window's load event. Please make sure it has an appropriate `as` value and it is preloaded intentionally. @ https://www.youtube.com/watch?v=PPNCe7nX3Fc:0
[53467453ms] [WARNING] The resource https://i.ytimg.com/generate_204 was preloaded using link preload but not used within a few seconds from the window's load event. Please make sure it has an appropriate `as` value and it is preloaded intentionally. @ https://www.youtube.com/watch?v=PPNCe7nX3Fc:0
[53467453ms] [WARNING] The resource https://rr4---sn-a5mekndk.googlevideo.com/generate_204 was preloaded using link preload but not used within a few seconds from the window's load event. Please make sure it has an appropriate `as` value and it is preloaded intentionally. @ https://www.youtube.com/watch?v=PPNCe7nX3Fc:0
[53800292ms] [WARNING] The resource https://rr2---sn-9gv7dn7e.c.youtube.com/generate_204 was preloaded using link preload but not used within a few seconds from the window's load event. Please make sure it has an appropriate `as` value and it is preloaded intentionally. @ https://www.youtube.com/watch?v=PPNCe7nX3Fc:0
[53800292ms] [WARNING] The resource https://i.ytimg.com/generate_204 was preloaded using link preload but not used within a few seconds from the window's load event. Please make sure it has an appropriate `as` value and it is preloaded intentionally. @ https://www.youtube.com/watch?v=PPNCe7nX3Fc:0
[53800292ms] [WARNING] The resource https://rr4---sn-a5mekndk.googlevideo.com/generate_204 was preloaded using link preload but not used within a few seconds from the window's load event. Please make sure it has an appropriate `as` value and it is preloaded intentionally. @ https://www.youtube.com/watch?v=PPNCe7nX3Fc:0
[54133202ms] [WARNING] The resource https://rr2---sn-9gv7dn7e.c.youtube.com/generate_204 was preloaded using link preload but not used within a few seconds from the window's load event. Please make sure it has an appropriate `as` value and it is preloaded intentionally. @ https://www.youtube.com/watch?v=PPNCe7nX3Fc:0
[54133202ms] [WARNING] The resource https://i.ytimg.com/generate_204 was preloaded using link preload but not used within a few seconds from the window's load event. Please make sure it has an appropriate `as` value and it is preloaded intentionally. @ https://www.youtube.com/watch?v=PPNCe7nX3Fc:0
[54133202ms] [WARNING] The resource https://rr4---sn-a5mekndk.googlevideo.com/generate_204 was preloaded using link preload but not used within a few seconds from the window's load event. Please make sure it has an appropriate `as` value and it is preloaded intentionally. @ https://www.youtube.com/watch?v=PPNCe7nX3Fc:0
[54463218ms] [WARNING] The resource https://rr2---sn-9gv7dn7e.c.youtube.com/generate_204 was preloaded using link preload but not used within a few seconds from the window's load event. Please make sure it has an appropriate `as` value and it is preloaded intentionally. @ https://www.youtube.com/watch?v=PPNCe7nX3Fc:0
[54463218ms] [WARNING] The resource https://i.ytimg.com/generate_204 was preloaded using link preload but not used within a few seconds from the window's load event. Please make sure it has an appropriate `as` value and it is preloaded intentionally. @ https://www.youtube.com/watch?v=PPNCe7nX3Fc:0
[54463218ms] [WARNING] The resource https://rr4---sn-a5mekndk.googlevideo.com/generate_204 was preloaded using link preload but not used within a few seconds from the window's load event. Please make sure it has an appropriate `as` value and it is preloaded intentionally. @ https://www.youtube.com/watch?v=PPNCe7nX3Fc:0
[54745992ms] [WARNING] The resource https://rr2---sn-9gv7dn7e.c.youtube.com/generate_204 was preloaded using link preload but not used within a few seconds from the window's load event. Please make sure it has an appropriate `as` value and it is preloaded intentionally. @ https://www.youtube.com/watch?v=PPNCe7nX3Fc:0
[54745992ms] [WARNING] The resource https://i.ytimg.com/generate_204 was preloaded using link preload but not used within a few seconds from the window's load event. Please make sure it has an appropriate `as` value and it is preloaded intentionally. @ https://www.youtube.com/watch?v=PPNCe7nX3Fc:0
[54745992ms] [WARNING] The resource https://rr4---sn-a5mekndk.googlevideo.com/generate_204 was preloaded using link preload but not used within a few seconds from the window's load event. Please make sure it has an appropriate `as` value and it is preloaded intentionally. @ https://www.youtube.com/watch?v=PPNCe7nX3Fc:0
[54769951ms] [WARNING] The resource https://rr2---sn-9gv7dn7e.c.youtube.com/generate_204 was preloaded using link preload but not used within a few seconds from the window's load event. Please make sure it has an appropriate `as` value and it is preloaded intentionally. @ https://www.youtube.com/watch?v=PPNCe7nX3Fc:0
[54769951ms] [WARNING] The resource https://i.ytimg.com/generate_204 was preloaded using link preload but not used within a few seconds from the window's load event. Please make sure it has an appropriate `as` value and it is preloaded intentionally. @ https://www.youtube.com/watch?v=PPNCe7nX3Fc:0
[54769951ms] [WARNING] The resource https://rr4---sn-a5mekndk.googlevideo.com/generate_204 was preloaded using link preload but not used within a few seconds from the window's load event. Please make sure it has an appropriate `as` value and it is preloaded intentionally. @ https://www.youtube.com/watch?v=PPNCe7nX3Fc:0
[55100226ms] [WARNING] The resource https://rr2---sn-9gv7dn7e.c.youtube.com/generate_204 was preloaded using link preload but not used within a few seconds from the window's load event. Please make sure it has an appropriate `as` value and it is preloaded intentionally. @ https://www.youtube.com/watch?v=PPNCe7nX3Fc:0
[55100226ms] [WARNING] The resource https://i.ytimg.com/generate_204 was preloaded using link preload but not used within a few seconds from the window's load event. Please make sure it has an appropriate `as` value and it is preloaded intentionally. @ https://www.youtube.com/watch?v=PPNCe7nX3Fc:0
[55100226ms] [WARNING] The resource https://rr4---sn-a5mekndk.googlevideo.com/generate_204 was preloaded using link preload but not used within a few seconds from the window's load event. Please make sure it has an appropriate `as` value and it is preloaded intentionally. @ https://www.youtube.com/watch?v=PPNCe7nX3Fc:0
[55405555ms] [WARNING] The resource https://rr2---sn-9gv7dn7e.c.youtube.com/generate_204 was preloaded using link preload but not used within a few seconds from the window's load event. Please make sure it has an appropriate `as` value and it is preloaded intentionally. @ https://www.youtube.com/watch?v=PPNCe7nX3Fc:0
[55405555ms] [WARNING] The resource https://i.ytimg.com/generate_204 was preloaded using link preload but not used within a few seconds from the window's load event. Please make sure it has an appropriate `as` value and it is preloaded intentionally. @ https://www.youtube.com/watch?v=PPNCe7nX3Fc:0
[55405555ms] [WARNING] The resource https://rr4---sn-a5mekndk.googlevideo.com/generate_204 was preloaded using link preload but not used within a few seconds from the window's load event. Please make sure it has an appropriate `as` value and it is preloaded intentionally. @ https://www.youtube.com/watch?v=PPNCe7nX3Fc:0
[55709598ms] [WARNING] The resource https://rr2---sn-9gv7dn7e.c.youtube.com/generate_204 was preloaded using link preload but not used within a few seconds from the window's load event. Please make sure it has an appropriate `as` value and it is preloaded intentionally. @ https://www.youtube.com/watch?v=PPNCe7nX3Fc:0
[55709598ms] [WARNING] The resource https://i.ytimg.com/generate_204 was preloaded using link preload but not used within a few seconds from the window's load event. Please make sure it has an appropriate `as` value and it is preloaded intentionally. @ https://www.youtube.com/watch?v=PPNCe7nX3Fc:0
[55709598ms] [WARNING] The resource https://rr4---sn-a5mekndk.googlevideo.com/generate_204 was preloaded using link preload but not used within a few seconds from the window's load event. Please make sure it has an appropriate `as` value and it is preloaded intentionally. @ https://www.youtube.com/watch?v=PPNCe7nX3Fc:0
[56013862ms] [WARNING] The resource https://rr2---sn-9gv7dn7e.c.youtube.com/generate_204 was preloaded using link preload but not used within a few seconds from the window's load event. Please make sure it has an appropriate `as` value and it is preloaded intentionally. @ https://www.youtube.com/watch?v=PPNCe7nX3Fc:0
[56013862ms] [WARNING] The resource https://i.ytimg.com/generate_204 was preloaded using link preload but not used within a few seconds from the window's load event. Please make sure it has an appropriate `as` value and it is preloaded intentionally. @ https://www.youtube.com/watch?v=PPNCe7nX3Fc:0
[56013862ms] [WARNING] The resource https://rr4---sn-a5mekndk.googlevideo.com/generate_204 was preloaded using link preload but not used within a few seconds from the window's load event. Please make sure it has an appropriate `as` value and it is preloaded intentionally. @ https://www.youtube.com/watch?v=PPNCe7nX3Fc:0
[56319646ms] [WARNING] The resource https://rr2---sn-9gv7dn7e.c.youtube.com/generate_204 was preloaded using link preload but not used within a few seconds from the window's load event. Please make sure it has an appropriate `as` value and it is preloaded intentionally. @ https://www.youtube.com/watch?v=PPNCe7nX3Fc:0
[56319647ms] [WARNING] The resource https://i.ytimg.com/generate_204 was preloaded using link preload but not used within a few seconds from the window's load event. Please make sure it has an appropriate `as` value and it is preloaded intentionally. @ https://www.youtube.com/watch?v=PPNCe7nX3Fc:0
[56319647ms] [WARNING] The resource https://rr4---sn-a5mekndk.googlevideo.com/generate_204 was preloaded using link preload but not used within a few seconds from the window's load event. Please make sure it has an appropriate `as` value and it is preloaded intentionally. @ https://www.youtube.com/watch?v=PPNCe7nX3Fc:0
[56546177ms] [WARNING] The resource https://rr2---sn-9gv7dn7e.c.youtube.com/generate_204 was preloaded using link preload but not used within a few seconds from the window's load event. Please make sure it has an appropriate `as` value and it is preloaded intentionally. @ https://www.youtube.com/watch?v=PPNCe7nX3Fc:0
[56546177ms] [WARNING] The resource https://i.ytimg.com/generate_204 was preloaded using link preload but not used within a few seconds from the window's load event. Please make sure it has an appropriate `as` value and it is preloaded intentionally. @ https://www.youtube.com/watch?v=PPNCe7nX3Fc:0
[56546177ms] [WARNING] The resource https://rr4---sn-a5mekndk.googlevideo.com/generate_204 was preloaded using link preload but not used within a few seconds from the window's load event. Please make sure it has an appropriate `as` value and it is preloaded intentionally. @ https://www.youtube.com/watch?v=PPNCe7nX3Fc:0
[56626298ms] [WARNING] The resource https://rr2---sn-9gv7dn7e.c.youtube.com/generate_204 was preloaded using link preload but not used within a few seconds from the window's load event. Please make sure it has an appropriate `as` value and it is preloaded intentionally. @ https://www.youtube.com/watch?v=PPNCe7nX3Fc:0
[56626298ms] [WARNING] The resource https://i.ytimg.com/generate_204 was preloaded using link preload but not used within a few seconds from the window's load event. Please make sure it has an appropriate `as` value and it is preloaded intentionally. @ https://www.youtube.com/watch?v=PPNCe7nX3Fc:0
[56626298ms] [WARNING] The resource https://rr4---sn-a5mekndk.googlevideo.com/generate_204 was preloaded using link preload but not used within a few seconds from the window's load event. Please make sure it has an appropriate `as` value and it is preloaded intentionally. @ https://www.youtube.com/watch?v=PPNCe7nX3Fc:0
[56957364ms] [WARNING] The resource https://rr2---sn-9gv7dn7e.c.youtube.com/generate_204 was preloaded using link preload but not used within a few seconds from the window's load event. Please make sure it has an appropriate `as` value and it is preloaded intentionally. @ https://www.youtube.com/watch?v=PPNCe7nX3Fc:0
[56957364ms] [WARNING] The resource https://i.ytimg.com/generate_204 was preloaded using link preload but not used within a few seconds from the window's load event. Please make sure it has an appropriate `as` value and it is preloaded intentionally. @ https://www.youtube.com/watch?v=PPNCe7nX3Fc:0
[56957364ms] [WARNING] The resource https://rr4---sn-a5mekndk.googlevideo.com/generate_204 was preloaded using link preload but not used within a few seconds from the window's load event. Please make sure it has an appropriate `as` value and it is preloaded intentionally. @ https://www.youtube.com/watch?v=PPNCe7nX3Fc:0
[57260771ms] [WARNING] The resource https://rr2---sn-9gv7dn7e.c.youtube.com/generate_204 was preloaded using link preload but not used within a few seconds from the window's load event. Please make sure it has an appropriate `as` value and it is preloaded intentionally. @ https://www.youtube.com/watch?v=PPNCe7nX3Fc:0
[57260772ms] [WARNING] The resource https://i.ytimg.com/generate_204 was preloaded using link preload but not used within a few seconds from the window's load event. Please make sure it has an appropriate `as` value and it is preloaded intentionally. @ https://www.youtube.com/watch?v=PPNCe7nX3Fc:0
[57260772ms] [WARNING] The resource https://rr4---sn-a5mekndk.googlevideo.com/generate_204 was preloaded using link preload but not used within a few seconds from the window's load event. Please make sure it has an appropriate `as` value and it is preloaded intentionally. @ https://www.youtube.com/watch?v=PPNCe7nX3Fc:0
[57593004ms] [WARNING] The resource https://rr2---sn-9gv7dn7e.c.youtube.com/generate_204 was preloaded using link preload but not used within a few seconds from the window's load event. Please make sure it has an appropriate `as` value and it is preloaded intentionally. @ https://www.youtube.com/watch?v=PPNCe7nX3Fc:0
[57593005ms] [WARNING] The resource https://i.ytimg.com/generate_204 was preloaded using link preload but not used within a few seconds from the window's load event. Please make sure it has an appropriate `as` value and it is preloaded intentionally. @ https://www.youtube.com/watch?v=PPNCe7nX3Fc:0
[57593005ms] [WARNING] The resource https://rr4---sn-a5mekndk.googlevideo.com/generate_204 was preloaded using link preload but not used within a few seconds from the window's load event. Please make sure it has an appropriate `as` value and it is preloaded intentionally. @ https://www.youtube.com/watch?v=PPNCe7nX3Fc:0
[57901022ms] [WARNING] The resource https://rr2---sn-9gv7dn7e.c.youtube.com/generate_204 was preloaded using link preload but not used within a few seconds from the window's load event. Please make sure it has an appropriate `as` value and it is preloaded intentionally. @ https://www.youtube.com/watch?v=PPNCe7nX3Fc:0
[57901022ms] [WARNING] The resource https://i.ytimg.com/generate_204 was preloaded using link preload but not used within a few seconds from the window's load event. Please make sure it has an appropriate `as` value and it is preloaded intentionally. @ https://www.youtube.com/watch?v=PPNCe7nX3Fc:0
[57901022ms] [WARNING] The resource https://rr4---sn-a5mekndk.googlevideo.com/generate_204 was preloaded using link preload but not used within a few seconds from the window's load event. Please make sure it has an appropriate `as` value and it is preloaded intentionally. @ https://www.youtube.com/watch?v=PPNCe7nX3Fc:0
[58206277ms] [WARNING] The resource https://rr2---sn-9gv7dn7e.c.youtube.com/generate_204 was preloaded using link preload but not used within a few seconds from the window's load event. Please make sure it has an appropriate `as` value and it is preloaded intentionally. @ https://www.youtube.com/watch?v=PPNCe7nX3Fc:0
[58206278ms] [WARNING] The resource https://i.ytimg.com/generate_204 was preloaded using link preload but not used within a few seconds from the window's load event. Please make sure it has an appropriate `as` value and it is preloaded intentionally. @ https://www.youtube.com/watch?v=PPNCe7nX3Fc:0
[58206278ms] [WARNING] The resource https://rr4---sn-a5mekndk.googlevideo.com/generate_204 was preloaded using link preload but not used within a few seconds from the window's load event. Please make sure it has an appropriate `as` value and it is preloaded intentionally. @ https://www.youtube.com/watch?v=PPNCe7nX3Fc:0
[58346304ms] [WARNING] The resource https://rr2---sn-9gv7dn7e.c.youtube.com/generate_204 was preloaded using link preload but not used within a few seconds from the window's load event. Please make sure it has an appropriate `as` value and it is preloaded intentionally. @ https://www.youtube.com/watch?v=PPNCe7nX3Fc:0
[58346305ms] [WARNING] The resource https://i.ytimg.com/generate_204 was preloaded using link preload but not used within a few seconds from the window's load event. Please make sure it has an appropriate `as` value and it is preloaded intentionally. @ https://www.youtube.com/watch?v=PPNCe7nX3Fc:0
[58346305ms] [WARNING] The resource https://rr4---sn-a5mekndk.googlevideo.com/generate_204 was preloaded using link preload but not used within a few seconds from the window's load event. Please make sure it has an appropriate `as` value and it is preloaded intentionally. @ https://www.youtube.com/watch?v=PPNCe7nX3Fc:0
[58511097ms] [WARNING] The resource https://rr2---sn-9gv7dn7e.c.youtube.com/generate_204 was preloaded using link preload but not used within a few seconds from the window's load event. Please make sure it has an appropriate `as` value and it is preloaded intentionally. @ https://www.youtube.com/watch?v=PPNCe7nX3Fc:0
[58511097ms] [WARNING] The resource https://i.ytimg.com/generate_204 was preloaded using link preload but not used within a few seconds from the window's load event. Please make sure it has an appropriate `as` value and it is preloaded intentionally. @ https://www.youtube.com/watch?v=PPNCe7nX3Fc:0
[58511097ms] [WARNING] The resource https://rr4---sn-a5mekndk.googlevideo.com/generate_204 was preloaded using link preload but not used within a few seconds from the window's load event. Please make sure it has an appropriate `as` value and it is preloaded intentionally. @ https://www.youtube.com/watch?v=PPNCe7nX3Fc:0
[58814866ms] [WARNING] The resource https://rr2---sn-9gv7dn7e.c.youtube.com/generate_204 was preloaded using link preload but not used within a few seconds from the window's load event. Please make sure it has an appropriate `as` value and it is preloaded intentionally. @ https://www.youtube.com/watch?v=PPNCe7nX3Fc:0
[58814866ms] [WARNING] The resource https://i.ytimg.com/generate_204 was preloaded using link preload but not used within a few seconds from the window's load event. Please make sure it has an appropriate `as` value and it is preloaded intentionally. @ https://www.youtube.com/watch?v=PPNCe7nX3Fc:0
[58814867ms] [WARNING] The resource https://rr4---sn-a5mekndk.googlevideo.com/generate_204 was preloaded using link preload but not used within a few seconds from the window's load event. Please make sure it has an appropriate `as` value and it is preloaded intentionally. @ https://www.youtube.com/watch?v=PPNCe7nX3Fc:0
[59120990ms] [WARNING] The resource https://rr2---sn-9gv7dn7e.c.youtube.com/generate_204 was preloaded using link preload but not used within a few seconds from the window's load event. Please make sure it has an appropriate `as` value and it is preloaded intentionally. @ https://www.youtube.com/watch?v=PPNCe7nX3Fc:0
[59120990ms] [WARNING] The resource https://i.ytimg.com/generate_204 was preloaded using link preload but not used within a few seconds from the window's load event. Please make sure it has an appropriate `as` value and it is preloaded intentionally. @ https://www.youtube.com/watch?v=PPNCe7nX3Fc:0
[59120990ms] [WARNING] The resource https://rr4---sn-a5mekndk.googlevideo.com/generate_204 was preloaded using link preload but not used within a few seconds from the window's load event. Please make sure it has an appropriate `as` value and it is preloaded intentionally. @ https://www.youtube.com/watch?v=PPNCe7nX3Fc:0
[59425822ms] [WARNING] The resource https://rr2---sn-9gv7dn7e.c.youtube.com/generate_204 was preloaded using link preload but not used within a few seconds from the window's load event. Please make sure it has an appropriate `as` value and it is preloaded intentionally. @ https://www.youtube.com/watch?v=PPNCe7nX3Fc:0
[59425822ms] [WARNING] The resource https://i.ytimg.com/generate_204 was preloaded using link preload but not used within a few seconds from the window's load event. Please make sure it has an appropriate `as` value and it is preloaded intentionally. @ https://www.youtube.com/watch?v=PPNCe7nX3Fc:0
[59425822ms] [WARNING] The resource https://rr4---sn-a5mekndk.googlevideo.com/generate_204 was preloaded using link preload but not used within a few seconds from the window's load event. Please make sure it has an appropriate `as` value and it is preloaded intentionally. @ https://www.youtube.com/watch?v=PPNCe7nX3Fc:0
[59730760ms] [WARNING] The resource https://rr2---sn-9gv7dn7e.c.youtube.com/generate_204 was preloaded using link preload but not used within a few seconds from the window's load event. Please make sure it has an appropriate `as` value and it is preloaded intentionally. @ https://www.youtube.com/watch?v=PPNCe7nX3Fc:0
[59730760ms] [WARNING] The resource https://i.ytimg.com/generate_204 was preloaded using link preload but not used within a few seconds from the window's load event. Please make sure it has an appropriate `as` value and it is preloaded intentionally. @ https://www.youtube.com/watch?v=PPNCe7nX3Fc:0
[59730761ms] [WARNING] The resource https://rr4---sn-a5mekndk.googlevideo.com/generate_204 was preloaded using link preload but not used within a few seconds from the window's load event. Please make sure it has an appropriate `as` value and it is preloaded intentionally. @ https://www.youtube.com/watch?v=PPNCe7nX3Fc:0
[60037552ms] [WARNING] The resource https://rr2---sn-9gv7dn7e.c.youtube.com/generate_204 was preloaded using link preload but not used within a few seconds from the window's load event. Please make sure it has an appropriate `as` value and it is preloaded intentionally. @ https://www.youtube.com/watch?v=PPNCe7nX3Fc:0
[60037552ms] [WARNING] The resource https://i.ytimg.com/generate_204 was preloaded using link preload but not used within a few seconds from the window's load event. Please make sure it has an appropriate `as` value and it is preloaded intentionally. @ https://www.youtube.com/watch?v=PPNCe7nX3Fc:0
[60037552ms] [WARNING] The resource https://rr4---sn-a5mekndk.googlevideo.com/generate_204 was preloaded using link preload but not used within a few seconds from the window's load event. Please make sure it has an appropriate `as` value and it is preloaded intentionally. @ https://www.youtube.com/watch?v=PPNCe7nX3Fc:0
[60146434ms] [WARNING] The resource https://rr2---sn-9gv7dn7e.c.youtube.com/generate_204 was preloaded using link preload but not used within a few seconds from the window's load event. Please make sure it has an appropriate `as` value and it is preloaded intentionally. @ https://www.youtube.com/watch?v=PPNCe7nX3Fc:0
[60146434ms] [WARNING] The resource https://i.ytimg.com/generate_204 was preloaded using link preload but not used within a few seconds from the window's load event. Please make sure it has an appropriate `as` value and it is preloaded intentionally. @ https://www.youtube.com/watch?v=PPNCe7nX3Fc:0
[60146434ms] [WARNING] The resource https://rr4---sn-a5mekndk.googlevideo.com/generate_204 was preloaded using link preload but not used within a few seconds from the window's load event. Please make sure it has an appropriate `as` value and it is preloaded intentionally. @ https://www.youtube.com/watch?v=PPNCe7nX3Fc:0
[60368616ms] [WARNING] The resource https://rr2---sn-9gv7dn7e.c.youtube.com/generate_204 was preloaded using link preload but not used within a few seconds from the window's load event. Please make sure it has an appropriate `as` value and it is preloaded intentionally. @ https://www.youtube.com/watch?v=PPNCe7nX3Fc:0
[60368616ms] [WARNING] The resource https://i.ytimg.com/generate_204 was preloaded using link preload but not used within a few seconds from the window's load event. Please make sure it has an appropriate `as` value and it is preloaded intentionally. @ https://www.youtube.com/watch?v=PPNCe7nX3Fc:0
[60368616ms] [WARNING] The resource https://rr4---sn-a5mekndk.googlevideo.com/generate_204 was preloaded using link preload but not used within a few seconds from the window's load event. Please make sure it has an appropriate `as` value and it is preloaded intentionally. @ https://www.youtube.com/watch?v=PPNCe7nX3Fc:0
[60672061ms] [WARNING] The resource https://rr2---sn-9gv7dn7e.c.youtube.com/generate_204 was preloaded using link preload but not used within a few seconds from the window's load event. Please make sure it has an appropriate `as` value and it is preloaded intentionally. @ https://www.youtube.com/watch?v=PPNCe7nX3Fc:0
[60672061ms] [WARNING] The resource https://i.ytimg.com/generate_204 was preloaded using link preload but not used within a few seconds from the window's load event. Please make sure it has an appropriate `as` value and it is preloaded intentionally. @ https://www.youtube.com/watch?v=PPNCe7nX3Fc:0
[60672061ms] [WARNING] The resource https://rr4---sn-a5mekndk.googlevideo.com/generate_204 was preloaded using link preload but not used within a few seconds from the window's load event. Please make sure it has an appropriate `as` value and it is preloaded intentionally. @ https://www.youtube.com/watch?v=PPNCe7nX3Fc:0
[61004304ms] [WARNING] The resource https://rr2---sn-9gv7dn7e.c.youtube.com/generate_204 was preloaded using link preload but not used within a few seconds from the window's load event. Please make sure it has an appropriate `as` value and it is preloaded intentionally. @ https://www.youtube.com/watch?v=PPNCe7nX3Fc:0
[61004304ms] [WARNING] The resource https://i.ytimg.com/generate_204 was preloaded using link preload but not used within a few seconds from the window's load event. Please make sure it has an appropriate `as` value and it is preloaded intentionally. @ https://www.youtube.com/watch?v=PPNCe7nX3Fc:0
[61004304ms] [WARNING] The resource https://rr4---sn-a5mekndk.googlevideo.com/generate_204 was preloaded using link preload but not used within a few seconds from the window's load event. Please make sure it has an appropriate `as` value and it is preloaded intentionally. @ https://www.youtube.com/watch?v=PPNCe7nX3Fc:0
[61313889ms] [WARNING] The resource https://rr2---sn-9gv7dn7e.c.youtube.com/generate_204 was preloaded using link preload but not used within a few seconds from the window's load event. Please make sure it has an appropriate `as` value and it is preloaded intentionally. @ https://www.youtube.com/watch?v=PPNCe7nX3Fc:0
[61313889ms] [WARNING] The resource https://i.ytimg.com/generate_204 was preloaded using link preload but not used within a few seconds from the window's load event. Please make sure it has an appropriate `as` value and it is preloaded intentionally. @ https://www.youtube.com/watch?v=PPNCe7nX3Fc:0
[61313889ms] [WARNING] The resource https://rr4---sn-a5mekndk.googlevideo.com/generate_204 was preloaded using link preload but not used within a few seconds from the window's load event. Please make sure it has an appropriate `as` value and it is preloaded intentionally. @ https://www.youtube.com/watch?v=PPNCe7nX3Fc:0
[61643817ms] [WARNING] The resource https://rr2---sn-9gv7dn7e.c.youtube.com/generate_204 was preloaded using link preload but not used within a few seconds from the window's load event. Please make sure it has an appropriate `as` value and it is preloaded intentionally. @ https://www.youtube.com/watch?v=PPNCe7nX3Fc:0
[61643817ms] [WARNING] The resource https://i.ytimg.com/generate_204 was preloaded using link preload but not used within a few seconds from the window's load event. Please make sure it has an appropriate `as` value and it is preloaded intentionally. @ https://www.youtube.com/watch?v=PPNCe7nX3Fc:0
[61643817ms] [WARNING] The resource https://rr4---sn-a5mekndk.googlevideo.com/generate_204 was preloaded using link preload but not used within a few seconds from the window's load event. Please make sure it has an appropriate `as` value and it is preloaded intentionally. @ https://www.youtube.com/watch?v=PPNCe7nX3Fc:0
[61947765ms] [WARNING] The resource https://rr2---sn-9gv7dn7e.c.youtube.com/generate_204 was preloaded using link preload but not used within a few seconds from the window's load event. Please make sure it has an appropriate `as` value and it is preloaded intentionally. @ https://www.youtube.com/watch?v=PPNCe7nX3Fc:0
[61947765ms] [WARNING] The resource https://i.ytimg.com/generate_204 was preloaded using link preload but not used within a few seconds from the window's load event. Please make sure it has an appropriate `as` value and it is preloaded intentionally. @ https://www.youtube.com/watch?v=PPNCe7nX3Fc:0
[61947765ms] [WARNING] The resource https://rr4---sn-a5mekndk.googlevideo.com/generate_204 was preloaded using link preload but not used within a few seconds from the window's load event. Please make sure it has an appropriate `as` value and it is preloaded intentionally. @ https://www.youtube.com/watch?v=PPNCe7nX3Fc:0
[62254428ms] [WARNING] The resource https://rr2---sn-9gv7dn7e.c.youtube.com/generate_204 was preloaded using link preload but not used within a few seconds from the window's load event. Please make sure it has an appropriate `as` value and it is preloaded intentionally. @ https://www.youtube.com/watch?v=PPNCe7nX3Fc:0
[62254428ms] [WARNING] The resource https://i.ytimg.com/generate_204 was preloaded using link preload but not used within a few seconds from the window's load event. Please make sure it has an appropriate `as` value and it is preloaded intentionally. @ https://www.youtube.com/watch?v=PPNCe7nX3Fc:0
[62254428ms] [WARNING] The resource https://rr4---sn-a5mekndk.googlevideo.com/generate_204 was preloaded using link preload but not used within a few seconds from the window's load event. Please make sure it has an appropriate `as` value and it is preloaded intentionally. @ https://www.youtube.com/watch?v=PPNCe7nX3Fc:0
[62587221ms] [WARNING] The resource https://rr2---sn-9gv7dn7e.c.youtube.com/generate_204 was preloaded using link preload but not used within a few seconds from the window's load event. Please make sure it has an appropriate `as` value and it is preloaded intentionally. @ https://www.youtube.com/watch?v=PPNCe7nX3Fc:0
[62587222ms] [WARNING] The resource https://i.ytimg.com/generate_204 was preloaded using link preload but not used within a few seconds from the window's load event. Please make sure it has an appropriate `as` value and it is preloaded intentionally. @ https://www.youtube.com/watch?v=PPNCe7nX3Fc:0
[62587222ms] [WARNING] The resource https://rr4---sn-a5mekndk.googlevideo.com/generate_204 was preloaded using link preload but not used within a few seconds from the window's load event. Please make sure it has an appropriate `as` value and it is preloaded intentionally. @ https://www.youtube.com/watch?v=PPNCe7nX3Fc:0
[62919986ms] [WARNING] The resource https://rr2---sn-9gv7dn7e.c.youtube.com/generate_204 was preloaded using link preload but not used within a few seconds from the window's load event. Please make sure it has an appropriate `as` value and it is preloaded intentionally. @ https://www.youtube.com/watch?v=PPNCe7nX3Fc:0
[62919986ms] [WARNING] The resource https://i.ytimg.com/generate_204 was preloaded using link preload but not used within a few seconds from the window's load event. Please make sure it has an appropriate `as` value and it is preloaded intentionally. @ https://www.youtube.com/watch?v=PPNCe7nX3Fc:0
[62919986ms] [WARNING] The resource https://rr4---sn-a5mekndk.googlevideo.com/generate_204 was preloaded using link preload but not used within a few seconds from the window's load event. Please make sure it has an appropriate `as` value and it is preloaded intentionally. @ https://www.youtube.com/watch?v=PPNCe7nX3Fc:0
[63250578ms] [WARNING] The resource https://rr2---sn-9gv7dn7e.c.youtube.com/generate_204 was preloaded using link preload but not used within a few seconds from the window's load event. Please make sure it has an appropriate `as` value and it is preloaded intentionally. @ https://www.youtube.com/watch?v=PPNCe7nX3Fc:0
[63250579ms] [WARNING] The resource https://i.ytimg.com/generate_204 was preloaded using link preload but not used within a few seconds from the window's load event. Please make sure it has an appropriate `as` value and it is preloaded intentionally. @ https://www.youtube.com/watch?v=PPNCe7nX3Fc:0
[63250579ms] [WARNING] The resource https://rr4---sn-a5mekndk.googlevideo.com/generate_204 was preloaded using link preload but not used within a few seconds from the window's load event. Please make sure it has an appropriate `as` value and it is preloaded intentionally. @ https://www.youtube.com/watch?v=PPNCe7nX3Fc:0
[63554829ms] [WARNING] The resource https://rr2---sn-9gv7dn7e.c.youtube.com/generate_204 was preloaded using link preload but not used within a few seconds from the window's load event. Please make sure it has an appropriate `as` value and it is preloaded intentionally. @ https://www.youtube.com/watch?v=PPNCe7nX3Fc:0
[63554829ms] [WARNING] The resource https://i.ytimg.com/generate_204 was preloaded using link preload but not used within a few seconds from the window's load event. Please make sure it has an appropriate `as` value and it is preloaded intentionally. @ https://www.youtube.com/watch?v=PPNCe7nX3Fc:0
[63554829ms] [WARNING] The resource https://rr4---sn-a5mekndk.googlevideo.com/generate_204 was preloaded using link preload but not used within a few seconds from the window's load event. Please make sure it has an appropriate `as` value and it is preloaded intentionally. @ https://www.youtube.com/watch?v=PPNCe7nX3Fc:0
[63746729ms] [WARNING] The resource https://rr2---sn-9gv7dn7e.c.youtube.com/generate_204 was preloaded using link preload but not used within a few seconds from the window's load event. Please make sure it has an appropriate `as` value and it is preloaded intentionally. @ https://www.youtube.com/watch?v=PPNCe7nX3Fc:0
[63746730ms] [WARNING] The resource https://i.ytimg.com/generate_204 was preloaded using link preload but not used within a few seconds from the window's load event. Please make sure it has an appropriate `as` value and it is preloaded intentionally. @ https://www.youtube.com/watch?v=PPNCe7nX3Fc:0
[63746730ms] [WARNING] The resource https://rr4---sn-a5mekndk.googlevideo.com/generate_204 was preloaded using link preload but not used within a few seconds from the window's load event. Please make sure it has an appropriate `as` value and it is preloaded intentionally. @ https://www.youtube.com/watch?v=PPNCe7nX3Fc:0
[63858673ms] [WARNING] The resource https://rr2---sn-9gv7dn7e.c.youtube.com/generate_204 was preloaded using link preload but not used within a few seconds from the window's load event. Please make sure it has an appropriate `as` value and it is preloaded intentionally. @ https://www.youtube.com/watch?v=PPNCe7nX3Fc:0
[63858673ms] [WARNING] The resource https://i.ytimg.com/generate_204 was preloaded using link preload but not used within a few seconds from the window's load event. Please make sure it has an appropriate `as` value and it is preloaded intentionally. @ https://www.youtube.com/watch?v=PPNCe7nX3Fc:0
[63858673ms] [WARNING] The resource https://rr4---sn-a5mekndk.googlevideo.com/generate_204 was preloaded using link preload but not used within a few seconds from the window's load event. Please make sure it has an appropriate `as` value and it is preloaded intentionally. @ https://www.youtube.com/watch?v=PPNCe7nX3Fc:0
[64162554ms] [WARNING] The resource https://rr2---sn-9gv7dn7e.c.youtube.com/generate_204 was preloaded using link preload but not used within a few seconds from the window's load event. Please make sure it has an appropriate `as` value and it is preloaded intentionally. @ https://www.youtube.com/watch?v=PPNCe7nX3Fc:0
[64162554ms] [WARNING] The resource https://i.ytimg.com/generate_204 was preloaded using link preload but not used within a few seconds from the window's load event. Please make sure it has an appropriate `as` value and it is preloaded intentionally. @ https://www.youtube.com/watch?v=PPNCe7nX3Fc:0
[64162554ms] [WARNING] The resource https://rr4---sn-a5mekndk.googlevideo.com/generate_204 was preloaded using link preload but not used within a few seconds from the window's load event. Please make sure it has an appropriate `as` value and it is preloaded intentionally. @ https://www.youtube.com/watch?v=PPNCe7nX3Fc:0
[64470228ms] [WARNING] The resource https://rr2---sn-9gv7dn7e.c.youtube.com/generate_204 was preloaded using link preload but not used within a few seconds from the window's load event. Please make sure it has an appropriate `as` value and it is preloaded intentionally. @ https://www.youtube.com/watch?v=PPNCe7nX3Fc:0
[64470228ms] [WARNING] The resource https://i.ytimg.com/generate_204 was preloaded using link preload but not used within a few seconds from the window's load event. Please make sure it has an appropriate `as` value and it is preloaded intentionally. @ https://www.youtube.com/watch?v=PPNCe7nX3Fc:0
[64470228ms] [WARNING] The resource https://rr4---sn-a5mekndk.googlevideo.com/generate_204 was preloaded using link preload but not used within a few seconds from the window's load event. Please make sure it has an appropriate `as` value and it is preloaded intentionally. @ https://www.youtube.com/watch?v=PPNCe7nX3Fc:0
[64800239ms] [WARNING] The resource https://rr2---sn-9gv7dn7e.c.youtube.com/generate_204 was preloaded using link preload but not used within a few seconds from the window's load event. Please make sure it has an appropriate `as` value and it is preloaded intentionally. @ https://www.youtube.com/watch?v=PPNCe7nX3Fc:0
[64800239ms] [WARNING] The resource https://i.ytimg.com/generate_204 was preloaded using link preload but not used within a few seconds from the window's load event. Please make sure it has an appropriate `as` value and it is preloaded intentionally. @ https://www.youtube.com/watch?v=PPNCe7nX3Fc:0
[64800239ms] [WARNING] The resource https://rr4---sn-a5mekndk.googlevideo.com/generate_204 was preloaded using link preload but not used within a few seconds from the window's load event. Please make sure it has an appropriate `as` value and it is preloaded intentionally. @ https://www.youtube.com/watch?v=PPNCe7nX3Fc:0
[65104540ms] [WARNING] The resource https://rr2---sn-9gv7dn7e.c.youtube.com/generate_204 was preloaded using link preload but not used within a few seconds from the window's load event. Please make sure it has an appropriate `as` value and it is preloaded intentionally. @ https://www.youtube.com/watch?v=PPNCe7nX3Fc:0
[65104540ms] [WARNING] The resource https://i.ytimg.com/generate_204 was preloaded using link preload but not used within a few seconds from the window's load event. Please make sure it has an appropriate `as` value and it is preloaded intentionally. @ https://www.youtube.com/watch?v=PPNCe7nX3Fc:0
[65104540ms] [WARNING] The resource https://rr4---sn-a5mekndk.googlevideo.com/generate_204 was preloaded using link preload but not used within a few seconds from the window's load event. Please make sure it has an appropriate `as` value and it is preloaded intentionally. @ https://www.youtube.com/watch?v=PPNCe7nX3Fc:0
[65409472ms] [WARNING] The resource https://rr2---sn-9gv7dn7e.c.youtube.com/generate_204 was preloaded using link preload but not used within a few seconds from the window's load event. Please make sure it has an appropriate `as` value and it is preloaded intentionally. @ https://www.youtube.com/watch?v=PPNCe7nX3Fc:0
[65409472ms] [WARNING] The resource https://i.ytimg.com/generate_204 was preloaded using link preload but not used within a few seconds from the window's load event. Please make sure it has an appropriate `as` value and it is preloaded intentionally. @ https://www.youtube.com/watch?v=PPNCe7nX3Fc:0
[65409472ms] [WARNING] The resource https://rr4---sn-a5mekndk.googlevideo.com/generate_204 was preloaded using link preload but not used within a few seconds from the window's load event. Please make sure it has an appropriate `as` value and it is preloaded intentionally. @ https://www.youtube.com/watch?v=PPNCe7nX3Fc:0
[65540045ms] [WARNING] The powerPreference option is currently ignored when calling requestAdapter() on Windows. See https://crbug.com/369219127 @ :0
[65542746ms] [WARNING] The resource https://rr2---sn-9gv7dn7e.c.youtube.com/generate_204 was preloaded using link preload but not used within a few seconds from the window's load event. Please make sure it has an appropriate `as` value and it is preloaded intentionally. @ https://www.youtube.com/watch?v=PPNCe7nX3Fc:0
[65542747ms] [WARNING] The resource https://i.ytimg.com/generate_204 was preloaded using link preload but not used within a few seconds from the window's load event. Please make sure it has an appropriate `as` value and it is preloaded intentionally. @ https://www.youtube.com/watch?v=PPNCe7nX3Fc:0
[65542747ms] [WARNING] The resource https://rr4---sn-a5mekndk.googlevideo.com/generate_204 was preloaded using link preload but not used within a few seconds from the window's load event. Please make sure it has an appropriate `as` value and it is preloaded intentionally. @ https://www.youtube.com/watch?v=PPNCe7nX3Fc:0
[65546900ms] [WARNING] The resource https://rr2---sn-9gv7dn7e.c.youtube.com/generate_204 was preloaded using link preload but not used within a few seconds from the window's load event. Please make sure it has an appropriate `as` value and it is preloaded intentionally. @ https://www.youtube.com/watch?v=PPNCe7nX3Fc:0
[65546901ms] [WARNING] The resource https://i.ytimg.com/generate_204 was preloaded using link preload but not used within a few seconds from the window's load event. Please make sure it has an appropriate `as` value and it is preloaded intentionally. @ https://www.youtube.com/watch?v=PPNCe7nX3Fc:0
[65546901ms] [WARNING] The resource https://rr4---sn-a5mekndk.googlevideo.com/generate_204 was preloaded using link preload but not used within a few seconds from the window's load event. Please make sure it has an appropriate `as` value and it is preloaded intentionally. @ https://www.youtube.com/watch?v=PPNCe7nX3Fc:0
[65715194ms] [WARNING] The resource https://rr2---sn-9gv7dn7e.c.youtube.com/generate_204 was preloaded using link preload but not used within a few seconds from the window's load event. Please make sure it has an appropriate `as` value and it is preloaded intentionally. @ https://www.youtube.com/watch?v=PPNCe7nX3Fc:0
[65715194ms] [WARNING] The resource https://i.ytimg.com/generate_204 was preloaded using link preload but not used within a few seconds from the window's load event. Please make sure it has an appropriate `as` value and it is preloaded intentionally. @ https://www.youtube.com/watch?v=PPNCe7nX3Fc:0
[65715194ms] [WARNING] The resource https://rr4---sn-a5mekndk.googlevideo.com/generate_204 was preloaded using link preload but not used within a few seconds from the window's load event. Please make sure it has an appropriate `as` value and it is preloaded intentionally. @ https://www.youtube.com/watch?v=PPNCe7nX3Fc:0
[66026521ms] [WARNING] The resource https://rr2---sn-9gv7dn7e.c.youtube.com/generate_204 was preloaded using link preload but not used within a few seconds from the window's load event. Please make sure it has an appropriate `as` value and it is preloaded intentionally. @ https://www.youtube.com/watch?v=PPNCe7nX3Fc:0
[66026521ms] [WARNING] The resource https://i.ytimg.com/generate_204 was preloaded using link preload but not used within a few seconds from the window's load event. Please make sure it has an appropriate `as` value and it is preloaded intentionally. @ https://www.youtube.com/watch?v=PPNCe7nX3Fc:0
[66026521ms] [WARNING] The resource https://rr4---sn-a5mekndk.googlevideo.com/generate_204 was preloaded using link preload but not used within a few seconds from the window's load event. Please make sure it has an appropriate `as` value and it is preloaded intentionally. @ https://www.youtube.com/watch?v=PPNCe7nX3Fc:0
[66359330ms] [WARNING] The resource https://rr2---sn-9gv7dn7e.c.youtube.com/generate_204 was preloaded using link preload but not used within a few seconds from the window's load event. Please make sure it has an appropriate `as` value and it is preloaded intentionally. @ https://www.youtube.com/watch?v=PPNCe7nX3Fc:0
[66359331ms] [WARNING] The resource https://i.ytimg.com/generate_204 was preloaded using link preload but not used within a few seconds from the window's load event. Please make sure it has an appropriate `as` value and it is preloaded intentionally. @ https://www.youtube.com/watch?v=PPNCe7nX3Fc:0
[66359331ms] [WARNING] The resource https://rr4---sn-a5mekndk.googlevideo.com/generate_204 was preloaded using link preload but not used within a few seconds from the window's load event. Please make sure it has an appropriate `as` value and it is preloaded intentionally. @ https://www.youtube.com/watch?v=PPNCe7nX3Fc:0
[66692100ms] [WARNING] The resource https://rr2---sn-9gv7dn7e.c.youtube.com/generate_204 was preloaded using link preload but not used within a few seconds from the window's load event. Please make sure it has an appropriate `as` value and it is preloaded intentionally. @ https://www.youtube.com/watch?v=PPNCe7nX3Fc:0
[66692100ms] [WARNING] The resource https://i.ytimg.com/generate_204 was preloaded using link preload but not used within a few seconds from the window's load event. Please make sure it has an appropriate `as` value and it is preloaded intentionally. @ https://www.youtube.com/watch?v=PPNCe7nX3Fc:0
[66692100ms] [WARNING] The resource https://rr4---sn-a5mekndk.googlevideo.com/generate_204 was preloaded using link preload but not used within a few seconds from the window's load event. Please make sure it has an appropriate `as` value and it is preloaded intentionally. @ https://www.youtube.com/watch?v=PPNCe7nX3Fc:0
[67022243ms] [WARNING] The resource https://rr2---sn-9gv7dn7e.c.youtube.com/generate_204 was preloaded using link preload but not used within a few seconds from the window's load event. Please make sure it has an appropriate `as` value and it is preloaded intentionally. @ https://www.youtube.com/watch?v=PPNCe7nX3Fc:0
[67022244ms] [WARNING] The resource https://i.ytimg.com/generate_204 was preloaded using link preload but not used within a few seconds from the window's load event. Please make sure it has an appropriate `as` value and it is preloaded intentionally. @ https://www.youtube.com/watch?v=PPNCe7nX3Fc:0
[67022244ms] [WARNING] The resource https://rr4---sn-a5mekndk.googlevideo.com/generate_204 was preloaded using link preload but not used within a few seconds from the window's load event. Please make sure it has an appropriate `as` value and it is preloaded intentionally. @ https://www.youtube.com/watch?v=PPNCe7nX3Fc:0
[67327461ms] [WARNING] The resource https://rr2---sn-9gv7dn7e.c.youtube.com/generate_204 was preloaded using link preload but not used within a few seconds from the window's load event. Please make sure it has an appropriate `as` value and it is preloaded intentionally. @ https://www.youtube.com/watch?v=PPNCe7nX3Fc:0
[67327462ms] [WARNING] The resource https://i.ytimg.com/generate_204 was preloaded using link preload but not used within a few seconds from the window's load event. Please make sure it has an appropriate `as` value and it is preloaded intentionally. @ https://www.youtube.com/watch?v=PPNCe7nX3Fc:0
[67327462ms] [WARNING] The resource https://rr4---sn-a5mekndk.googlevideo.com/generate_204 was preloaded using link preload but not used within a few seconds from the window's load event. Please make sure it has an appropriate `as` value and it is preloaded intentionally. @ https://www.youtube.com/watch?v=PPNCe7nX3Fc:0
[67347059ms] [WARNING] The resource https://rr2---sn-9gv7dn7e.c.youtube.com/generate_204 was preloaded using link preload but not used within a few seconds from the window's load event. Please make sure it has an appropriate `as` value and it is preloaded intentionally. @ https://www.youtube.com/watch?v=PPNCe7nX3Fc:0
[67347059ms] [WARNING] The resource https://i.ytimg.com/generate_204 was preloaded using link preload but not used within a few seconds from the window's load event. Please make sure it has an appropriate `as` value and it is preloaded intentionally. @ https://www.youtube.com/watch?v=PPNCe7nX3Fc:0
[67347059ms] [WARNING] The resource https://rr4---sn-a5mekndk.googlevideo.com/generate_204 was preloaded using link preload but not used within a few seconds from the window's load event. Please make sure it has an appropriate `as` value and it is preloaded intentionally. @ https://www.youtube.com/watch?v=PPNCe7nX3Fc:0
[67632314ms] [WARNING] The resource https://rr2---sn-9gv7dn7e.c.youtube.com/generate_204 was preloaded using link preload but not used within a few seconds from the window's load event. Please make sure it has an appropriate `as` value and it is preloaded intentionally. @ https://www.youtube.com/watch?v=PPNCe7nX3Fc:0
[67632314ms] [WARNING] The resource https://i.ytimg.com/generate_204 was preloaded using link preload but not used within a few seconds from the window's load event. Please make sure it has an appropriate `as` value and it is preloaded intentionally. @ https://www.youtube.com/watch?v=PPNCe7nX3Fc:0
[67632314ms] [WARNING] The resource https://rr4---sn-a5mekndk.googlevideo.com/generate_204 was preloaded using link preload but not used within a few seconds from the window's load event. Please make sure it has an appropriate `as` value and it is preloaded intentionally. @ https://www.youtube.com/watch?v=PPNCe7nX3Fc:0
[67936483ms] [WARNING] The resource https://rr2---sn-9gv7dn7e.c.youtube.com/generate_204 was preloaded using link preload but not used within a few seconds from the window's load event. Please make sure it has an appropriate `as` value and it is preloaded intentionally. @ https://www.youtube.com/watch?v=PPNCe7nX3Fc:0
[67936483ms] [WARNING] The resource https://i.ytimg.com/generate_204 was preloaded using link preload but not used within a few seconds from the window's load event. Please make sure it has an appropriate `as` value and it is preloaded intentionally. @ https://www.youtube.com/watch?v=PPNCe7nX3Fc:0
[67936483ms] [WARNING] The resource https://rr4---sn-a5mekndk.googlevideo.com/generate_204 was preloaded using link preload but not used within a few seconds from the window's load event. Please make sure it has an appropriate `as` value and it is preloaded intentionally. @ https://www.youtube.com/watch?v=PPNCe7nX3Fc:0
[68241908ms] [WARNING] The resource https://rr2---sn-9gv7dn7e.c.youtube.com/generate_204 was preloaded using link preload but not used within a few seconds from the window's load event. Please make sure it has an appropriate `as` value and it is preloaded intentionally. @ https://www.youtube.com/watch?v=PPNCe7nX3Fc:0
[68241908ms] [WARNING] The resource https://i.ytimg.com/generate_204 was preloaded using link preload but not used within a few seconds from the window's load event. Please make sure it has an appropriate `as` value and it is preloaded intentionally. @ https://www.youtube.com/watch?v=PPNCe7nX3Fc:0
[68241908ms] [WARNING] The resource https://rr4---sn-a5mekndk.googlevideo.com/generate_204 was preloaded using link preload but not used within a few seconds from the window's load event. Please make sure it has an appropriate `as` value and it is preloaded intentionally. @ https://www.youtube.com/watch?v=PPNCe7nX3Fc:0
[68545816ms] [WARNING] The resource https://rr2---sn-9gv7dn7e.c.youtube.com/generate_204 was preloaded using link preload but not used within a few seconds from the window's load event. Please make sure it has an appropriate `as` value and it is preloaded intentionally. @ https://www.youtube.com/watch?v=PPNCe7nX3Fc:0
[68545816ms] [WARNING] The resource https://i.ytimg.com/generate_204 was preloaded using link preload but not used within a few seconds from the window's load event. Please make sure it has an appropriate `as` value and it is preloaded intentionally. @ https://www.youtube.com/watch?v=PPNCe7nX3Fc:0
[68545816ms] [WARNING] The resource https://rr4---sn-a5mekndk.googlevideo.com/generate_204 was preloaded using link preload but not used within a few seconds from the window's load event. Please make sure it has an appropriate `as` value and it is preloaded intentionally. @ https://www.youtube.com/watch?v=PPNCe7nX3Fc:0
[68853321ms] [WARNING] The resource https://rr2---sn-9gv7dn7e.c.youtube.com/generate_204 was preloaded using link preload but not used within a few seconds from the window's load event. Please make sure it has an appropriate `as` value and it is preloaded intentionally. @ https://www.youtube.com/watch?v=PPNCe7nX3Fc:0
[68853321ms] [WARNING] The resource https://i.ytimg.com/generate_204 was preloaded using link preload but not used within a few seconds from the window's load event. Please make sure it has an appropriate `as` value and it is preloaded intentionally. @ https://www.youtube.com/watch?v=PPNCe7nX3Fc:0
[68853321ms] [WARNING] The resource https://rr4---sn-a5mekndk.googlevideo.com/generate_204 was preloaded using link preload but not used within a few seconds from the window's load event. Please make sure it has an appropriate `as` value and it is preloaded intentionally. @ https://www.youtube.com/watch?v=PPNCe7nX3Fc:0
[69147271ms] [WARNING] The resource https://rr2---sn-9gv7dn7e.c.youtube.com/generate_204 was preloaded using link preload but not used within a few seconds from the window's load event. Please make sure it has an appropriate `as` value and it is preloaded intentionally. @ https://www.youtube.com/watch?v=PPNCe7nX3Fc:0
[69147271ms] [WARNING] The resource https://i.ytimg.com/generate_204 was preloaded using link preload but not used within a few seconds from the window's load event. Please make sure it has an appropriate `as` value and it is preloaded intentionally. @ https://www.youtube.com/watch?v=PPNCe7nX3Fc:0
[69147271ms] [WARNING] The resource https://rr4---sn-a5mekndk.googlevideo.com/generate_204 was preloaded using link preload but not used within a few seconds from the window's load event. Please make sure it has an appropriate `as` value and it is preloaded intentionally. @ https://www.youtube.com/watch?v=PPNCe7nX3Fc:0
[69186114ms] [WARNING] The resource https://rr2---sn-9gv7dn7e.c.youtube.com/generate_204 was preloaded using link preload but not used within a few seconds from the window's load event. Please make sure it has an appropriate `as` value and it is preloaded intentionally. @ https://www.youtube.com/watch?v=PPNCe7nX3Fc:0
[69186115ms] [WARNING] The resource https://i.ytimg.com/generate_204 was preloaded using link preload but not used within a few seconds from the window's load event. Please make sure it has an appropriate `as` value and it is preloaded intentionally. @ https://www.youtube.com/watch?v=PPNCe7nX3Fc:0
[69186115ms] [WARNING] The resource https://rr4---sn-a5mekndk.googlevideo.com/generate_204 was preloaded using link preload but not used within a few seconds from the window's load event. Please make sure it has an appropriate `as` value and it is preloaded intentionally. @ https://www.youtube.com/watch?v=PPNCe7nX3Fc:0
[69518569ms] [WARNING] The resource https://rr2---sn-9gv7dn7e.c.youtube.com/generate_204 was preloaded using link preload but not used within a few seconds from the window's load event. Please make sure it has an appropriate `as` value and it is preloaded intentionally. @ https://www.youtube.com/watch?v=PPNCe7nX3Fc:0
[69518569ms] [WARNING] The resource https://i.ytimg.com/generate_204 was preloaded using link preload but not used within a few seconds from the window's load event. Please make sure it has an appropriate `as` value and it is preloaded intentionally. @ https://www.youtube.com/watch?v=PPNCe7nX3Fc:0
[69518569ms] [WARNING] The resource https://rr4---sn-a5mekndk.googlevideo.com/generate_204 was preloaded using link preload but not used within a few seconds from the window's load event. Please make sure it has an appropriate `as` value and it is preloaded intentionally. @ https://www.youtube.com/watch?v=PPNCe7nX3Fc:0
[69851226ms] [WARNING] The resource https://rr2---sn-9gv7dn7e.c.youtube.com/generate_204 was preloaded using link preload but not used within a few seconds from the window's load event. Please make sure it has an appropriate `as` value and it is preloaded intentionally. @ https://www.youtube.com/watch?v=PPNCe7nX3Fc:0
[69851226ms] [WARNING] The resource https://i.ytimg.com/generate_204 was preloaded using link preload but not used within a few seconds from the window's load event. Please make sure it has an appropriate `as` value and it is preloaded intentionally. @ https://www.youtube.com/watch?v=PPNCe7nX3Fc:0
[69851227ms] [WARNING] The resource https://rr4---sn-a5mekndk.googlevideo.com/generate_204 was preloaded using link preload but not used within a few seconds from the window's load event. Please make sure it has an appropriate `as` value and it is preloaded intentionally. @ https://www.youtube.com/watch?v=PPNCe7nX3Fc:0
[70181228ms] [WARNING] The resource https://rr2---sn-9gv7dn7e.c.youtube.com/generate_204 was preloaded using link preload but not used within a few seconds from the window's load event. Please make sure it has an appropriate `as` value and it is preloaded intentionally. @ https://www.youtube.com/watch?v=PPNCe7nX3Fc:0
[70181228ms] [WARNING] The resource https://i.ytimg.com/generate_204 was preloaded using link preload but not used within a few seconds from the window's load event. Please make sure it has an appropriate `as` value and it is preloaded intentionally. @ https://www.youtube.com/watch?v=PPNCe7nX3Fc:0
[70181228ms] [WARNING] The resource https://rr4---sn-a5mekndk.googlevideo.com/generate_204 was preloaded using link preload but not used within a few seconds from the window's load event. Please make sure it has an appropriate `as` value and it is preloaded intentionally. @ https://www.youtube.com/watch?v=PPNCe7nX3Fc:0
[70516467ms] [WARNING] The resource https://rr2---sn-9gv7dn7e.c.youtube.com/generate_204 was preloaded using link preload but not used within a few seconds from the window's load event. Please make sure it has an appropriate `as` value and it is preloaded intentionally. @ https://www.youtube.com/watch?v=PPNCe7nX3Fc:0
[70516468ms] [WARNING] The resource https://i.ytimg.com/generate_204 was preloaded using link preload but not used within a few seconds from the window's load event. Please make sure it has an appropriate `as` value and it is preloaded intentionally. @ https://www.youtube.com/watch?v=PPNCe7nX3Fc:0
[70516468ms] [WARNING] The resource https://rr4---sn-a5mekndk.googlevideo.com/generate_204 was preloaded using link preload but not used within a few seconds from the window's load event. Please make sure it has an appropriate `as` value and it is preloaded intentionally. @ https://www.youtube.com/watch?v=PPNCe7nX3Fc:0
[70823008ms] [WARNING] The resource https://rr2---sn-9gv7dn7e.c.youtube.com/generate_204 was preloaded using link preload but not used within a few seconds from the window's load event. Please make sure it has an appropriate `as` value and it is preloaded intentionally. @ https://www.youtube.com/watch?v=PPNCe7nX3Fc:0
[70823008ms] [WARNING] The resource https://i.ytimg.com/generate_204 was preloaded using link preload but not used within a few seconds from the window's load event. Please make sure it has an appropriate `as` value and it is preloaded intentionally. @ https://www.youtube.com/watch?v=PPNCe7nX3Fc:0
[70823010ms] [WARNING] The resource https://rr4---sn-a5mekndk.googlevideo.com/generate_204 was preloaded using link preload but not used within a few seconds from the window's load event. Please make sure it has an appropriate `as` value and it is preloaded intentionally. @ https://www.youtube.com/watch?v=PPNCe7nX3Fc:0
[70947492ms] [WARNING] The resource https://rr2---sn-9gv7dn7e.c.youtube.com/generate_204 was preloaded using link preload but not used within a few seconds from the window's load event. Please make sure it has an appropriate `as` value and it is preloaded intentionally. @ https://www.youtube.com/watch?v=PPNCe7nX3Fc:0
[70947492ms] [WARNING] The resource https://i.ytimg.com/generate_204 was preloaded using link preload but not used within a few seconds from the window's load event. Please make sure it has an appropriate `as` value and it is preloaded intentionally. @ https://www.youtube.com/watch?v=PPNCe7nX3Fc:0
[70947492ms] [WARNING] The resource https://rr4---sn-a5mekndk.googlevideo.com/generate_204 was preloaded using link preload but not used within a few seconds from the window's load event. Please make sure it has an appropriate `as` value and it is preloaded intentionally. @ https://www.youtube.com/watch?v=PPNCe7nX3Fc:0
[71155715ms] [WARNING] The resource https://rr2---sn-9gv7dn7e.c.youtube.com/generate_204 was preloaded using link preload but not used within a few seconds from the window's load event. Please make sure it has an appropriate `as` value and it is preloaded intentionally. @ https://www.youtube.com/watch?v=PPNCe7nX3Fc:0
[71155716ms] [WARNING] The resource https://i.ytimg.com/generate_204 was preloaded using link preload but not used within a few seconds from the window's load event. Please make sure it has an appropriate `as` value and it is preloaded intentionally. @ https://www.youtube.com/watch?v=PPNCe7nX3Fc:0
[71155716ms] [WARNING] The resource https://rr4---sn-a5mekndk.googlevideo.com/generate_204 was preloaded using link preload but not used within a few seconds from the window's load event. Please make sure it has an appropriate `as` value and it is preloaded intentionally. @ https://www.youtube.com/watch?v=PPNCe7nX3Fc:0
[71488446ms] [WARNING] The resource https://rr2---sn-9gv7dn7e.c.youtube.com/generate_204 was preloaded using link preload but not used within a few seconds from the window's load event. Please make sure it has an appropriate `as` value and it is preloaded intentionally. @ https://www.youtube.com/watch?v=PPNCe7nX3Fc:0
[71488446ms] [WARNING] The resource https://i.ytimg.com/generate_204 was preloaded using link preload but not used within a few seconds from the window's load event. Please make sure it has an appropriate `as` value and it is preloaded intentionally. @ https://www.youtube.com/watch?v=PPNCe7nX3Fc:0
[71488446ms] [WARNING] The resource https://rr4---sn-a5mekndk.googlevideo.com/generate_204 was preloaded using link preload but not used within a few seconds from the window's load event. Please make sure it has an appropriate `as` value and it is preloaded intentionally. @ https://www.youtube.com/watch?v=PPNCe7nX3Fc:0
[71821214ms] [WARNING] The resource https://rr2---sn-9gv7dn7e.c.youtube.com/generate_204 was preloaded using link preload but not used within a few seconds from the window's load event. Please make sure it has an appropriate `as` value and it is preloaded intentionally. @ https://www.youtube.com/watch?v=PPNCe7nX3Fc:0
[71821214ms] [WARNING] The resource https://i.ytimg.com/generate_204 was preloaded using link preload but not used within a few seconds from the window's load event. Please make sure it has an appropriate `as` value and it is preloaded intentionally. @ https://www.youtube.com/watch?v=PPNCe7nX3Fc:0
[71821214ms] [WARNING] The resource https://rr4---sn-a5mekndk.googlevideo.com/generate_204 was preloaded using link preload but not used within a few seconds from the window's load event. Please make sure it has an appropriate `as` value and it is preloaded intentionally. @ https://www.youtube.com/watch?v=PPNCe7nX3Fc:0
[72153964ms] [WARNING] The resource https://rr2---sn-9gv7dn7e.c.youtube.com/generate_204 was preloaded using link preload but not used within a few seconds from the window's load event. Please make sure it has an appropriate `as` value and it is preloaded intentionally. @ https://www.youtube.com/watch?v=PPNCe7nX3Fc:0
[72153964ms] [WARNING] The resource https://i.ytimg.com/generate_204 was preloaded using link preload but not used within a few seconds from the window's load event. Please make sure it has an appropriate `as` value and it is preloaded intentionally. @ https://www.youtube.com/watch?v=PPNCe7nX3Fc:0
[72153964ms] [WARNING] The resource https://rr4---sn-a5mekndk.googlevideo.com/generate_204 was preloaded using link preload but not used within a few seconds from the window's load event. Please make sure it has an appropriate `as` value and it is preloaded intentionally. @ https://www.youtube.com/watch?v=PPNCe7nX3Fc:0
[72484113ms] [WARNING] The resource https://rr2---sn-9gv7dn7e.c.youtube.com/generate_204 was preloaded using link preload but not used within a few seconds from the window's load event. Please make sure it has an appropriate `as` value and it is preloaded intentionally. @ https://www.youtube.com/watch?v=PPNCe7nX3Fc:0
[72484113ms] [WARNING] The resource https://i.ytimg.com/generate_204 was preloaded using link preload but not used within a few seconds from the window's load event. Please make sure it has an appropriate `as` value and it is preloaded intentionally. @ https://www.youtube.com/watch?v=PPNCe7nX3Fc:0
[72484113ms] [WARNING] The resource https://rr4---sn-a5mekndk.googlevideo.com/generate_204 was preloaded using link preload but not used within a few seconds from the window's load event. Please make sure it has an appropriate `as` value and it is preloaded intentionally. @ https://www.youtube.com/watch?v=PPNCe7nX3Fc:0
[72747676ms] [WARNING] The resource https://rr2---sn-9gv7dn7e.c.youtube.com/generate_204 was preloaded using link preload but not used within a few seconds from the window's load event. Please make sure it has an appropriate `as` value and it is preloaded intentionally. @ https://www.youtube.com/watch?v=PPNCe7nX3Fc:0
[72747676ms] [WARNING] The resource https://i.ytimg.com/generate_204 was preloaded using link preload but not used within a few seconds from the window's load event. Please make sure it has an appropriate `as` value and it is preloaded intentionally. @ https://www.youtube.com/watch?v=PPNCe7nX3Fc:0
[72747676ms] [WARNING] The resource https://rr4---sn-a5mekndk.googlevideo.com/generate_204 was preloaded using link preload but not used within a few seconds from the window's load event. Please make sure it has an appropriate `as` value and it is preloaded intentionally. @ https://www.youtube.com/watch?v=PPNCe7nX3Fc:0
[72818393ms] [WARNING] The resource https://rr2---sn-9gv7dn7e.c.youtube.com/generate_204 was preloaded using link preload but not used within a few seconds from the window's load event. Please make sure it has an appropriate `as` value and it is preloaded intentionally. @ https://www.youtube.com/watch?v=PPNCe7nX3Fc:0
[72818393ms] [WARNING] The resource https://i.ytimg.com/generate_204 was preloaded using link preload but not used within a few seconds from the window's load event. Please make sure it has an appropriate `as` value and it is preloaded intentionally. @ https://www.youtube.com/watch?v=PPNCe7nX3Fc:0
[72818393ms] [WARNING] The resource https://rr4---sn-a5mekndk.googlevideo.com/generate_204 was preloaded using link preload but not used within a few seconds from the window's load event. Please make sure it has an appropriate `as` value and it is preloaded intentionally. @ https://www.youtube.com/watch?v=PPNCe7nX3Fc:0
[73121865ms] [WARNING] The resource https://rr2---sn-9gv7dn7e.c.youtube.com/generate_204 was preloaded using link preload but not used within a few seconds from the window's load event. Please make sure it has an appropriate `as` value and it is preloaded intentionally. @ https://www.youtube.com/watch?v=PPNCe7nX3Fc:0
[73121865ms] [WARNING] The resource https://i.ytimg.com/generate_204 was preloaded using link preload but not used within a few seconds from the window's load event. Please make sure it has an appropriate `as` value and it is preloaded intentionally. @ https://www.youtube.com/watch?v=PPNCe7nX3Fc:0
[73121865ms] [WARNING] The resource https://rr4---sn-a5mekndk.googlevideo.com/generate_204 was preloaded using link preload but not used within a few seconds from the window's load event. Please make sure it has an appropriate `as` value and it is preloaded intentionally. @ https://www.youtube.com/watch?v=PPNCe7nX3Fc:0
[73425114ms] [WARNING] The resource https://rr2---sn-9gv7dn7e.c.youtube.com/generate_204 was preloaded using link preload but not used within a few seconds from the window's load event. Please make sure it has an appropriate `as` value and it is preloaded intentionally. @ https://www.youtube.com/watch?v=PPNCe7nX3Fc:0
[73425115ms] [WARNING] The resource https://i.ytimg.com/generate_204 was preloaded using link preload but not used within a few seconds from the window's load event. Please make sure it has an appropriate `as` value and it is preloaded intentionally. @ https://www.youtube.com/watch?v=PPNCe7nX3Fc:0
[73425115ms] [WARNING] The resource https://rr4---sn-a5mekndk.googlevideo.com/generate_204 was preloaded using link preload but not used within a few seconds from the window's load event. Please make sure it has an appropriate `as` value and it is preloaded intentionally. @ https://www.youtube.com/watch?v=PPNCe7nX3Fc:0
[73733397ms] [WARNING] The resource https://rr2---sn-9gv7dn7e.c.youtube.com/generate_204 was preloaded using link preload but not used within a few seconds from the window's load event. Please make sure it has an appropriate `as` value and it is preloaded intentionally. @ https://www.youtube.com/watch?v=PPNCe7nX3Fc:0
[73733397ms] [WARNING] The resource https://i.ytimg.com/generate_204 was preloaded using link preload but not used within a few seconds from the window's load event. Please make sure it has an appropriate `as` value and it is preloaded intentionally. @ https://www.youtube.com/watch?v=PPNCe7nX3Fc:0
[73733397ms] [WARNING] The resource https://rr4---sn-a5mekndk.googlevideo.com/generate_204 was preloaded using link preload but not used within a few seconds from the window's load event. Please make sure it has an appropriate `as` value and it is preloaded intentionally. @ https://www.youtube.com/watch?v=PPNCe7nX3Fc:0
[74063477ms] [WARNING] The resource https://rr2---sn-9gv7dn7e.c.youtube.com/generate_204 was preloaded using link preload but not used within a few seconds from the window's load event. Please make sure it has an appropriate `as` value and it is preloaded intentionally. @ https://www.youtube.com/watch?v=PPNCe7nX3Fc:0
[74063477ms] [WARNING] The resource https://i.ytimg.com/generate_204 was preloaded using link preload but not used within a few seconds from the window's load event. Please make sure it has an appropriate `as` value and it is preloaded intentionally. @ https://www.youtube.com/watch?v=PPNCe7nX3Fc:0
[74063477ms] [WARNING] The resource https://rr4---sn-a5mekndk.googlevideo.com/generate_204 was preloaded using link preload but not used within a few seconds from the window's load event. Please make sure it has an appropriate `as` value and it is preloaded intentionally. @ https://www.youtube.com/watch?v=PPNCe7nX3Fc:0
[74369564ms] [WARNING] The resource https://rr2---sn-9gv7dn7e.c.youtube.com/generate_204 was preloaded using link preload but not used within a few seconds from the window's load event. Please make sure it has an appropriate `as` value and it is preloaded intentionally. @ https://www.youtube.com/watch?v=PPNCe7nX3Fc:0
[74369564ms] [WARNING] The resource https://i.ytimg.com/generate_204 was preloaded using link preload but not used within a few seconds from the window's load event. Please make sure it has an appropriate `as` value and it is preloaded intentionally. @ https://www.youtube.com/watch?v=PPNCe7nX3Fc:0
[74369564ms] [WARNING] The resource https://rr4---sn-a5mekndk.googlevideo.com/generate_204 was preloaded using link preload but not used within a few seconds from the window's load event. Please make sure it has an appropriate `as` value and it is preloaded intentionally. @ https://www.youtube.com/watch?v=PPNCe7nX3Fc:0
[74547871ms] [WARNING] The resource https://rr2---sn-9gv7dn7e.c.youtube.com/generate_204 was preloaded using link preload but not used within a few seconds from the window's load event. Please make sure it has an appropriate `as` value and it is preloaded intentionally. @ https://www.youtube.com/watch?v=PPNCe7nX3Fc:0
[74547871ms] [WARNING] The resource https://i.ytimg.com/generate_204 was preloaded using link preload but not used within a few seconds from the window's load event. Please make sure it has an appropriate `as` value and it is preloaded intentionally. @ https://www.youtube.com/watch?v=PPNCe7nX3Fc:0
[74547871ms] [WARNING] The resource https://rr4---sn-a5mekndk.googlevideo.com/generate_204 was preloaded using link preload but not used within a few seconds from the window's load event. Please make sure it has an appropriate `as` value and it is preloaded intentionally. @ https://www.youtube.com/watch?v=PPNCe7nX3Fc:0
[74674822ms] [WARNING] The resource https://rr2---sn-9gv7dn7e.c.youtube.com/generate_204 was preloaded using link preload but not used within a few seconds from the window's load event. Please make sure it has an appropriate `as` value and it is preloaded intentionally. @ https://www.youtube.com/watch?v=PPNCe7nX3Fc:0
[74674822ms] [WARNING] The resource https://i.ytimg.com/generate_204 was preloaded using link preload but not used within a few seconds from the window's load event. Please make sure it has an appropriate `as` value and it is preloaded intentionally. @ https://www.youtube.com/watch?v=PPNCe7nX3Fc:0
[74674822ms] [WARNING] The resource https://rr4---sn-a5mekndk.googlevideo.com/generate_204 was preloaded using link preload but not used within a few seconds from the window's load event. Please make sure it has an appropriate `as` value and it is preloaded intentionally. @ https://www.youtube.com/watch?v=PPNCe7nX3Fc:0
[74979703ms] [WARNING] The resource https://rr2---sn-9gv7dn7e.c.youtube.com/generate_204 was preloaded using link preload but not used within a few seconds from the window's load event. Please make sure it has an appropriate `as` value and it is preloaded intentionally. @ https://www.youtube.com/watch?v=PPNCe7nX3Fc:0
[74979703ms] [WARNING] The resource https://i.ytimg.com/generate_204 was preloaded using link preload but not used within a few seconds from the window's load event. Please make sure it has an appropriate `as` value and it is preloaded intentionally. @ https://www.youtube.com/watch?v=PPNCe7nX3Fc:0
[74979703ms] [WARNING] The resource https://rr4---sn-a5mekndk.googlevideo.com/generate_204 was preloaded using link preload but not used within a few seconds from the window's load event. Please make sure it has an appropriate `as` value and it is preloaded intentionally. @ https://www.youtube.com/watch?v=PPNCe7nX3Fc:0
[75286373ms] [WARNING] The resource https://rr2---sn-9gv7dn7e.c.youtube.com/generate_204 was preloaded using link preload but not used within a few seconds from the window's load event. Please make sure it has an appropriate `as` value and it is preloaded intentionally. @ https://www.youtube.com/watch?v=PPNCe7nX3Fc:0
[75286373ms] [WARNING] The resource https://i.ytimg.com/generate_204 was preloaded using link preload but not used within a few seconds from the window's load event. Please make sure it has an appropriate `as` value and it is preloaded intentionally. @ https://www.youtube.com/watch?v=PPNCe7nX3Fc:0
[75286374ms] [WARNING] The resource https://rr4---sn-a5mekndk.googlevideo.com/generate_204 was preloaded using link preload but not used within a few seconds from the window's load event. Please make sure it has an appropriate `as` value and it is preloaded intentionally. @ https://www.youtube.com/watch?v=PPNCe7nX3Fc:0
[75616332ms] [WARNING] The resource https://rr2---sn-9gv7dn7e.c.youtube.com/generate_204 was preloaded using link preload but not used within a few seconds from the window's load event. Please make sure it has an appropriate `as` value and it is preloaded intentionally. @ https://www.youtube.com/watch?v=PPNCe7nX3Fc:0
[75616332ms] [WARNING] The resource https://i.ytimg.com/generate_204 was preloaded using link preload but not used within a few seconds from the window's load event. Please make sure it has an appropriate `as` value and it is preloaded intentionally. @ https://www.youtube.com/watch?v=PPNCe7nX3Fc:0
[75616332ms] [WARNING] The resource https://rr4---sn-a5mekndk.googlevideo.com/generate_204 was preloaded using link preload but not used within a few seconds from the window's load event. Please make sure it has an appropriate `as` value and it is preloaded intentionally. @ https://www.youtube.com/watch?v=PPNCe7nX3Fc:0
[75920345ms] [WARNING] The resource https://rr2---sn-9gv7dn7e.c.youtube.com/generate_204 was preloaded using link preload but not used within a few seconds from the window's load event. Please make sure it has an appropriate `as` value and it is preloaded intentionally. @ https://www.youtube.com/watch?v=PPNCe7nX3Fc:0
[75920345ms] [WARNING] The resource https://i.ytimg.com/generate_204 was preloaded using link preload but not used within a few seconds from the window's load event. Please make sure it has an appropriate `as` value and it is preloaded intentionally. @ https://www.youtube.com/watch?v=PPNCe7nX3Fc:0
[75920345ms] [WARNING] The resource https://rr4---sn-a5mekndk.googlevideo.com/generate_204 was preloaded using link preload but not used within a few seconds from the window's load event. Please make sure it has an appropriate `as` value and it is preloaded intentionally. @ https://www.youtube.com/watch?v=PPNCe7nX3Fc:0
[76225128ms] [WARNING] The resource https://rr2---sn-9gv7dn7e.c.youtube.com/generate_204 was preloaded using link preload but not used within a few seconds from the window's load event. Please make sure it has an appropriate `as` value and it is preloaded intentionally. @ https://www.youtube.com/watch?v=PPNCe7nX3Fc:0
[76225128ms] [WARNING] The resource https://i.ytimg.com/generate_204 was preloaded using link preload but not used within a few seconds from the window's load event. Please make sure it has an appropriate `as` value and it is preloaded intentionally. @ https://www.youtube.com/watch?v=PPNCe7nX3Fc:0
[76225128ms] [WARNING] The resource https://rr4---sn-a5mekndk.googlevideo.com/generate_204 was preloaded using link preload but not used within a few seconds from the window's load event. Please make sure it has an appropriate `as` value and it is preloaded intentionally. @ https://www.youtube.com/watch?v=PPNCe7nX3Fc:0
[76348042ms] [WARNING] The resource https://rr2---sn-9gv7dn7e.c.youtube.com/generate_204 was preloaded using link preload but not used within a few seconds from the window's load event. Please make sure it has an appropriate `as` value and it is preloaded intentionally. @ https://www.youtube.com/watch?v=PPNCe7nX3Fc:0
[76348042ms] [WARNING] The resource https://i.ytimg.com/generate_204 was preloaded using link preload but not used within a few seconds from the window's load event. Please make sure it has an appropriate `as` value and it is preloaded intentionally. @ https://www.youtube.com/watch?v=PPNCe7nX3Fc:0
[76348042ms] [WARNING] The resource https://rr4---sn-a5mekndk.googlevideo.com/generate_204 was preloaded using link preload but not used within a few seconds from the window's load event. Please make sure it has an appropriate `as` value and it is preloaded intentionally. @ https://www.youtube.com/watch?v=PPNCe7nX3Fc:0
[76560569ms] [WARNING] The resource https://rr2---sn-9gv7dn7e.c.youtube.com/generate_204 was preloaded using link preload but not used within a few seconds from the window's load event. Please make sure it has an appropriate `as` value and it is preloaded intentionally. @ https://www.youtube.com/watch?v=PPNCe7nX3Fc:0
[76560569ms] [WARNING] The resource https://i.ytimg.com/generate_204 was preloaded using link preload but not used within a few seconds from the window's load event. Please make sure it has an appropriate `as` value and it is preloaded intentionally. @ https://www.youtube.com/watch?v=PPNCe7nX3Fc:0
[76560569ms] [WARNING] The resource https://rr4---sn-a5mekndk.googlevideo.com/generate_204 was preloaded using link preload but not used within a few seconds from the window's load event. Please make sure it has an appropriate `as` value and it is preloaded intentionally. @ https://www.youtube.com/watch?v=PPNCe7nX3Fc:0
[76865959ms] [WARNING] The resource https://rr2---sn-9gv7dn7e.c.youtube.com/generate_204 was preloaded using link preload but not used within a few seconds from the window's load event. Please make sure it has an appropriate `as` value and it is preloaded intentionally. @ https://www.youtube.com/watch?v=PPNCe7nX3Fc:0
[76865959ms] [WARNING] The resource https://i.ytimg.com/generate_204 was preloaded using link preload but not used within a few seconds from the window's load event. Please make sure it has an appropriate `as` value and it is preloaded intentionally. @ https://www.youtube.com/watch?v=PPNCe7nX3Fc:0
[76865959ms] [WARNING] The resource https://rr4---sn-a5mekndk.googlevideo.com/generate_204 was preloaded using link preload but not used within a few seconds from the window's load event. Please make sure it has an appropriate `as` value and it is preloaded intentionally. @ https://www.youtube.com/watch?v=PPNCe7nX3Fc:0
[77170013ms] [WARNING] The resource https://rr2---sn-9gv7dn7e.c.youtube.com/generate_204 was preloaded using link preload but not used within a few seconds from the window's load event. Please make sure it has an appropriate `as` value and it is preloaded intentionally. @ https://www.youtube.com/watch?v=PPNCe7nX3Fc:0
[77170014ms] [WARNING] The resource https://i.ytimg.com/generate_204 was preloaded using link preload but not used within a few seconds from the window's load event. Please make sure it has an appropriate `as` value and it is preloaded intentionally. @ https://www.youtube.com/watch?v=PPNCe7nX3Fc:0
[77170014ms] [WARNING] The resource https://rr4---sn-a5mekndk.googlevideo.com/generate_204 was preloaded using link preload but not used within a few seconds from the window's load event. Please make sure it has an appropriate `as` value and it is preloaded intentionally. @ https://www.youtube.com/watch?v=PPNCe7nX3Fc:0
[77475670ms] [WARNING] The resource https://rr2---sn-9gv7dn7e.c.youtube.com/generate_204 was preloaded using link preload but not used within a few seconds from the window's load event. Please make sure it has an appropriate `as` value and it is preloaded intentionally. @ https://www.youtube.com/watch?v=PPNCe7nX3Fc:0
[77475670ms] [WARNING] The resource https://i.ytimg.com/generate_204 was preloaded using link preload but not used within a few seconds from the window's load event. Please make sure it has an appropriate `as` value and it is preloaded intentionally. @ https://www.youtube.com/watch?v=PPNCe7nX3Fc:0
[77475670ms] [WARNING] The resource https://rr4---sn-a5mekndk.googlevideo.com/generate_204 was preloaded using link preload but not used within a few seconds from the window's load event. Please make sure it has an appropriate `as` value and it is preloaded intentionally. @ https://www.youtube.com/watch?v=PPNCe7nX3Fc:0
[77778039ms] [WARNING] The resource https://rr2---sn-9gv7dn7e.c.youtube.com/generate_204 was preloaded using link preload but not used within a few seconds from the window's load event. Please make sure it has an appropriate `as` value and it is preloaded intentionally. @ https://www.youtube.com/watch?v=PPNCe7nX3Fc:0
[77778039ms] [WARNING] The resource https://i.ytimg.com/generate_204 was preloaded using link preload but not used within a few seconds from the window's load event. Please make sure it has an appropriate `as` value and it is preloaded intentionally. @ https://www.youtube.com/watch?v=PPNCe7nX3Fc:0
[77778039ms] [WARNING] The resource https://rr4---sn-a5mekndk.googlevideo.com/generate_204 was preloaded using link preload but not used within a few seconds from the window's load event. Please make sure it has an appropriate `as` value and it is preloaded intentionally. @ https://www.youtube.com/watch?v=PPNCe7nX3Fc:0
[78109103ms] [WARNING] The resource https://rr2---sn-9gv7dn7e.c.youtube.com/generate_204 was preloaded using link preload but not used within a few seconds from the window's load event. Please make sure it has an appropriate `as` value and it is preloaded intentionally. @ https://www.youtube.com/watch?v=PPNCe7nX3Fc:0
[78109103ms] [WARNING] The resource https://i.ytimg.com/generate_204 was preloaded using link preload but not used within a few seconds from the window's load event. Please make sure it has an appropriate `as` value and it is preloaded intentionally. @ https://www.youtube.com/watch?v=PPNCe7nX3Fc:0
[78109103ms] [WARNING] The resource https://rr4---sn-a5mekndk.googlevideo.com/generate_204 was preloaded using link preload but not used within a few seconds from the window's load event. Please make sure it has an appropriate `as` value and it is preloaded intentionally. @ https://www.youtube.com/watch?v=PPNCe7nX3Fc:0
[78148221ms] [WARNING] The resource https://rr2---sn-9gv7dn7e.c.youtube.com/generate_204 was preloaded using link preload but not used within a few seconds from the window's load event. Please make sure it has an appropriate `as` value and it is preloaded intentionally. @ https://www.youtube.com/watch?v=PPNCe7nX3Fc:0
[78148221ms] [WARNING] The resource https://i.ytimg.com/generate_204 was preloaded using link preload but not used within a few seconds from the window's load event. Please make sure it has an appropriate `as` value and it is preloaded intentionally. @ https://www.youtube.com/watch?v=PPNCe7nX3Fc:0
[78148221ms] [WARNING] The resource https://rr4---sn-a5mekndk.googlevideo.com/generate_204 was preloaded using link preload but not used within a few seconds from the window's load event. Please make sure it has an appropriate `as` value and it is preloaded intentionally. @ https://www.youtube.com/watch?v=PPNCe7nX3Fc:0
[78412199ms] [WARNING] The resource https://rr2---sn-9gv7dn7e.c.youtube.com/generate_204 was preloaded using link preload but not used within a few seconds from the window's load event. Please make sure it has an appropriate `as` value and it is preloaded intentionally. @ https://www.youtube.com/watch?v=PPNCe7nX3Fc:0
[78412199ms] [WARNING] The resource https://i.ytimg.com/generate_204 was preloaded using link preload but not used within a few seconds from the window's load event. Please make sure it has an appropriate `as` value and it is preloaded intentionally. @ https://www.youtube.com/watch?v=PPNCe7nX3Fc:0
[78412199ms] [WARNING] The resource https://rr4---sn-a5mekndk.googlevideo.com/generate_204 was preloaded using link preload but not used within a few seconds from the window's load event. Please make sure it has an appropriate `as` value and it is preloaded intentionally. @ https://www.youtube.com/watch?v=PPNCe7nX3Fc:0
[78720773ms] [WARNING] The resource https://rr2---sn-9gv7dn7e.c.youtube.com/generate_204 was preloaded using link preload but not used within a few seconds from the window's load event. Please make sure it has an appropriate `as` value and it is preloaded intentionally. @ https://www.youtube.com/watch?v=PPNCe7nX3Fc:0
[78720773ms] [WARNING] The resource https://i.ytimg.com/generate_204 was preloaded using link preload but not used within a few seconds from the window's load event. Please make sure it has an appropriate `as` value and it is preloaded intentionally. @ https://www.youtube.com/watch?v=PPNCe7nX3Fc:0
[78720774ms] [WARNING] The resource https://rr4---sn-a5mekndk.googlevideo.com/generate_204 was preloaded using link preload but not used within a few seconds from the window's load event. Please make sure it has an appropriate `as` value and it is preloaded intentionally. @ https://www.youtube.com/watch?v=PPNCe7nX3Fc:0
[79053503ms] [WARNING] The resource https://rr2---sn-9gv7dn7e.c.youtube.com/generate_204 was preloaded using link preload but not used within a few seconds from the window's load event. Please make sure it has an appropriate `as` value and it is preloaded intentionally. @ https://www.youtube.com/watch?v=PPNCe7nX3Fc:0
[79053503ms] [WARNING] The resource https://i.ytimg.com/generate_204 was preloaded using link preload but not used within a few seconds from the window's load event. Please make sure it has an appropriate `as` value and it is preloaded intentionally. @ https://www.youtube.com/watch?v=PPNCe7nX3Fc:0
[79053503ms] [WARNING] The resource https://rr4---sn-a5mekndk.googlevideo.com/generate_204 was preloaded using link preload but not used within a few seconds from the window's load event. Please make sure it has an appropriate `as` value and it is preloaded intentionally. @ https://www.youtube.com/watch?v=PPNCe7nX3Fc:0
[79386291ms] [WARNING] The resource https://rr2---sn-9gv7dn7e.c.youtube.com/generate_204 was preloaded using link preload but not used within a few seconds from the window's load event. Please make sure it has an appropriate `as` value and it is preloaded intentionally. @ https://www.youtube.com/watch?v=PPNCe7nX3Fc:0
[79386291ms] [WARNING] The resource https://i.ytimg.com/generate_204 was preloaded using link preload but not used within a few seconds from the window's load event. Please make sure it has an appropriate `as` value and it is preloaded intentionally. @ https://www.youtube.com/watch?v=PPNCe7nX3Fc:0
[79386291ms] [WARNING] The resource https://rr4---sn-a5mekndk.googlevideo.com/generate_204 was preloaded using link preload but not used within a few seconds from the window's load event. Please make sure it has an appropriate `as` value and it is preloaded intentionally. @ https://www.youtube.com/watch?v=PPNCe7nX3Fc:0
[79719117ms] [WARNING] The resource https://rr2---sn-9gv7dn7e.c.youtube.com/generate_204 was preloaded using link preload but not used within a few seconds from the window's load event. Please make sure it has an appropriate `as` value and it is preloaded intentionally. @ https://www.youtube.com/watch?v=PPNCe7nX3Fc:0
[79719117ms] [WARNING] The resource https://i.ytimg.com/generate_204 was preloaded using link preload but not used within a few seconds from the window's load event. Please make sure it has an appropriate `as` value and it is preloaded intentionally. @ https://www.youtube.com/watch?v=PPNCe7nX3Fc:0
[79719117ms] [WARNING] The resource https://rr4---sn-a5mekndk.googlevideo.com/generate_204 was preloaded using link preload but not used within a few seconds from the window's load event. Please make sure it has an appropriate `as` value and it is preloaded intentionally. @ https://www.youtube.com/watch?v=PPNCe7nX3Fc:0
[79948417ms] [WARNING] The resource https://rr2---sn-9gv7dn7e.c.youtube.com/generate_204 was preloaded using link preload but not used within a few seconds from the window's load event. Please make sure it has an appropriate `as` value and it is preloaded intentionally. @ https://www.youtube.com/watch?v=PPNCe7nX3Fc:0
[79948417ms] [WARNING] The resource https://i.ytimg.com/generate_204 was preloaded using link preload but not used within a few seconds from the window's load event. Please make sure it has an appropriate `as` value and it is preloaded intentionally. @ https://www.youtube.com/watch?v=PPNCe7nX3Fc:0
[79948417ms] [WARNING] The resource https://rr4---sn-a5mekndk.googlevideo.com/generate_204 was preloaded using link preload but not used within a few seconds from the window's load event. Please make sure it has an appropriate `as` value and it is preloaded intentionally. @ https://www.youtube.com/watch?v=PPNCe7nX3Fc:0
[80051900ms] [WARNING] The resource https://rr2---sn-9gv7dn7e.c.youtube.com/generate_204 was preloaded using link preload but not used within a few seconds from the window's load event. Please make sure it has an appropriate `as` value and it is preloaded intentionally. @ https://www.youtube.com/watch?v=PPNCe7nX3Fc:0
[80051901ms] [WARNING] The resource https://i.ytimg.com/generate_204 was preloaded using link preload but not used within a few seconds from the window's load event. Please make sure it has an appropriate `as` value and it is preloaded intentionally. @ https://www.youtube.com/watch?v=PPNCe7nX3Fc:0
[80051901ms] [WARNING] The resource https://rr4---sn-a5mekndk.googlevideo.com/generate_204 was preloaded using link preload but not used within a few seconds from the window's load event. Please make sure it has an appropriate `as` value and it is preloaded intentionally. @ https://www.youtube.com/watch?v=PPNCe7nX3Fc:0
[80383183ms] [WARNING] The resource https://rr2---sn-9gv7dn7e.c.youtube.com/generate_204 was preloaded using link preload but not used within a few seconds from the window's load event. Please make sure it has an appropriate `as` value and it is preloaded intentionally. @ https://www.youtube.com/watch?v=PPNCe7nX3Fc:0
[80383183ms] [WARNING] The resource https://i.ytimg.com/generate_204 was preloaded using link preload but not used within a few seconds from the window's load event. Please make sure it has an appropriate `as` value and it is preloaded intentionally. @ https://www.youtube.com/watch?v=PPNCe7nX3Fc:0
[80383183ms] [WARNING] The resource https://rr4---sn-a5mekndk.googlevideo.com/generate_204 was preloaded using link preload but not used within a few seconds from the window's load event. Please make sure it has an appropriate `as` value and it is preloaded intentionally. @ https://www.youtube.com/watch?v=PPNCe7nX3Fc:0
[80688067ms] [WARNING] The resource https://rr2---sn-9gv7dn7e.c.youtube.com/generate_204 was preloaded using link preload but not used within a few seconds from the window's load event. Please make sure it has an appropriate `as` value and it is preloaded intentionally. @ https://www.youtube.com/watch?v=PPNCe7nX3Fc:0
[80688067ms] [WARNING] The resource https://i.ytimg.com/generate_204 was preloaded using link preload but not used within a few seconds from the window's load event. Please make sure it has an appropriate `as` value and it is preloaded intentionally. @ https://www.youtube.com/watch?v=PPNCe7nX3Fc:0
[80688067ms] [WARNING] The resource https://rr4---sn-a5mekndk.googlevideo.com/generate_204 was preloaded using link preload but not used within a few seconds from the window's load event. Please make sure it has an appropriate `as` value and it is preloaded intentionally. @ https://www.youtube.com/watch?v=PPNCe7nX3Fc:0
[80992260ms] [WARNING] The resource https://rr2---sn-9gv7dn7e.c.youtube.com/generate_204 was preloaded using link preload but not used within a few seconds from the window's load event. Please make sure it has an appropriate `as` value and it is preloaded intentionally. @ https://www.youtube.com/watch?v=PPNCe7nX3Fc:0
[80992260ms] [WARNING] The resource https://i.ytimg.com/generate_204 was preloaded using link preload but not used within a few seconds from the window's load event. Please make sure it has an appropriate `as` value and it is preloaded intentionally. @ https://www.youtube.com/watch?v=PPNCe7nX3Fc:0
[80992260ms] [WARNING] The resource https://rr4---sn-a5mekndk.googlevideo.com/generate_204 was preloaded using link preload but not used within a few seconds from the window's load event. Please make sure it has an appropriate `as` value and it is preloaded intentionally. @ https://www.youtube.com/watch?v=PPNCe7nX3Fc:0
[81296399ms] [WARNING] The resource https://rr2---sn-9gv7dn7e.c.youtube.com/generate_204 was preloaded using link preload but not used within a few seconds from the window's load event. Please make sure it has an appropriate `as` value and it is preloaded intentionally. @ https://www.youtube.com/watch?v=PPNCe7nX3Fc:0
[81296399ms] [WARNING] The resource https://i.ytimg.com/generate_204 was preloaded using link preload but not used within a few seconds from the window's load event. Please make sure it has an appropriate `as` value and it is preloaded intentionally. @ https://www.youtube.com/watch?v=PPNCe7nX3Fc:0
[81296399ms] [WARNING] The resource https://rr4---sn-a5mekndk.googlevideo.com/generate_204 was preloaded using link preload but not used within a few seconds from the window's load event. Please make sure it has an appropriate `as` value and it is preloaded intentionally. @ https://www.youtube.com/watch?v=PPNCe7nX3Fc:0
[81599742ms] [WARNING] The resource https://rr2---sn-9gv7dn7e.c.youtube.com/generate_204 was preloaded using link preload but not used within a few seconds from the window's load event. Please make sure it has an appropriate `as` value and it is preloaded intentionally. @ https://www.youtube.com/watch?v=PPNCe7nX3Fc:0
[81599742ms] [WARNING] The resource https://i.ytimg.com/generate_204 was preloaded using link preload but not used within a few seconds from the window's load event. Please make sure it has an appropriate `as` value and it is preloaded intentionally. @ https://www.youtube.com/watch?v=PPNCe7nX3Fc:0
[81599742ms] [WARNING] The resource https://rr4---sn-a5mekndk.googlevideo.com/generate_204 was preloaded using link preload but not used within a few seconds from the window's load event. Please make sure it has an appropriate `as` value and it is preloaded intentionally. @ https://www.youtube.com/watch?v=PPNCe7nX3Fc:0
[81748556ms] [WARNING] The resource https://rr2---sn-9gv7dn7e.c.youtube.com/generate_204 was preloaded using link preload but not used within a few seconds from the window's load event. Please make sure it has an appropriate `as` value and it is preloaded intentionally. @ https://www.youtube.com/watch?v=PPNCe7nX3Fc:0
[81748556ms] [WARNING] The resource https://i.ytimg.com/generate_204 was preloaded using link preload but not used within a few seconds from the window's load event. Please make sure it has an appropriate `as` value and it is preloaded intentionally. @ https://www.youtube.com/watch?v=PPNCe7nX3Fc:0
[81748556ms] [WARNING] The resource https://rr4---sn-a5mekndk.googlevideo.com/generate_204 was preloaded using link preload but not used within a few seconds from the window's load event. Please make sure it has an appropriate `as` value and it is preloaded intentionally. @ https://www.youtube.com/watch?v=PPNCe7nX3Fc:0
[81902853ms] [WARNING] The resource https://rr2---sn-9gv7dn7e.c.youtube.com/generate_204 was preloaded using link preload but not used within a few seconds from the window's load event. Please make sure it has an appropriate `as` value and it is preloaded intentionally. @ https://www.youtube.com/watch?v=PPNCe7nX3Fc:0
[81902853ms] [WARNING] The resource https://i.ytimg.com/generate_204 was preloaded using link preload but not used within a few seconds from the window's load event. Please make sure it has an appropriate `as` value and it is preloaded intentionally. @ https://www.youtube.com/watch?v=PPNCe7nX3Fc:0
[81902853ms] [WARNING] The resource https://rr4---sn-a5mekndk.googlevideo.com/generate_204 was preloaded using link preload but not used within a few seconds from the window's load event. Please make sure it has an appropriate `as` value and it is preloaded intentionally. @ https://www.youtube.com/watch?v=PPNCe7nX3Fc:0
[82209077ms] [WARNING] The resource https://rr2---sn-9gv7dn7e.c.youtube.com/generate_204 was preloaded using link preload but not used within a few seconds from the window's load event. Please make sure it has an appropriate `as` value and it is preloaded intentionally. @ https://www.youtube.com/watch?v=PPNCe7nX3Fc:0
[82209078ms] [WARNING] The resource https://i.ytimg.com/generate_204 was preloaded using link preload but not used within a few seconds from the window's load event. Please make sure it has an appropriate `as` value and it is preloaded intentionally. @ https://www.youtube.com/watch?v=PPNCe7nX3Fc:0
[82209078ms] [WARNING] The resource https://rr4---sn-a5mekndk.googlevideo.com/generate_204 was preloaded using link preload but not used within a few seconds from the window's load event. Please make sure it has an appropriate `as` value and it is preloaded intentionally. @ https://www.youtube.com/watch?v=PPNCe7nX3Fc:0
[82516768ms] [WARNING] The resource https://rr2---sn-9gv7dn7e.c.youtube.com/generate_204 was preloaded using link preload but not used within a few seconds from the window's load event. Please make sure it has an appropriate `as` value and it is preloaded intentionally. @ https://www.youtube.com/watch?v=PPNCe7nX3Fc:0
[82516769ms] [WARNING] The resource https://i.ytimg.com/generate_204 was preloaded using link preload but not used within a few seconds from the window's load event. Please make sure it has an appropriate `as` value and it is preloaded intentionally. @ https://www.youtube.com/watch?v=PPNCe7nX3Fc:0
[82516769ms] [WARNING] The resource https://rr4---sn-a5mekndk.googlevideo.com/generate_204 was preloaded using link preload but not used within a few seconds from the window's load event. Please make sure it has an appropriate `as` value and it is preloaded intentionally. @ https://www.youtube.com/watch?v=PPNCe7nX3Fc:0
[82846778ms] [WARNING] The resource https://rr2---sn-9gv7dn7e.c.youtube.com/generate_204 was preloaded using link preload but not used within a few seconds from the window's load event. Please make sure it has an appropriate `as` value and it is preloaded intentionally. @ https://www.youtube.com/watch?v=PPNCe7nX3Fc:0
[82846778ms] [WARNING] The resource https://i.ytimg.com/generate_204 was preloaded using link preload but not used within a few seconds from the window's load event. Please make sure it has an appropriate `as` value and it is preloaded intentionally. @ https://www.youtube.com/watch?v=PPNCe7nX3Fc:0
[82846778ms] [WARNING] The resource https://rr4---sn-a5mekndk.googlevideo.com/generate_204 was preloaded using link preload but not used within a few seconds from the window's load event. Please make sure it has an appropriate `as` value and it is preloaded intentionally. @ https://www.youtube.com/watch?v=PPNCe7nX3Fc:0
[83153468ms] [WARNING] The resource https://rr2---sn-9gv7dn7e.c.youtube.com/generate_204 was preloaded using link preload but not used within a few seconds from the window's load event. Please make sure it has an appropriate `as` value and it is preloaded intentionally. @ https://www.youtube.com/watch?v=PPNCe7nX3Fc:0
[83153468ms] [WARNING] The resource https://i.ytimg.com/generate_204 was preloaded using link preload but not used within a few seconds from the window's load event. Please make sure it has an appropriate `as` value and it is preloaded intentionally. @ https://www.youtube.com/watch?v=PPNCe7nX3Fc:0
[83153468ms] [WARNING] The resource https://rr4---sn-a5mekndk.googlevideo.com/generate_204 was preloaded using link preload but not used within a few seconds from the window's load event. Please make sure it has an appropriate `as` value and it is preloaded intentionally. @ https://www.youtube.com/watch?v=PPNCe7nX3Fc:0
[83484338ms] [WARNING] The resource https://rr2---sn-9gv7dn7e.c.youtube.com/generate_204 was preloaded using link preload but not used within a few seconds from the window's load event. Please make sure it has an appropriate `as` value and it is preloaded intentionally. @ https://www.youtube.com/watch?v=PPNCe7nX3Fc:0
[83484338ms] [WARNING] The resource https://i.ytimg.com/generate_204 was preloaded using link preload but not used within a few seconds from the window's load event. Please make sure it has an appropriate `as` value and it is preloaded intentionally. @ https://www.youtube.com/watch?v=PPNCe7nX3Fc:0
[83484338ms] [WARNING] The resource https://rr4---sn-a5mekndk.googlevideo.com/generate_204 was preloaded using link preload but not used within a few seconds from the window's load event. Please make sure it has an appropriate `as` value and it is preloaded intentionally. @ https://www.youtube.com/watch?v=PPNCe7nX3Fc:0
